FIPS,State,County,pct_bachelors_or_higher,poverty_rate,rucc_code,median_household_income,median_home_value,median_gross_rent,price_to_income_ratio,rent_burden_pct,is_metro
01001,AL,Autauga,28.28267962,11.7,2.0,70148.0,191800.0,1199.0,2.73,20.5,True
01003,AL,Baldwin,32.79763704,10.0,3.0,71704.0,266000.0,1160.0,3.71,19.4,True
01005,AL,Barbour,11.46471523,25.5,6.0,41151.0,102700.0,627.0,2.5,18.3,False
01007,AL,Bibb,11.46820664,19.4,1.0,54309.0,120100.0,765.0,2.21,16.9,True
01009,AL,Blount,15.57902954,12.8,1.0,60553.0,159800.0,734.0,2.64,14.5,True
01011,AL,Bullock,8.999728924,33.6,8.0,35798.0,87700.0,619.0,2.45,20.7,False
01013,AL,Butler,13.76481313,23.6,6.0,41852.0,94800.0,720.0,2.27,20.6,False
01015,AL,Calhoun,20.54510537,20.1,3.0,52772.0,140500.0,806.0,2.66,18.3,True
01017,AL,Chambers,14.58503512,17.1,6.0,45563.0,116900.0,842.0,2.57,22.2,False
01019,AL,Cherokee,15.94503914,15.6,8.0,52613.0,158700.0,700.0,3.02,16.0,False
01021,AL,Chilton,15.24701597,15.3,1.0,61823.0,136000.0,814.0,2.2,15.8,True
01023,AL,Choctaw,13.91420316,24.8,9.0,44458.0,101600.0,616.0,2.29,16.6,False
01025,AL,Clarke,15.42653138,19.0,9.0,44906.0,126200.0,723.0,2.81,19.3,False
01027,AL,Clay,15.23540306,16.9,9.0,49599.0,144100.0,576.0,2.91,13.9,False
01029,AL,Cleburne,18.21195102,15.8,8.0,49248.0,131900.0,782.0,2.68,19.1,False
01031,AL,Coffee,21.52883156,16.5,4.0,62429.0,162200.0,921.0,2.6,17.7,False
01033,AL,Colbert,20.27185319,15.4,3.0,54593.0,148500.0,810.0,2.72,17.8,True
01035,AL,Conecuh,13.12907592,26.5,9.0,36106.0,98800.0,718.0,2.74,23.9,False
01037,AL,Coosa,14.87082546,18.2,8.0,49485.0,109500.0,632.0,2.21,15.3,False
01039,AL,Covington,17.17751994,16.7,6.0,46958.0,124300.0,701.0,2.65,17.9,False
01041,AL,Crenshaw,16.80579965,19.5,8.0,49161.0,100400.0,595.0,2.04,14.5,False
01043,AL,Cullman,19.08653846,15.5,4.0,61774.0,166000.0,848.0,2.69,16.5,False
01045,AL,Dale,19.32785528,16.6,4.0,50567.0,123800.0,829.0,2.45,19.7,False
01047,AL,Dallas,17.00709609,31.4,4.0,35258.0,91600.0,726.0,2.6,24.7,False
01049,AL,DeKalb,13.88040607,21.6,6.0,50037.0,129000.0,684.0,2.58,16.4,False
01051,AL,Elmore,24.39434072,12.5,2.0,71463.0,200400.0,982.0,2.8,16.5,True
01053,AL,Escambia,12.49068591,21.3,6.0,47792.0,122000.0,659.0,2.55,16.5,False
01055,AL,Etowah,17.47691884,19.6,3.0,55487.0,148400.0,779.0,2.67,16.8,True
01057,AL,Fayette,15.59714795,16.2,8.0,49205.0,112700.0,600.0,2.29,14.6,False
01059,AL,Franklin,14.88939308,22.5,6.0,49611.0,121600.0,596.0,2.45,14.4,False
01061,AL,Geneva,13.3164637,19.2,3.0,51585.0,120700.0,696.0,2.34,16.2,True
01063,AL,Greene,12.47629882,31.0,2.0,35449.0,88800.0,682.0,2.51,23.1,True
01065,AL,Hale,16.77367576,23.0,2.0,44702.0,109400.0,668.0,2.45,17.9,True
01067,AL,Henry,21.67898129,16.4,3.0,56702.0,132400.0,678.0,2.34,14.3,True
01069,AL,Houston,22.7681568,16.5,3.0,56842.0,164900.0,858.0,2.9,18.1,True
01071,AL,Jackson,15.55027712,16.0,6.0,51965.0,126900.0,702.0,2.44,16.2,False
01073,AL,Jefferson,35.93676101,16.0,1.0,61996.0,208900.0,1086.0,3.37,21.0,True
01075,AL,Lamar,11.5916955,16.4,8.0,51523.0,108200.0,495.0,2.1,11.5,False
01077,AL,Lauderdale,27.08413547,13.6,3.0,59023.0,174800.0,773.0,2.96,15.7,True
01079,AL,Lawrence,15.6201882,14.2,3.0,55516.0,134200.0,692.0,2.42,15.0,True
01081,AL,Lee,41.33333333,17.9,3.0,59637.0,224400.0,953.0,3.76,19.2,True
01083,AL,Limestone,30.3913009,8.6,2.0,83159.0,229400.0,861.0,2.76,12.4,True
01085,AL,Lowndes,13.87341049,29.4,2.0,42268.0,83400.0,760.0,1.97,21.6,True
01087,AL,Macon,20.73578595,28.8,3.0,36601.0,93900.0,688.0,2.57,22.6,True
01089,AL,Madison,45.69029091,10.5,2.0,80426.0,242900.0,1043.0,3.02,15.6,True
01091,AL,Marengo,20.41447572,23.5,6.0,45587.0,98600.0,702.0,2.16,18.5,False
01093,AL,Marion,12.83187973,19.0,9.0,47742.0,104300.0,581.0,2.18,14.6,False
01095,AL,Marshall,21.32640991,16.5,4.0,53388.0,165600.0,746.0,3.1,16.8,False
01097,AL,Mobile,25.15022409,16.3,2.0,54315.0,164600.0,973.0,3.03,21.5,True
01099,AL,Monroe,11.357915,19.1,8.0,47498.0,109300.0,692.0,2.3,17.5,False
01101,AL,Montgomery,34.27402754,18.3,2.0,56862.0,151300.0,1028.0,2.66,21.7,True
01103,AL,Morgan,23.24045456,12.0,3.0,62260.0,174800.0,791.0,2.81,15.2,True
01105,AL,Perry,16.84897333,33.8,8.0,33585.0,81700.0,560.0,2.43,20.0,False
01107,AL,Pickens,13.7452248,21.5,2.0,45440.0,119800.0,578.0,2.64,15.3,True
01109,AL,Pike,27.3150062,23.8,6.0,45144.0,144500.0,750.0,3.2,19.9,False
01111,AL,Randolph,20.51625239,15.9,8.0,49433.0,155000.0,704.0,3.14,17.1,False
01113,AL,Russell,16.8519953,18.9,2.0,45074.0,141900.0,908.0,3.15,24.2,True
01115,AL,St. Clair,19.94308097,10.8,1.0,70361.0,202000.0,1044.0,2.87,17.8,True
01117,AL,Shelby,46.19852639,8.4,1.0,98263.0,276500.0,1272.0,2.81,15.5,True
01119,AL,Sumter,19.02822637,33.5,8.0,35152.0,88000.0,770.0,2.5,26.3,False
01121,AL,Talladega,16.82385049,17.0,4.0,55186.0,131900.0,750.0,2.39,16.3,False
01123,AL,Tallapoosa,18.72500588,15.1,6.0,55270.0,127100.0,701.0,2.3,15.2,False
01125,AL,Tuscaloosa,31.377681,19.2,2.0,60875.0,218800.0,974.0,3.59,19.2,True
01127,AL,Walker,16.00240604,17.5,1.0,51065.0,124100.0,698.0,2.43,16.4,True
01129,AL,Washington,16.20413485,18.7,8.0,53785.0,138100.0,698.0,2.57,15.6,False
01131,AL,Wilcox,12.33588227,32.7,9.0,33682.0,83200.0,787.0,2.47,28.0,False
01133,AL,Winston,13.37202486,16.6,8.0,51149.0,111600.0,680.0,2.18,16.0,False
02013,AK,Aleutians East,18.14345992,18.0,9.0,85852.0,164100.0,1035.0,1.91,14.5,False
02016,AK,Aleutians West,17.52104055,10.0,9.0,112218.0,377100.0,1672.0,3.36,17.9,False
02020,AK,Anchorage,37.67890075,8.9,2.0,99162.0,363800.0,1405.0,3.67,17.0,True
02050,AK,Bethel,10.39190649,29.3,7.0,59011.0,120600.0,1408.0,2.04,28.6,False
02060,AK,Bristol Bay,25.14367816,11.7,9.0,96382.0,253400.0,1183.0,2.63,14.7,False
02068,AK,Denali,23.63199038,7.8,9.0,90897.0,227000.0,863.0,2.5,11.4,False
02070,AK,Dillingham,19.35033182,23.4,9.0,69716.0,167700.0,1106.0,2.41,19.0,False
02090,AK,Fairbanks North Star,33.70856275,7.6,3.0,84166.0,276800.0,1360.0,3.29,19.4,True
02100,AK,Haines,36.93864643,10.0,9.0,70610.0,289200.0,889.0,4.1,15.1,False
02105,AK,Hoonah-Angoon,23.29545455,17.2,9.0,64181.0,243800.0,996.0,3.8,18.6,False
02110,AK,Juneau,40.45768189,9.1,5.0,102097.0,404600.0,1464.0,3.96,17.2,False
02122,AK,Kenai Peninsula,29.39084142,11.5,7.0,76254.0,280900.0,1126.0,3.68,17.7,False
02130,AK,Ketchikan Gateway,26.97045568,9.3,7.0,82648.0,361000.0,1275.0,4.37,18.5,False
02150,AK,Kodiak Island,28.60690634,8.5,7.0,83222.0,355000.0,1646.0,4.27,23.7,False
02164,AK,Lake and Peninsula,18.40490798,20.4,9.0,63038.0,167000.0,933.0,2.65,17.8,False
02170,AK,Matanuska-Susitna,24.28031961,9.7,2.0,86313.0,296900.0,1242.0,3.44,17.3,True
02180,AK,Nome,17.45087435,20.7,9.0,64480.0,181300.0,1349.0,2.81,25.1,False
02185,AK,North Slope,14.92741715,12.0,9.0,95795.0,193800.0,1231.0,2.02,15.4,False
02188,AK,Northwest Arctic,12.38981391,19.1,9.0,69234.0,147200.0,1386.0,2.13,24.0,False
02195,AK,Petersburg,27.45336577,8.4,9.0,76641.0,279800.0,1074.0,3.65,16.8,False
02198,AK,Prince of Wales-Hyder,16.98389458,15.7,9.0,58381.0,220800.0,883.0,3.78,18.1,False
02220,AK,Sitka,34.37141452,9.3,7.0,90345.0,424700.0,1309.0,4.7,17.4,False
02230,AK,Skagway,27.74566474,5.9,9.0,73603.0,434300.0,1044.0,5.9,17.0,False
02240,AK,Southeast Fairbanks,19.57637997,12.2,9.0,74732.0,222200.0,1190.0,2.97,19.1,False
02275,AK,Wrangell,18.87788779,11.7,9.0,67761.0,273800.0,966.0,4.04,17.1,False
02282,AK,Yakutat,14.8241206,15.3,9.0,78552.0,152100.0,1304.0,1.94,19.9,False
02290,AK,Yukon-Koyukuk,12.79103191,21.9,8.0,47798.0,86600.0,906.0,1.81,22.7,False
04001,AZ,Apache,15.26852353,29.6,8.0,40632.0,62400.0,635.0,1.54,18.8,False
04003,AZ,Cochise,27.65771519,16.3,3.0,55254.0,183000.0,893.0,3.31,19.4,True
04005,AZ,Coconino,39.61938901,17.8,3.0,64016.0,379400.0,1353.0,5.93,25.4,True
04007,AZ,Gila,18.847189,17.7,4.0,51928.0,222500.0,966.0,4.28,22.3,False
04009,AZ,Graham,14.5913219,17.3,7.0,63797.0,178300.0,856.0,2.79,16.1,False
04011,AZ,Greenlee,20.4145937,9.7,9.0,76338.0,93900.0,532.0,1.23,8.4,False
04012,AZ,La Paz,13.85510312,18.7,6.0,53925.0,117500.0,691.0,2.18,15.4,False
04013,AZ,Maricopa,35.8580058,11.1,1.0,83668.0,371400.0,1437.0,4.44,20.6,True
04015,AZ,Mohave,14.88545564,16.8,3.0,54842.0,233700.0,976.0,4.26,21.4,True
04017,AZ,Navajo,17.63149466,24.7,4.0,49948.0,165600.0,800.0,3.32,19.2,False
04019,AZ,Pima,35.87062743,14.0,1.0,64007.0,258300.0,1071.0,4.04,20.1,True
04021,AZ,Pinal,22.15021581,11.8,1.0,76232.0,268900.0,1317.0,3.53,20.7,True
04023,AZ,Santa Cruz,24.06951855,20.1,6.0,53467.0,196700.0,741.0,3.68,16.6,False
04025,AZ,Yavapai,29.60225254,12.8,3.0,64187.0,354300.0,1128.0,5.52,21.1,True
04027,AZ,Yuma,16.67198836,15.9,3.0,54209.0,173500.0,950.0,3.2,21.0,True
05001,AR,Arkansas,15.32646048,16.8,6.0,52145.0,125900.0,749.0,2.41,17.2,False
05003,AR,Ashley,12.17811159,18.4,7.0,47253.0,86600.0,610.0,1.83,15.5,False
05005,AR,Baxter,18.74863949,16.0,7.0,48573.0,155600.0,810.0,3.2,20.0,False
05007,AR,Benton,36.60753299,7.8,2.0,86374.0,254000.0,1113.0,2.94,15.5,True
05009,AR,Boone,16.31032146,14.9,7.0,53025.0,158100.0,687.0,2.98,15.5,False
05011,AR,Bradley,15.76745528,23.2,7.0,44982.0,87900.0,636.0,1.95,17.0,False
05013,AR,Calhoun,18.10395747,14.3,9.0,52535.0,82700.0,808.0,1.57,18.5,False
05015,AR,Carroll,21.11782923,14.8,6.0,50433.0,169700.0,751.0,3.36,17.9,False
05017,AR,Chicot,17.22803497,29.7,9.0,38217.0,88100.0,536.0,2.31,16.8,False
05019,AR,Clark,25.49082976,18.9,7.0,50519.0,143300.0,690.0,2.84,16.4,False
05021,AR,Clay,15.62134788,17.5,9.0,46855.0,85800.0,639.0,1.83,16.4,False
05023,AR,Cleburne,18.26979629,13.5,6.0,52662.0,162200.0,844.0,3.08,19.2,False
05025,AR,Cleveland,16.2479062,15.7,8.0,55533.0,109200.0,673.0,1.97,14.5,False
05027,AR,Columbia,20.38193951,23.3,7.0,47278.0,123200.0,690.0,2.61,17.5,False
05029,AR,Conway,18.16560335,17.1,6.0,52405.0,129600.0,698.0,2.47,16.0,False
05031,AR,Craighead,27.76662204,16.1,3.0,60580.0,182600.0,870.0,3.01,17.2,True
05033,AR,Crawford,19.30261218,13.3,3.0,54741.0,154900.0,789.0,2.83,17.3,True
05035,AR,Crittenden,17.19515,20.6,1.0,49644.0,147300.0,831.0,2.97,20.1,True
05037,AR,Cross,14.83420593,19.1,6.0,48299.0,97500.0,815.0,2.02,20.2,False
05039,AR,Dallas,11.13285497,19.6,8.0,44476.0,94300.0,563.0,2.12,15.2,False
05041,AR,Desha,13.03478609,25.0,9.0,41251.0,88300.0,628.0,2.14,18.3,False
05043,AR,Drew,23.33150985,20.6,7.0,48635.0,123900.0,708.0,2.55,17.5,False
05045,AR,Faulkner,33.19694073,12.9,2.0,63429.0,195800.0,931.0,3.09,17.6,True
05047,AR,Franklin,13.16137566,19.0,8.0,48248.0,117500.0,684.0,2.44,17.0,False
05049,AR,Fulton,15.72130415,17.5,9.0,42588.0,100000.0,649.0,2.35,18.3,False
05051,AR,Garland,26.24650321,18.9,3.0,53239.0,166600.0,913.0,3.13,20.6,True
05053,AR,Grant,20.93059813,11.1,2.0,63512.0,141400.0,802.0,2.23,15.2,True
05055,AR,Greene,16.48897,16.2,4.0,54475.0,157400.0,808.0,2.89,17.8,False
05057,AR,Hempstead,14.59561602,16.6,6.0,46423.0,104700.0,764.0,2.26,19.7,False
05059,AR,Hot Spring,15.78442814,16.9,6.0,50654.0,119600.0,713.0,2.36,16.9,False
05061,AR,Howard,16.67855445,17.8,8.0,46449.0,125300.0,732.0,2.7,18.9,False
05063,AR,Independence,16.87103261,13.5,7.0,57611.0,111300.0,774.0,1.93,16.1,False
05065,AR,Izard,18.71016836,20.3,9.0,43920.0,110600.0,616.0,2.52,16.8,False
05067,AR,Jackson,13.2559305,24.6,6.0,43579.0,85700.0,650.0,1.97,17.9,False
05069,AR,Jefferson,20.64117111,24.3,4.0,45894.0,105300.0,820.0,2.29,21.4,False
05071,AR,Johnson,18.07736721,17.1,7.0,46660.0,119800.0,710.0,2.57,18.3,False
05073,AR,Lafayette,9.210233593,22.8,8.0,42437.0,70900.0,659.0,1.67,18.6,False
05075,AR,Lawrence,14.03733529,18.3,6.0,47312.0,84300.0,690.0,1.78,17.5,False
05077,AR,Lee,6.865177833,38.7,8.0,35213.0,80600.0,641.0,2.29,21.8,False
05079,AR,Lincoln,10.87644118,26.2,9.0,48311.0,112500.0,595.0,2.33,14.8,False
05081,AR,Little River,17.44117299,17.7,3.0,48883.0,108200.0,683.0,2.21,16.8,True
05083,AR,Logan,15.54898093,16.6,8.0,48510.0,121600.0,693.0,2.51,17.1,False
05085,AR,Lonoke,20.99421137,9.6,2.0,66160.0,169600.0,944.0,2.56,17.1,True
05087,AR,Madison,12.83851555,14.8,2.0,51233.0,148300.0,718.0,2.89,16.8,True
05089,AR,Marion,15.43897381,17.4,9.0,49313.0,147100.0,749.0,2.98,18.2,False
05091,AR,Miller,16.04724464,21.5,3.0,48652.0,137700.0,831.0,2.83,20.5,True
05093,AR,Mississippi,14.17826976,24.9,4.0,45168.0,110000.0,750.0,2.44,19.9,False
05095,AR,Monroe,15.63820795,26.3,9.0,33090.0,84600.0,543.0,2.56,19.7,False
05097,AR,Montgomery,16.84598832,18.8,8.0,46069.0,126200.0,637.0,2.74,16.6,False
05099,AR,Nevada,11.67023555,23.2,9.0,44649.0,85100.0,773.0,1.91,20.8,False
05101,AR,Newton,14.25291754,18.8,9.0,47996.0,160500.0,577.0,3.34,14.4,False
05103,AR,Ouachita,15.09482153,18.8,7.0,49275.0,96000.0,723.0,1.95,17.6,False
05105,AR,Perry,17.13180437,14.1,2.0,56640.0,123400.0,716.0,2.18,15.2,True
05107,AR,Phillips,14.53220859,34.2,7.0,36098.0,74100.0,719.0,2.05,23.9,False
05109,AR,Pike,19.56000564,18.2,9.0,41348.0,99200.0,657.0,2.4,19.1,False
05111,AR,Poinsett,11.92494338,19.1,3.0,47372.0,93900.0,642.0,1.98,16.3,True
05113,AR,Polk,17.20191953,18.8,7.0,45289.0,120800.0,730.0,2.67,19.3,False
05115,AR,Pope,24.63614458,13.5,5.0,57881.0,152000.0,810.0,2.63,16.8,False
05117,AR,Prairie,16.70600135,15.4,8.0,51017.0,87200.0,645.0,1.71,15.2,False
05119,AR,Pulaski,37.36105309,15.7,2.0,57057.0,187600.0,985.0,3.29,20.7,True
05121,AR,Randolph,14.47914221,18.5,7.0,45638.0,110700.0,674.0,2.43,17.7,False
05123,AR,St. Francis,12.90342563,34.3,6.0,38062.0,82400.0,748.0,2.16,23.6,False
05125,AR,Saline,28.49960398,9.3,2.0,70330.0,194400.0,948.0,2.76,16.2,True
05127,AR,Scott,10.82802548,19.5,8.0,42599.0,97600.0,702.0,2.29,19.8,False
05129,AR,Searcy,13.68861024,20.2,9.0,38070.0,107100.0,611.0,2.81,19.3,False
05131,AR,Sebastian,24.38304814,12.8,3.0,52679.0,154900.0,805.0,2.94,18.3,True
05133,AR,Sevier,10.92936028,18.7,6.0,49384.0,99200.0,700.0,2.01,17.0,False
05135,AR,Sharp,11.9284762,19.7,9.0,45740.0,89900.0,610.0,1.97,16.0,False
05137,AR,Stone,15.38293217,17.7,9.0,41063.0,153700.0,669.0,3.74,19.6,False
05139,AR,Union,18.91933145,19.0,7.0,50258.0,110900.0,775.0,2.21,18.5,False
05141,AR,Van Buren,15.78061911,16.5,8.0,47150.0,117900.0,716.0,2.5,18.2,False
05143,AR,Washington,34.61428867,13.5,2.0,62100.0,235500.0,935.0,3.79,18.1,True
05145,AR,White,19.80297113,15.7,4.0,56866.0,150700.0,793.0,2.65,16.7,False
05147,AR,Woodruff,15.89085072,24.4,9.0,41225.0,96100.0,582.0,2.33,16.9,False
05149,AR,Yell,14.31790101,16.5,9.0,50275.0,128400.0,647.0,2.55,15.4,False
06001,CA,Alameda,51.4693647,9.5,1.0,121190.0,999200.0,2229.0,8.24,22.1,True
06005,CA,Amador,22.44339158,11.7,6.0,74356.0,409600.0,1257.0,5.51,20.3,False
06007,CA,Butte,31.72056427,19.9,3.0,63353.0,371600.0,1280.0,5.87,24.2,True
06009,CA,Calaveras,22.18580154,12.2,6.0,73175.0,404200.0,1621.0,5.52,26.6,False
06011,CA,Colusa,14.52397996,12.3,6.0,72963.0,360100.0,1061.0,4.94,17.4,False
06013,CA,Contra Costa,44.91015897,8.3,1.0,119667.0,787300.0,2234.0,6.58,22.4,True
06015,CA,Del Norte,20.97416008,13.8,7.0,57297.0,282500.0,1146.0,4.93,24.0,False
06017,CA,El Dorado,38.82410175,7.0,1.0,104859.0,597600.0,1597.0,5.7,18.3,True
06019,CA,Fresno,23.85449591,17.7,1.0,68693.0,338200.0,1207.0,4.92,21.1,True
06021,CA,Glenn,16.48233652,13.5,6.0,63247.0,295400.0,978.0,4.67,18.6,False
06023,CA,Humboldt,32.08513824,16.7,5.0,57660.0,386000.0,1191.0,6.69,24.8,False
06025,CA,Imperial,16.10026948,17.3,3.0,55523.0,256000.0,961.0,4.61,20.8,True
06027,CA,Inyo,31.81981723,11.8,6.0,64332.0,325900.0,1131.0,5.07,21.1,False
06029,CA,Kern,18.57357599,19.0,2.0,65981.0,282800.0,1161.0,4.29,21.1,True
06031,CA,Kings,13.91909571,17.5,3.0,63683.0,281400.0,1201.0,4.42,22.6,True
06033,CA,Lake,17.74394605,17.6,4.0,51848.0,291300.0,1206.0,5.62,27.9,False
06035,CA,Lassen,13.212724,17.1,7.0,60308.0,233100.0,1038.0,3.87,20.7,False
06037,CA,Los Angeles,35.47099242,13.7,1.0,82455.0,732200.0,1805.0,8.88,26.3,True
06039,CA,Madera,17.12878493,18.0,1.0,71273.0,340300.0,1185.0,4.77,20.0,True
06041,CA,Marin,60.45916621,8.7,1.0,135960.0,1291800.0,2487.0,9.5,22.0,True
06043,CA,Mariposa,30.86170848,17.3,8.0,66513.0,335900.0,1134.0,5.05,20.5,False
06045,CA,Mendocino,24.92368578,13.9,4.0,63621.0,463700.0,1240.0,7.29,23.4,False
06047,CA,Merced,14.78021529,18.6,2.0,65253.0,342300.0,1200.0,5.25,22.1,True
06049,CA,Modoc,23.00403852,20.1,8.0,51166.0,184900.0,796.0,3.61,18.7,False
06051,CA,Mono,34.32124352,7.8,7.0,79105.0,496800.0,1259.0,6.28,19.1,False
06053,CA,Monterey,27.88372709,14.0,2.0,91450.0,683700.0,1873.0,7.48,24.6,True
06055,CA,Napa,38.51712542,8.9,3.0,98580.0,794500.0,2037.0,8.06,24.8,True
06057,CA,Nevada,39.46003256,10.9,4.0,80069.0,559700.0,1487.0,6.99,22.3,False
06059,CA,Orange,43.40103767,9.2,1.0,106047.0,862900.0,2248.0,8.14,25.4,True
06061,CA,Placer,42.89064399,6.5,1.0,106114.0,627100.0,1874.0,5.91,21.2,True
06063,CA,Plumas,20.46291426,12.7,9.0,66725.0,310100.0,1102.0,4.65,19.8,False
06065,CA,Riverside,25.08401769,11.3,1.0,86350.0,462900.0,1711.0,5.36,23.8,True
06067,CA,Sacramento,33.28378227,11.9,1.0,83985.0,465900.0,1599.0,5.55,22.8,True
06069,CA,San Benito,22.38665132,9.1,1.0,106560.0,703200.0,1830.0,6.6,20.6,True
06071,CA,San Bernardino,22.90144034,13.2,1.0,78779.0,438000.0,1584.0,5.56,24.1,True
06073,CA,San Diego,42.08987125,10.1,1.0,98365.0,725200.0,2011.0,7.37,24.5,True
06075,CA,San Francisco,60.12076421,11.9,1.0,135366.0,1348700.0,2316.0,9.96,20.5,True
06077,CA,San Joaquin,21.57295804,12.6,2.0,84738.0,462000.0,1542.0,5.45,21.8,True
06079,CA,San Luis Obispo,39.20140039,12.8,2.0,88578.0,726700.0,1800.0,8.2,24.4,True
06081,CA,San Mateo,53.07123407,7.3,1.0,143795.0,1441300.0,2805.0,10.02,23.4,True
06083,CA,Santa Barbara,35.86993995,14.9,2.0,89334.0,714800.0,1964.0,8.0,26.4,True
06085,CA,Santa Clara,55.86562705,7.6,1.0,150502.0,1316800.0,2719.0,8.75,21.7,True
06087,CA,Santa Cruz,43.55796468,12.6,2.0,99256.0,951300.0,2094.0,9.58,25.3,True
06089,CA,Shasta,23.26668579,13.2,3.0,66312.0,327500.0,1232.0,4.94,22.3,True
06091,CA,Sierra,24.4047619,12.6,8.0,63939.0,289400.0,1184.0,4.53,22.2,False
06093,CA,Siskiyou,23.08361557,17.1,7.0,51593.0,260200.0,984.0,5.04,22.9,False
06095,CA,Solano,28.36704144,10.3,2.0,92711.0,549100.0,1981.0,5.92,25.6,True
06097,CA,Sonoma,37.84693852,9.1,2.0,96312.0,748500.0,2029.0,7.77,25.3,True
06099,CA,Stanislaus,19.1369457,12.6,2.0,75249.0,393300.0,1433.0,5.23,22.9,True
06101,CA,Sutter,20.20745235,15.3,3.0,66071.0,375400.0,1289.0,5.68,23.4,True
06103,CA,Tehama,18.84319224,15.0,4.0,58900.0,290400.0,1119.0,4.93,22.8,False
06105,CA,Trinity,18.04651919,20.8,8.0,49485.0,326200.0,928.0,6.59,22.5,False
06107,CA,Tulare,15.83949091,17.5,2.0,64313.0,280900.0,1137.0,4.37,21.2,True
06109,CA,Tuolumne,23.9444683,10.5,4.0,70108.0,377700.0,1129.0,5.39,19.3,False
06111,CA,Ventura,35.6657604,9.8,2.0,101981.0,719100.0,2140.0,7.05,25.2,True
06113,CA,Yolo,44.08385081,15.3,1.0,82359.0,555200.0,1655.0,6.74,24.1,True
06115,CA,Yuba,17.89640712,15.4,3.0,63626.0,350600.0,1137.0,5.51,21.4,True
08001,CO,Adams,28.02254992,9.7,1.0,89849.0,425000.0,1632.0,4.73,21.8,True
08003,CO,Alamosa,29.30637574,21.7,7.0,53942.0,198500.0,815.0,3.68,18.1,False
08005,CO,Arapahoe,45.74243117,10.1,1.0,93525.0,480500.0,1708.0,5.14,21.9,True
08007,CO,Archuleta,40.71008094,11.2,7.0,66025.0,432400.0,1184.0,6.55,21.5,False
08009,CO,Baca,24.07704655,20.2,9.0,47147.0,119700.0,474.0,2.54,12.1,False
08011,CO,Bent,14.17359187,28.6,9.0,42958.0,110700.0,778.0,2.58,21.7,False
08013,CO,Boulder,63.90899548,11.0,2.0,96584.0,671100.0,1828.0,6.95,22.7,True
08014,CO,Broomfield,58.64371179,5.1,1.0,114746.0,581600.0,1923.0,5.07,20.1,True
08015,CO,Chaffee,45.42469214,9.4,6.0,75151.0,514900.0,1330.0,6.85,21.2,False
08017,CO,Cheyenne,24.39613527,13.3,9.0,62891.0,166300.0,860.0,2.64,16.4,False
08019,CO,Clear Creek,56.26255861,7.7,1.0,90350.0,506900.0,1201.0,5.61,16.0,True
08021,CO,Conejos,23.27979377,18.1,9.0,49141.0,154500.0,686.0,3.14,16.8,False
08023,CO,Costilla,27.84810127,22.6,9.0,36970.0,145200.0,691.0,3.93,22.4,False
08025,CO,Crowley,12.65613952,37.5,8.0,49785.0,92700.0,988.0,1.86,23.8,False
08027,CO,Custer,35.26785714,11.8,8.0,67766.0,327100.0,865.0,4.83,15.3,False
08029,CO,Delta,25.6812195,12.9,6.0,53910.0,291400.0,933.0,5.41,20.8,False
08031,CO,Denver,55.64666503,10.5,1.0,87619.0,540400.0,1665.0,6.17,22.8,True
08033,CO,Dolores,24.70767666,13.5,9.0,56695.0,208000.0,1513.0,3.67,32.0,False
08035,CO,Douglas,60.93381556,3.7,1.0,140768.0,635100.0,1953.0,4.51,16.6,True
08037,CO,Eagle,50.26926834,6.6,5.0,105813.0,728400.0,1868.0,6.88,21.2,False
08039,CO,Elbert,35.17234346,5.8,1.0,120394.0,623300.0,1436.0,5.18,14.3,True
08041,CO,El Paso,41.12205226,7.3,2.0,82248.0,390500.0,1507.0,4.75,22.0,True
08043,CO,Fremont,21.03674404,18.4,4.0,57275.0,264300.0,959.0,4.61,20.1,False
08045,CO,Garfield,33.4088936,9.1,5.0,86566.0,449300.0,1444.0,5.19,20.0,False
08047,CO,Gilpin,48.37764287,7.2,1.0,89805.0,465300.0,1263.0,5.18,16.9,True
08049,CO,Grand,41.78009618,8.2,9.0,88059.0,461200.0,1243.0,5.24,16.9,False
08051,CO,Gunnison,59.26542777,10.7,7.0,88855.0,530300.0,1168.0,5.97,15.8,False
08053,CO,Hinsdale,47.05128205,5.3,9.0,70675.0,369200.0,979.0,5.22,16.6,False
08055,CO,Huerfano,27.0612708,18.3,8.0,47968.0,231200.0,735.0,4.82,18.4,False
08057,CO,Jackson,27.53888381,13.3,9.0,62439.0,227300.0,1266.0,3.64,24.3,False
08059,CO,Jefferson,50.74602398,7.4,1.0,102413.0,556800.0,1696.0,5.44,19.9,True
08061,CO,Kiowa,20.63492063,13.6,9.0,55573.0,127400.0,813.0,2.29,17.6,False
08063,CO,Kit Carson,18.43610935,12.3,9.0,56720.0,182700.0,931.0,3.22,19.7,False
08065,CO,Lake,46.07824244,11.4,9.0,71326.0,331000.0,1554.0,4.64,26.1,False
08067,CO,La Plata,47.25968717,11.5,6.0,79358.0,497800.0,1344.0,6.27,20.3,False
08069,CO,Larimer,51.73804084,10.2,2.0,88338.0,488300.0,1584.0,5.53,21.5,True
08071,CO,Las Animas,17.26598441,17.1,7.0,49097.0,190900.0,806.0,3.89,19.7,False
08073,CO,Lincoln,25.71564885,14.8,8.0,54345.0,238000.0,820.0,4.38,18.1,False
08075,CO,Logan,18.90750759,14.0,6.0,58976.0,203100.0,854.0,3.44,17.4,False
08077,CO,Mesa,30.62717676,11.9,3.0,69578.0,312600.0,1089.0,4.49,18.8,True
08079,CO,Mineral,54.53216374,9.7,9.0,69794.0,379000.0,824.0,5.43,14.2,False
08081,CO,Moffat,21.00496963,10.8,7.0,69088.0,247500.0,974.0,3.58,16.9,False
08083,CO,Montezuma,30.81438004,14.0,6.0,58345.0,282500.0,893.0,4.84,18.4,False
08085,CO,Montrose,28.26628352,10.7,5.0,65736.0,314100.0,1061.0,4.78,19.4,False
08087,CO,Morgan,17.56522652,12.5,6.0,65599.0,277400.0,1038.0,4.23,19.0,False
08089,CO,Otero,18.80206267,20.1,6.0,46607.0,132600.0,802.0,2.85,20.6,False
08091,CO,Ouray,53.96270396,7.4,9.0,90837.0,596400.0,1239.0,6.57,16.4,False
08093,CO,Park,38.82613817,8.1,1.0,88020.0,458600.0,1788.0,5.21,24.4,True
08095,CO,Phillips,25.6546238,12.1,9.0,68571.0,258200.0,848.0,3.77,14.8,False
08097,CO,Pitkin,63.96954542,6.4,7.0,111291.0,912300.0,1772.0,8.2,19.1,False
08099,CO,Prowers,18.83905013,20.1,7.0,48832.0,120200.0,764.0,2.46,18.8,False
08101,CO,Pueblo,25.01743879,13.5,3.0,58314.0,238400.0,967.0,4.09,19.9,True
08103,CO,Rio Blanco,26.58986175,10.8,9.0,71630.0,231800.0,893.0,3.24,15.0,False
08105,CO,Rio Grande,31.10735418,17.8,9.0,56877.0,202300.0,649.0,3.56,13.7,False
08107,CO,Routt,52.12259157,5.6,7.0,104407.0,691800.0,1721.0,6.63,19.8,False
08109,CO,Saguache,30.71146245,20.6,9.0,45048.0,166500.0,720.0,3.7,19.2,False
08111,CO,San Juan,47.22719141,12.3,9.0,62732.0,344600.0,1031.0,5.49,19.7,False
08113,CO,San Miguel,65.20638937,7.9,9.0,94387.0,561400.0,1267.0,5.95,16.1,False
08115,CO,Sedgwick,27.3989137,14.7,9.0,46980.0,136000.0,692.0,2.89,17.7,False
08117,CO,Summit,52.46638638,7.3,5.0,96984.0,760000.0,1807.0,7.84,22.4,False
08119,CO,Teller,37.82983719,8.3,2.0,81466.0,405500.0,1609.0,4.98,23.7,True
08121,CO,Washington,24.88276671,14.2,9.0,61492.0,208300.0,908.0,3.39,17.7,False
08123,CO,Weld,31.95622435,9.1,2.0,90770.0,412200.0,1351.0,4.54,17.9,True
08125,CO,Yuma,25.968523,12.7,9.0,56075.0,201500.0,866.0,3.59,18.5,False
10001,DE,Kent,26.73821258,11.7,3.0,71866.0,272300.0,1224.0,3.79,20.4,True
10003,DE,New Castle,39.2211129,10.9,1.0,85427.0,312000.0,1327.0,3.65,18.6,True
10005,DE,Sussex,32.5661846,10.1,4.0,81188.0,324400.0,1162.0,4.0,17.2,False
11001,DC,District of Columbia,63.56362225,15.2,1.0,99897.0,705000.0,1817.0,7.06,21.8,True
12001,FL,Alachua,47.66993398,18.5,2.0,58783.0,245600.0,1191.0,4.18,24.3,True
12003,FL,Baker,15.33558108,12.5,1.0,67375.0,198900.0,959.0,2.95,17.1,True
12005,FL,Bay,28.04132925,11.8,3.0,65521.0,246800.0,1311.0,3.77,24.0,True
12007,FL,Bradford,14.99431846,15.4,6.0,57664.0,153900.0,902.0,2.67,18.8,False
12009,FL,Brevard,33.53988572,10.3,2.0,74899.0,278000.0,1327.0,3.71,21.3,True
12011,FL,Broward,35.79891533,12.7,1.0,70834.0,348600.0,1683.0,4.92,28.5,True
12013,FL,Calhoun,13.10074402,22.9,8.0,46766.0,118100.0,610.0,2.53,15.7,False
12015,FL,Charlotte,25.31037541,9.1,3.0,65040.0,265800.0,1206.0,4.09,22.3,True
12017,FL,Citrus,20.40040387,15.7,3.0,52534.0,190800.0,1000.0,3.63,22.8,True
12019,FL,Clay,28.69454156,7.9,1.0,84364.0,254500.0,1372.0,3.02,19.5,True
12021,FL,Collier,39.54141632,10.5,2.0,81821.0,443700.0,1599.0,5.42,23.5,True
12023,FL,Columbia,16.34514063,17.0,4.0,54060.0,165300.0,905.0,3.06,20.1,False
12027,FL,DeSoto,10.97870678,18.8,6.0,47097.0,139500.0,861.0,2.96,21.9,False
12029,FL,Dixie,8.086400499,23.7,8.0,40587.0,93200.0,805.0,2.3,23.8,False
12031,FL,Duval,33.0908046,14.5,1.0,70203.0,251300.0,1293.0,3.58,22.1,True
12033,FL,Escambia,28.92978714,14.0,2.0,61634.0,206400.0,1170.0,3.35,22.8,True
12035,FL,Flagler,30.43925075,8.9,2.0,73336.0,293700.0,1561.0,4.0,25.5,True
12037,FL,Franklin,25.28503683,16.6,8.0,52180.0,236100.0,1045.0,4.52,24.0,False
12039,FL,Gadsden,20.08236909,21.5,2.0,45628.0,137300.0,781.0,3.01,20.5,True
12041,FL,Gilchrist,14.52152746,13.5,2.0,58178.0,165500.0,801.0,2.84,16.5,True
12043,FL,Glades,12.70983213,16.9,8.0,50559.0,91300.0,832.0,1.81,19.7,False
12045,FL,Gulf,24.48735475,14.9,8.0,55909.0,197700.0,1143.0,3.54,24.5,False
12047,FL,Hamilton,11.20592166,21.9,8.0,45484.0,100800.0,778.0,2.22,20.5,False
12049,FL,Hardee,12.25428691,20.5,6.0,48572.0,118700.0,904.0,2.44,22.3,False
12051,FL,Hendry,10.72913885,22.1,4.0,55308.0,153200.0,892.0,2.77,19.4,False
12053,FL,Hernando,20.43796104,12.1,1.0,60582.0,214700.0,1155.0,3.54,22.9,True
12055,FL,Highlands,19.72793341,18.6,3.0,51954.0,155900.0,919.0,3.0,21.2,True
12057,FL,Hillsborough,37.15522282,13.2,1.0,74091.0,294900.0,1413.0,3.98,22.9,True
12059,FL,Holmes,12.05115593,18.2,8.0,50118.0,94900.0,792.0,1.89,19.0,False
12061,FL,Indian River,33.43323084,11.3,3.0,69462.0,284400.0,1183.0,4.09,20.4,True
12063,FL,Jackson,14.6448432,20.6,6.0,50625.0,113300.0,756.0,2.24,17.9,False
12065,FL,Jefferson,18.84296012,23.5,2.0,56900.0,167600.0,727.0,2.95,15.3,True
12067,FL,Lafayette,7.899216888,18.9,9.0,50775.0,118600.0,853.0,2.34,20.2,False
12069,FL,Lake,26.78251197,10.7,1.0,67637.0,262500.0,1323.0,3.88,23.5,True
12071,FL,Lee,30.75932003,12.1,2.0,71607.0,290900.0,1466.0,4.06,24.6,True
12073,FL,Leon,48.58254115,17.6,2.0,61560.0,256900.0,1157.0,4.17,22.6,True
12075,FL,Levy,16.17534515,18.3,2.0,55147.0,151800.0,798.0,2.75,17.4,True
12077,FL,Liberty,15.76363636,20.8,8.0,49514.0,113300.0,884.0,2.29,21.4,False
12079,FL,Madison,12.49816742,19.8,8.0,46141.0,92400.0,832.0,2.0,21.6,False
12081,FL,Manatee,34.34397545,10.4,2.0,72176.0,323900.0,1418.0,4.49,23.6,True
12083,FL,Marion,22.37578412,15.0,2.0,54517.0,194900.0,1092.0,3.58,24.0,True
12085,FL,Martin,36.63733284,13.1,2.0,80678.0,359200.0,1374.0,4.45,20.4,True
12086,FL,Miami-Dade,33.20621452,14.1,1.0,66952.0,387000.0,1623.0,5.78,29.1,True
12087,FL,Monroe,37.80058606,10.0,4.0,79459.0,696900.0,1919.0,8.77,29.0,False
12089,FL,Nassau,34.51724726,9.5,1.0,90808.0,306800.0,1171.0,3.38,15.5,True
12091,FL,Okaloosa,34.22132535,10.1,2.0,76663.0,295400.0,1382.0,3.85,21.6,True
12093,FL,Okeechobee,16.10202017,17.0,4.0,50176.0,158500.0,963.0,3.16,23.0,False
12095,FL,Orange,38.40842509,12.4,1.0,72129.0,329000.0,1553.0,4.56,25.8,True
12097,FL,Osceola,28.25542831,10.9,1.0,63782.0,285200.0,1537.0,4.47,28.9,True
12099,FL,Palm Beach,39.55163728,10.8,1.0,76713.0,368300.0,1700.0,4.8,26.6,True
12101,FL,Pasco,28.03698255,10.5,1.0,65933.0,233600.0,1282.0,3.54,23.3,True
12103,FL,Pinellas,35.84493698,11.3,1.0,66427.0,284300.0,1389.0,4.28,25.1,True
12105,FL,Polk,22.64090849,13.0,2.0,61941.0,215700.0,1192.0,3.48,23.1,True
12107,FL,Putnam,14.09466765,21.1,4.0,46459.0,125700.0,844.0,2.71,21.8,False
12109,FL,St. Johns,48.61000225,6.1,1.0,103757.0,416100.0,1601.0,4.01,18.5,True
12111,FL,St. Lucie,25.36970471,10.4,2.0,64038.0,275900.0,1363.0,4.31,25.5,True
12113,FL,Santa Rosa,30.97987559,8.1,2.0,82537.0,272500.0,1386.0,3.3,20.2,True
12115,FL,Sarasota,39.65769602,9.5,2.0,78309.0,338500.0,1590.0,4.32,24.4,True
12117,FL,Seminole,42.38489098,9.2,1.0,80296.0,329300.0,1545.0,4.1,23.1,True
12119,FL,Sumter,35.06630914,9.7,3.0,77851.0,324400.0,1185.0,4.17,18.3,True
12121,FL,Suwannee,16.43273179,17.3,6.0,51295.0,136500.0,760.0,2.66,17.8,False
12123,FL,Taylor,15.05974059,19.7,6.0,48482.0,89300.0,909.0,1.84,22.5,False
12125,FL,Union,10.00089373,19.4,8.0,60749.0,146200.0,785.0,2.41,15.5,False
12127,FL,Volusia,27.18496115,11.9,2.0,64601.0,251400.0,1271.0,3.89,23.6,True
12129,FL,Wakulla,21.27617228,10.4,2.0,63482.0,198600.0,1041.0,3.13,19.7,True
12131,FL,Walton,34.22987484,10.9,2.0,78814.0,327000.0,1463.0,4.15,22.3,True
12133,FL,Washington,12.48585439,16.8,3.0,49233.0,137600.0,853.0,2.79,20.8,True
13001,GA,Appling,9.948709599,21.1,7.0,51217.0,88500.0,683.0,1.73,16.0,False
13003,GA,Atkinson,9.815390239,22.4,9.0,46060.0,77100.0,566.0,1.67,14.7,False
13005,GA,Bacon,11.02373068,22.9,9.0,46044.0,95600.0,685.0,2.08,17.9,False
13007,GA,Baker,16.87804878,26.2,8.0,50129.0,121600.0,596.0,2.43,14.3,False
13009,GA,Baldwin,24.12839362,21.4,4.0,49883.0,154400.0,832.0,3.1,20.0,False
13011,GA,Banks,17.34147629,12.2,8.0,66928.0,229900.0,776.0,3.44,13.9,False
13013,GA,Barrow,21.02218604,11.2,1.0,77583.0,228400.0,1137.0,2.94,17.6,True
13015,GA,Bartow,22.93848689,9.7,1.0,80017.0,237000.0,1090.0,2.96,16.3,True
13017,GA,Ben Hill,12.10797589,24.4,7.0,41141.0,100000.0,668.0,2.43,19.5,False
13019,GA,Berrien,12.79778393,18.8,8.0,48725.0,108300.0,718.0,2.22,17.7,False
13021,GA,Bibb,25.98713173,22.1,3.0,48539.0,155200.0,967.0,3.2,23.9,True
13023,GA,Bleckley,18.28543112,18.2,6.0,56070.0,121600.0,757.0,2.17,16.2,False
13025,GA,Brantley,10.89799477,17.8,3.0,50370.0,91900.0,728.0,1.82,17.3,True
13027,GA,Brooks,13.56626296,22.8,3.0,43353.0,128400.0,738.0,2.96,20.4,True
13029,GA,Bryan,34.63673831,8.2,2.0,93057.0,276100.0,1390.0,2.97,17.9,True
13031,GA,Bulloch,30.80114078,23.7,4.0,49471.0,172500.0,931.0,3.49,22.6,False
13033,GA,Burke,14.26007819,21.2,2.0,49431.0,98300.0,747.0,1.99,18.1,True
13035,GA,Butts,13.90271926,15.5,1.0,62231.0,200000.0,961.0,3.21,18.5,True
13037,GA,Calhoun,12.14353612,35.5,8.0,39681.0,77100.0,676.0,1.94,20.4,False
13039,GA,Camden,22.43317718,11.6,4.0,67628.0,213400.0,1136.0,3.16,20.2,False
13043,GA,Candler,13.63573883,21.5,9.0,44493.0,141500.0,682.0,3.18,18.4,False
13045,GA,Carroll,22.43089962,14.3,1.0,69924.0,196900.0,1055.0,2.82,18.1,True
13047,GA,Catoosa,24.47093827,10.7,2.0,66918.0,191200.0,921.0,2.86,16.5,True
13049,GA,Charlton,11.39710145,26.2,8.0,48147.0,107500.0,704.0,2.23,17.5,False
13051,GA,Chatham,36.75391491,15.2,2.0,64029.0,256400.0,1284.0,4.0,24.1,True
13053,GA,Chattahoochee,27.58053139,16.3,2.0,57507.0,129300.0,1260.0,2.25,26.3,True
13055,GA,Chattooga,10.72692,20.7,6.0,50714.0,86400.0,753.0,1.7,17.8,False
13057,GA,Cherokee,39.45306891,6.6,1.0,99932.0,358400.0,1580.0,3.59,19.0,True
13059,GA,Clarke,48.67085028,24.1,3.0,49832.0,242600.0,1045.0,4.87,25.2,True
13061,GA,Clay,22.55600815,26.4,9.0,37961.0,81200.0,383.0,2.14,12.1,False
13063,GA,Clayton,21.34284805,17.3,1.0,57625.0,167200.0,1216.0,2.9,25.3,True
13065,GA,Clinch,13.02016302,23.3,8.0,45595.0,73900.0,547.0,1.62,14.4,False
13067,GA,Cobb,50.38274926,8.8,1.0,96798.0,346000.0,1535.0,3.57,19.0,True
13069,GA,Coffee,13.50843625,22.5,7.0,48792.0,122500.0,702.0,2.51,17.3,False
13071,GA,Colquitt,15.69647948,23.4,6.0,49214.0,113900.0,747.0,2.31,18.2,False
13073,GA,Columbia,37.83581741,6.8,2.0,94224.0,259000.0,1295.0,2.75,16.5,True
13075,GA,Cook,16.74859551,19.9,6.0,44476.0,113600.0,887.0,2.55,23.9,False
13077,GA,Coweta,34.65822785,9.9,1.0,87618.0,291900.0,1326.0,3.33,18.2,True
13079,GA,Crawford,14.01028278,15.8,3.0,60295.0,149400.0,677.0,2.48,13.5,True
13081,GA,Crisp,15.51487083,26.0,6.0,43884.0,106900.0,735.0,2.44,20.1,False
13083,GA,Dade,19.00884336,14.1,2.0,59708.0,157900.0,861.0,2.64,17.3,True
13085,GA,Dawson,35.7547581,8.0,1.0,84551.0,312600.0,1360.0,3.7,19.3,True
13087,GA,Decatur,14.63666391,22.3,6.0,46455.0,140800.0,796.0,3.03,20.6,False
13089,GA,DeKalb,46.74763068,13.3,1.0,76736.0,301100.0,1464.0,3.92,22.9,True
13091,GA,Dodge,15.23603654,23.5,7.0,43783.0,104600.0,695.0,2.39,19.0,False
13093,GA,Dooly,13.38407494,22.5,8.0,46191.0,94500.0,717.0,2.05,18.6,False
13095,GA,Dougherty,23.23826879,26.4,3.0,42629.0,119100.0,898.0,2.79,25.3,True
13097,GA,Douglas,30.80470153,11.9,1.0,79242.0,227800.0,1326.0,2.87,20.1,True
13099,GA,Early,16.10508281,25.5,8.0,43417.0,126500.0,803.0,2.91,22.2,False
13101,GA,Echols,14.40972222,21.6,3.0,47195.0,114900.0,789.0,2.43,20.1,True
13103,GA,Effingham,26.79779986,8.5,2.0,88111.0,219000.0,1098.0,2.49,15.0,True
13105,GA,Elbert,14.85955257,18.0,6.0,49220.0,104500.0,828.0,2.12,20.2,False
13107,GA,Emanuel,12.84211901,26.1,7.0,46975.0,87500.0,724.0,1.86,18.5,False
13109,GA,Evans,15.09272468,23.7,8.0,45163.0,130500.0,715.0,2.89,19.0,False
13111,GA,Fannin,22.59774023,13.9,8.0,60604.0,260100.0,813.0,4.29,16.1,False
13113,GA,Fayette,48.09078418,5.8,1.0,109358.0,369700.0,1693.0,3.38,18.6,True
13115,GA,Floyd,24.9461256,17.0,3.0,56651.0,174000.0,890.0,3.07,18.9,True
13117,GA,Forsyth,56.6030472,5.1,1.0,130909.0,451100.0,1779.0,3.45,16.3,True
13119,GA,Franklin,16.92659983,16.9,8.0,49940.0,146700.0,751.0,2.94,18.0,False
13121,GA,Fulton,57.99513888,13.0,1.0,89798.0,398300.0,1529.0,4.44,20.4,True
13123,GA,Gilmer,22.73276904,13.6,6.0,68294.0,259700.0,907.0,3.8,15.9,False
13125,GA,Glascock,14.86005089,15.7,9.0,55539.0,117300.0,779.0,2.11,16.8,False
13127,GA,Glynn,30.44181746,15.7,3.0,63532.0,238000.0,1031.0,3.75,19.5,True
13129,GA,Gordon,17.65194622,12.9,4.0,63946.0,179100.0,830.0,2.8,15.6,False
13131,GA,Grady,15.29438431,19.7,6.0,48548.0,147000.0,806.0,3.03,19.9,False
13133,GA,Greene,36.42420496,14.1,8.0,74488.0,308000.0,825.0,4.13,13.3,False
13135,GA,Gwinnett,38.72829859,11.4,1.0,83918.0,307300.0,1594.0,3.66,22.8,True
13137,GA,Habersham,24.24563591,13.5,6.0,62428.0,188800.0,861.0,3.02,16.6,False
13139,GA,Hall,26.73172557,11.0,3.0,76789.0,277900.0,1179.0,3.62,18.4,True
13141,GA,Hancock,8.364903773,30.3,9.0,38570.0,93500.0,576.0,2.42,17.9,False
13143,GA,Haralson,17.42503074,16.3,1.0,57912.0,187700.0,837.0,3.24,17.3,True
13145,GA,Harris,34.65207632,8.6,2.0,90636.0,273200.0,869.0,3.01,11.5,True
13147,GA,Hart,18.08362189,14.9,6.0,56137.0,180500.0,782.0,3.22,16.7,False
13149,GA,Heard,11.36591479,16.5,1.0,56724.0,134900.0,815.0,2.38,17.2,True
13151,GA,Henry,28.03661916,10.3,1.0,82379.0,245200.0,1411.0,2.98,20.6,True
13153,GA,Houston,32.25738934,12.8,3.0,71237.0,189500.0,1094.0,2.66,18.4,True
13155,GA,Irwin,16.62781663,19.4,9.0,49224.0,94700.0,772.0,1.92,18.8,False
13157,GA,Jackson,27.30871198,8.3,4.0,82138.0,280600.0,1007.0,3.42,14.7,False
13159,GA,Jasper,19.85210466,14.8,1.0,63718.0,184000.0,1009.0,2.89,19.0,True
13161,GA,Jeff Davis,11.45768351,19.7,9.0,46143.0,106800.0,626.0,2.31,16.3,False
13163,GA,Jefferson,11.18389822,22.5,8.0,44459.0,90900.0,701.0,2.04,18.9,False
13165,GA,Jenkins,7.817243473,28.9,9.0,41830.0,81800.0,665.0,1.96,19.1,False
13167,GA,Johnson,9.120187381,26.2,9.0,42603.0,81300.0,590.0,1.91,16.6,False
13169,GA,Jones,18.40487707,12.7,3.0,65515.0,159500.0,850.0,2.43,15.6,True
13171,GA,Lamar,19.51504756,14.2,6.0,61542.0,177000.0,888.0,2.88,17.3,False
13173,GA,Lanier,19.05826255,17.5,3.0,50671.0,150200.0,813.0,2.96,19.3,True
13175,GA,Laurens,17.81335252,19.2,4.0,47918.0,132000.0,722.0,2.75,18.1,False
13177,GA,Lee,33.50669674,9.0,3.0,84260.0,208800.0,1144.0,2.48,16.3,True
13179,GA,Liberty,19.88305607,16.2,3.0,59807.0,158400.0,1178.0,2.65,23.6,True
13181,GA,Lincoln,16.14906832,15.1,2.0,69776.0,164300.0,724.0,2.35,12.5,True
13183,GA,Long,12.82307972,15.1,3.0,71285.0,159900.0,846.0,2.24,14.2,True
13185,GA,Lowndes,27.12481719,19.5,3.0,52623.0,177800.0,951.0,3.38,21.7,True
13187,GA,Lumpkin,31.49473684,15.1,1.0,71486.0,249400.0,1055.0,3.49,17.7,True
13189,GA,McDuffie,17.84209811,19.1,2.0,50593.0,140900.0,834.0,2.78,19.8,True
13191,GA,McIntosh,18.63389216,18.7,3.0,51411.0,157600.0,760.0,3.07,17.7,True
13193,GA,Macon,10.99735419,31.6,8.0,40089.0,78100.0,627.0,1.95,18.8,False
13195,GA,Madison,20.18357216,13.0,3.0,58789.0,170600.0,884.0,2.9,18.0,True
13197,GA,Marion,13.62886976,24.2,2.0,47174.0,111300.0,663.0,2.36,16.9,True
13199,GA,Meriwether,13.03699688,15.9,1.0,53019.0,147200.0,864.0,2.78,19.6,True
13201,GA,Miller,21.91304348,21.1,9.0,45201.0,119400.0,698.0,2.64,18.5,False
13205,GA,Mitchell,12.85980534,23.8,6.0,45296.0,98400.0,725.0,2.17,19.2,False
13207,GA,Monroe,28.6825161,11.7,3.0,76428.0,204100.0,872.0,2.67,13.7,True
13209,GA,Montgomery,20.23292195,20.7,9.0,48356.0,105300.0,684.0,2.18,17.0,False
13211,GA,Morgan,30.13503427,11.2,1.0,74340.0,293300.0,1003.0,3.95,16.2,True
13213,GA,Murray,13.67259576,14.4,3.0,62109.0,153700.0,800.0,2.47,15.5,True
13215,GA,Muscogee,29.73829528,20.7,2.0,53740.0,168400.0,1038.0,3.13,23.2,True
13217,GA,Newton,23.57639028,11.8,1.0,72128.0,200300.0,1264.0,2.78,21.0,True
13219,GA,Oconee,54.8601386,7.5,3.0,114758.0,389200.0,1391.0,3.39,14.5,True
13221,GA,Oglethorpe,24.54910756,13.1,3.0,62504.0,176300.0,789.0,2.82,15.1,True
13223,GA,Paulding,27.4257012,7.7,1.0,87459.0,251100.0,1464.0,2.87,20.1,True
13225,GA,Peach,24.31665666,17.3,3.0,58471.0,170500.0,817.0,2.92,16.8,True
13227,GA,Pickens,24.88170347,10.1,1.0,71955.0,263200.0,990.0,3.66,16.5,True
13229,GA,Pierce,18.25337888,16.2,8.0,52695.0,116800.0,764.0,2.22,17.4,False
13231,GA,Pike,21.41515812,11.2,1.0,80626.0,234700.0,989.0,2.91,14.7,True
13233,GA,Polk,14.46935311,17.3,4.0,54894.0,151400.0,814.0,2.76,17.8,False
13235,GA,Pulaski,12.00105042,23.0,8.0,46975.0,120500.0,863.0,2.57,22.0,False
13237,GA,Putnam,28.27740222,15.6,8.0,62241.0,203300.0,934.0,3.27,18.0,False
13239,GA,Quitman,8.952380952,23.7,8.0,41516.0,85800.0,740.0,2.07,21.4,False
13241,GA,Rabun,29.9355328,13.0,9.0,63387.0,236900.0,945.0,3.74,17.9,False
13243,GA,Randolph,15.01296253,26.7,8.0,39188.0,83800.0,557.0,2.14,17.1,False
13245,GA,Richmond,24.06032159,22.2,2.0,50079.0,142100.0,1024.0,2.84,24.5,True
13247,GA,Rockdale,29.10319352,13.0,1.0,71984.0,221800.0,1263.0,3.08,21.1,True
13249,GA,Schley,19.03545193,15.3,8.0,57510.0,154300.0,775.0,2.68,16.2,False
13251,GA,Screven,14.74420387,22.5,8.0,52713.0,107800.0,632.0,2.05,14.4,False
13253,GA,Seminole,15.81526582,22.3,8.0,45223.0,110300.0,813.0,2.44,21.6,False
13255,GA,Spalding,17.86704192,16.3,1.0,55086.0,178800.0,1024.0,3.25,22.3,True
13257,GA,Stephens,14.87913763,15.6,7.0,51980.0,154200.0,797.0,2.97,18.4,False
13259,GA,Stewart,12.32634504,32.5,2.0,41158.0,72500.0,588.0,1.76,17.1,True
13261,GA,Sumter,21.28132798,26.3,6.0,44677.0,130000.0,812.0,2.91,21.8,False
13263,GA,Talbot,15.04687857,27.3,2.0,45163.0,119400.0,864.0,2.64,23.0,True
13265,GA,Taliaferro,9.92248062,24.5,8.0,42138.0,69200.0,693.0,1.64,19.7,False
13267,GA,Tattnall,14.64289916,25.7,8.0,47401.0,115600.0,609.0,2.44,15.4,False
13269,GA,Taylor,18.1492751,26.6,8.0,44035.0,90100.0,730.0,2.05,19.9,False
13271,GA,Telfair,10.0738271,30.1,9.0,41547.0,90000.0,644.0,2.17,18.6,False
13273,GA,Terrell,11.53036437,28.1,3.0,53281.0,97000.0,709.0,1.82,16.0,True
13275,GA,Thomas,23.63782051,18.4,4.0,52236.0,178900.0,974.0,3.42,22.4,False
13277,GA,Tift,20.19230769,19.2,5.0,52962.0,140700.0,760.0,2.66,17.2,False
13279,GA,Toombs,19.4735007,22.8,7.0,45125.0,124800.0,661.0,2.77,17.6,False
13281,GA,Towns,32.84589426,11.6,9.0,59273.0,278700.0,839.0,4.7,17.0,False
13283,GA,Treutlen,12.82173499,24.0,9.0,43533.0,98500.0,653.0,2.26,18.0,False
13285,GA,Troup,22.47357249,18.1,4.0,55852.0,166700.0,956.0,2.98,20.5,False
13287,GA,Turner,11.08382449,23.9,9.0,40865.0,85600.0,617.0,2.09,18.1,False
13289,GA,Twiggs,10.91091091,21.3,3.0,48772.0,89300.0,727.0,1.83,17.9,True
13291,GA,Union,25.71711667,10.7,8.0,64588.0,252100.0,781.0,3.9,14.5,False
13293,GA,Upson,14.83004529,17.5,6.0,48061.0,136500.0,778.0,2.84,19.4,False
13295,GA,Walker,20.07232152,15.1,2.0,53407.0,149600.0,847.0,2.8,19.0,True
13297,GA,Walton,24.92196168,10.1,1.0,83037.0,267400.0,1192.0,3.22,17.2,True
13299,GA,Ware,15.01525019,19.9,5.0,48245.0,94600.0,760.0,1.96,18.9,False
13301,GA,Warren,12.67379679,24.2,8.0,44367.0,82700.0,674.0,1.86,18.2,False
13303,GA,Washington,17.47288813,21.6,7.0,48462.0,113700.0,777.0,2.35,19.2,False
13305,GA,Wayne,14.01081502,19.7,6.0,51102.0,142200.0,805.0,2.78,18.9,False
13307,GA,Webster,11.33603239,20.7,8.0,45987.0,77100.0,652.0,1.68,17.0,False
13309,GA,Wheeler,12.21166893,36.3,9.0,35952.0,82600.0,414.0,2.3,13.8,False
13311,GA,White,24.27324139,10.8,8.0,62100.0,232000.0,950.0,3.74,18.4,False
13313,GA,Whitfield,19.34722243,15.5,3.0,61680.0,175000.0,849.0,2.84,16.5,True
13315,GA,Wilcox,14.07942238,28.4,9.0,44905.0,65300.0,611.0,1.45,16.3,False
13317,GA,Wilkes,15.74624752,17.8,8.0,47377.0,92500.0,777.0,1.95,19.7,False
13319,GA,Wilkinson,12.68680962,20.6,8.0,49648.0,87600.0,715.0,1.76,17.3,False
13321,GA,Worth,11.29343629,21.4,3.0,48956.0,98000.0,875.0,2.0,21.4,True
15001,HI,Hawaii,30.90440361,16.5,5.0,71143.0,454900.0,1352.0,6.39,22.8,False
15003,HI,Honolulu,37.72299534,9.1,1.0,96304.0,832200.0,1976.0,8.64,24.6,True
15007,HI,Kauai,30.23588816,9.4,5.0,81939.0,742900.0,1686.0,9.07,24.7,False
15009,HI,Maui,30.07366421,9.4,3.0,89794.0,800100.0,1805.0,8.91,24.1,True
16001,ID,Ada,43.900882,8.0,2.0,87748.0,423500.0,1320.0,4.83,18.1,True
16003,ID,Adams,21.30325815,12.2,9.0,56374.0,284300.0,763.0,5.04,16.2,False
16005,ID,Bannock,30.20585278,11.9,3.0,62120.0,233500.0,823.0,3.76,15.9,True
16007,ID,Bear Lake,20.33224146,10.1,9.0,66006.0,194700.0,636.0,2.95,11.6,False
16009,ID,Benewah,19.80464326,13.0,8.0,56188.0,241700.0,812.0,4.3,17.3,False
16011,ID,Bingham,20.78720787,11.1,6.0,70052.0,230500.0,787.0,3.29,13.5,False
16013,ID,Blaine,45.52859135,6.9,7.0,98707.0,558600.0,1238.0,5.66,15.1,False
16015,ID,Boise,29.94979605,10.1,2.0,74121.0,369300.0,837.0,4.98,13.6,True
16017,ID,Bonner,28.93056341,10.5,6.0,64860.0,378200.0,995.0,5.83,18.4,False
16019,ID,Bonneville,32.21352496,10.2,3.0,74505.0,288300.0,971.0,3.87,15.6,True
16021,ID,Boundary,19.57587504,11.5,9.0,62801.0,318600.0,802.0,5.07,15.3,False
16023,ID,Butte,13.81838691,14.6,3.0,57085.0,194700.0,573.0,3.41,12.0,True
16025,ID,Camas,27.40841248,8.2,9.0,73311.0,225000.0,950.0,3.07,15.6,False
16027,ID,Canyon,22.83043278,10.1,2.0,70594.0,306200.0,1138.0,4.34,19.3,True
16029,ID,Caribou,15.52401747,9.7,8.0,70354.0,204400.0,709.0,2.91,12.1,False
16031,ID,Cassia,20.89871136,11.5,6.0,68170.0,227100.0,874.0,3.33,15.4,False
16033,ID,Clark,17.29957806,15.3,8.0,53366.0,172500.0,727.0,3.23,16.3,False
16035,ID,Clearwater,19.44992948,14.5,8.0,57081.0,213000.0,838.0,3.73,17.6,False
16037,ID,Custer,25.19642373,14.6,8.0,57405.0,282000.0,771.0,4.91,16.1,False
16039,ID,Elmore,21.20277146,11.8,6.0,63009.0,235200.0,1030.0,3.73,19.6,False
16041,ID,Franklin,21.47468569,7.1,3.0,71669.0,269100.0,792.0,3.75,13.3,True
16043,ID,Fremont,21.75457481,11.2,8.0,61115.0,243700.0,750.0,3.99,14.7,False
16045,ID,Gem,22.28034972,10.9,2.0,60771.0,324700.0,827.0,5.34,16.3,True
16047,ID,Gooding,17.05028154,12.8,8.0,59838.0,197800.0,841.0,3.31,16.9,False
16049,ID,Idaho,21.99842644,13.7,8.0,60907.0,258900.0,766.0,4.25,15.1,False
16051,ID,Jefferson,27.18099306,7.8,3.0,76474.0,284700.0,971.0,3.72,15.2,True
16053,ID,Jerome,13.36003151,12.3,3.0,61509.0,234300.0,834.0,3.81,16.3,True
16055,ID,Kootenai,28.75957931,9.3,3.0,75583.0,407000.0,1216.0,5.38,19.3,True
16057,ID,Latah,44.89985633,14.3,4.0,60108.0,309300.0,869.0,5.15,17.3,False
16059,ID,Lemhi,22.92011932,13.0,9.0,55554.0,254800.0,725.0,4.59,15.7,False
16061,ID,Lewis,19.98494543,13.5,8.0,55128.0,184800.0,662.0,3.35,14.4,False
16063,ID,Lincoln,11.62524993,12.1,8.0,61658.0,183400.0,804.0,2.97,15.6,False
16065,ID,Madison,40.32043464,20.6,4.0,52224.0,324300.0,916.0,6.21,21.0,False
16067,ID,Minidoka,16.83553598,11.2,7.0,60834.0,198400.0,871.0,3.26,17.2,False
16069,ID,Nez Perce,26.75748402,11.0,3.0,65558.0,259600.0,888.0,3.96,16.3,True
16071,ID,Oneida,26.17870096,10.0,8.0,66175.0,226000.0,884.0,3.42,16.0,False
16073,ID,Owyhee,13.67895826,11.8,2.0,57142.0,247200.0,734.0,4.33,15.4,True
16075,ID,Payette,19.63053766,11.2,6.0,61725.0,265500.0,823.0,4.3,16.0,False
16077,ID,Power,16.67332268,12.4,8.0,57426.0,174200.0,720.0,3.03,15.0,False
16079,ID,Shoshone,11.52945965,15.7,8.0,47005.0,183200.0,823.0,3.9,21.0,False
16081,ID,Teton,48.25471698,6.6,9.0,95580.0,479800.0,1071.0,5.02,13.4,False
16083,ID,Twin Falls,23.0037959,10.5,3.0,63860.0,262200.0,951.0,4.11,17.9,True
16085,ID,Valley,35.35642411,7.8,9.0,74166.0,471000.0,962.0,6.35,15.6,False
16087,ID,Washington,19.03699816,13.5,6.0,55072.0,212000.0,881.0,3.85,19.2,False
17001,IL,Adams,26.9571378,12.2,5.0,61747.0,151300.0,782.0,2.45,15.2,False
17003,IL,Alexander,12.55617978,25.8,3.0,41378.0,58600.0,652.0,1.42,18.9,True
17005,IL,Bond,21.24079916,13.6,1.0,66071.0,130300.0,698.0,1.97,12.7,True
17007,IL,Boone,23.2352028,10.8,2.0,83695.0,181700.0,938.0,2.17,13.4,True
17009,IL,Brown,15.08037225,13.7,9.0,78081.0,122100.0,625.0,1.56,9.6,False
17011,IL,Bureau,21.41825902,11.4,7.0,63042.0,120200.0,787.0,1.91,15.0,False
17013,IL,Calhoun,18.37320574,9.9,1.0,68525.0,160900.0,448.0,2.35,7.8,True
17015,IL,Carroll,18.15967994,12.9,9.0,64157.0,109900.0,751.0,1.71,14.0,False
17017,IL,Cass,19.97698504,11.6,6.0,62129.0,92000.0,681.0,1.48,13.2,False
17019,IL,Champaign,46.55708869,16.2,3.0,61205.0,192600.0,977.0,3.15,19.2,True
17021,IL,Christian,16.54841488,12.1,6.0,56888.0,108800.0,705.0,1.91,14.9,False
17023,IL,Clark,24.27247451,12.0,8.0,63655.0,112400.0,816.0,1.77,15.4,False
17025,IL,Clay,15.57821653,14.9,9.0,55282.0,103600.0,706.0,1.87,15.3,False
17027,IL,Clinton,24.44562374,7.5,1.0,79612.0,171500.0,888.0,2.15,13.4,True
17029,IL,Coles,27.14431867,17.3,5.0,57712.0,114000.0,778.0,1.98,16.2,False
17031,IL,Cook,41.94868973,13.2,1.0,76614.0,293700.0,1318.0,3.83,20.6,True
17033,IL,Crawford,20.63878439,14.2,6.0,66333.0,108200.0,763.0,1.63,13.8,False
17035,IL,Cumberland,18.60240298,11.2,9.0,79140.0,116000.0,683.0,1.47,10.4,False
17037,IL,DeKalb,32.67014839,12.5,1.0,71882.0,218600.0,1024.0,3.04,17.1,True
17039,IL,De Witt,21.36968928,10.8,6.0,64262.0,121100.0,801.0,1.88,15.0,False
17041,IL,Douglas,20.19752714,9.0,8.0,67796.0,137100.0,748.0,2.02,13.2,False
17043,IL,DuPage,51.44684929,6.6,1.0,102383.0,361700.0,1551.0,3.53,18.2,True
17045,IL,Edgar,20.14511658,13.6,6.0,63430.0,94100.0,716.0,1.48,13.5,False
17047,IL,Edwards,13.91848078,13.9,9.0,58387.0,92700.0,710.0,1.59,14.6,False
17049,IL,Effingham,26.00042167,9.8,7.0,74800.0,166500.0,697.0,2.23,11.2,False
17051,IL,Fayette,16.61483491,17.0,6.0,57729.0,111500.0,716.0,1.93,14.9,False
17053,IL,Ford,19.43846816,11.0,3.0,67135.0,113400.0,708.0,1.69,12.7,True
17055,IL,Franklin,17.12315865,17.9,7.0,49108.0,87500.0,725.0,1.78,17.7,False
17057,IL,Fulton,17.63906617,11.8,6.0,57362.0,99800.0,782.0,1.74,16.4,False
17059,IL,Gallatin,15.30754244,17.5,8.0,51367.0,81000.0,532.0,1.58,12.4,False
17061,IL,Greene,16.33112269,13.8,8.0,58196.0,92400.0,741.0,1.59,15.3,False
17063,IL,Grundy,24.22340848,6.8,1.0,93882.0,245400.0,1126.0,2.61,14.4,True
17065,IL,Hamilton,18.49023091,11.3,9.0,56984.0,100300.0,690.0,1.76,14.5,False
17067,IL,Hancock,24.18726651,13.0,9.0,63324.0,104200.0,736.0,1.65,13.9,False
17069,IL,Hardin,12.18120805,19.2,9.0,46568.0,90600.0,318.0,1.95,8.2,False
17071,IL,Henderson,19.23809524,13.2,9.0,61892.0,99800.0,732.0,1.61,14.2,False
17073,IL,Henry,24.34138782,9.6,2.0,70517.0,138900.0,814.0,1.97,13.9,True
17075,IL,Iroquois,16.73104397,12.3,8.0,65181.0,120900.0,773.0,1.85,14.2,False
17077,IL,Jackson,35.05219469,20.7,5.0,44756.0,123400.0,757.0,2.76,20.3,False
17079,IL,Jasper,20.56693884,9.4,9.0,66290.0,117900.0,770.0,1.78,13.9,False
17081,IL,Jefferson,18.37319093,15.4,7.0,58623.0,115000.0,838.0,1.96,17.2,False
17083,IL,Jersey,20.50751252,10.8,1.0,72363.0,161800.0,778.0,2.24,12.9,True
17085,IL,Jo Daviess,28.76108865,8.6,8.0,67217.0,179300.0,768.0,2.67,13.7,False
17087,IL,Johnson,18.81320949,15.2,8.0,59794.0,141200.0,630.0,2.36,12.6,False
17089,IL,Kane,37.4790962,8.4,1.0,93475.0,290100.0,1335.0,3.1,17.1,True
17091,IL,Kankakee,20.38269782,11.5,3.0,70494.0,176800.0,1025.0,2.51,17.4,True
17093,IL,Kendall,36.44464426,5.1,1.0,102509.0,288100.0,1695.0,2.81,19.8,True
17095,IL,Knox,20.29594023,16.3,4.0,57666.0,96800.0,694.0,1.68,14.4,False
17097,IL,Lake,46.95393034,8.2,1.0,101621.0,313700.0,1382.0,3.09,16.3,True
17099,IL,LaSalle,18.74676401,11.6,4.0,64711.0,147400.0,874.0,2.28,16.2,False
17101,IL,Lawrence,14.59728507,18.3,9.0,57460.0,93900.0,781.0,1.63,16.3,False
17103,IL,Lee,19.35342072,10.1,6.0,67371.0,147100.0,806.0,2.18,14.4,False
17105,IL,Livingston,18.47113513,11.1,6.0,74418.0,128100.0,836.0,1.72,13.5,False
17107,IL,Logan,19.86832704,14.4,6.0,53775.0,118200.0,761.0,2.2,17.0,False
17109,IL,McDonough,31.80431792,19.9,7.0,52812.0,100400.0,688.0,1.9,15.6,False
17111,IL,McHenry,35.19117119,6.3,1.0,99128.0,270600.0,1310.0,2.73,15.9,True
17113,IL,McLean,46.87393559,11.0,3.0,71825.0,191300.0,941.0,2.66,15.7,True
17115,IL,Macon,24.12657118,15.7,3.0,60648.0,119800.0,774.0,1.98,15.3,True
17117,IL,Macoupin,18.77699193,13.0,1.0,69880.0,121300.0,796.0,1.74,13.7,True
17119,IL,Madison,30.78407459,11.1,1.0,67441.0,159400.0,938.0,2.36,16.7,True
17121,IL,Marion,17.28968346,16.0,7.0,58489.0,96200.0,734.0,1.64,15.1,False
17123,IL,Marshall,18.71984939,10.2,2.0,69593.0,124600.0,746.0,1.79,12.9,True
17125,IL,Mason,17.0697774,14.9,8.0,60784.0,97000.0,747.0,1.6,14.7,False
17127,IL,Massac,16.27216005,17.7,3.0,52880.0,115200.0,738.0,2.18,16.7,True
17129,IL,Menard,26.46135967,10.3,3.0,78115.0,177100.0,748.0,2.27,11.5,True
17131,IL,Mercer,18.92934003,9.8,2.0,70430.0,131000.0,759.0,1.86,12.9,True
17133,IL,Monroe,38.23104113,4.9,1.0,100487.0,254100.0,956.0,2.53,11.4,True
17135,IL,Montgomery,18.20273114,14.7,6.0,56381.0,102000.0,684.0,1.81,14.6,False
17137,IL,Morgan,23.25954861,13.9,4.0,64842.0,122000.0,700.0,1.88,13.0,False
17139,IL,Moultrie,18.7847008,11.0,8.0,75505.0,116400.0,767.0,1.54,12.2,False
17141,IL,Ogle,24.04140464,9.2,6.0,78577.0,172900.0,841.0,2.2,12.8,False
17143,IL,Peoria,34.46672503,16.8,2.0,65421.0,150400.0,909.0,2.3,16.7,True
17145,IL,Perry,12.26058718,17.0,7.0,53051.0,102000.0,656.0,1.92,14.8,False
17147,IL,Piatt,31.88344949,6.8,3.0,85430.0,168300.0,917.0,1.97,12.9,True
17149,IL,Pike,18.83816614,15.0,9.0,54244.0,97000.0,641.0,1.79,14.2,False
17151,IL,Pope,16.84687827,16.1,8.0,54878.0,137500.0,393.0,2.51,8.6,False
17153,IL,Pulaski,11.91885038,22.4,8.0,44873.0,81600.0,599.0,1.82,16.0,False
17155,IL,Putnam,24.56437561,8.8,8.0,83029.0,161500.0,766.0,1.95,11.1,False
17157,IL,Randolph,14.21038151,11.8,6.0,62575.0,129400.0,740.0,2.07,14.2,False
17159,IL,Richland,18.86274151,13.1,7.0,56831.0,106400.0,724.0,1.87,15.3,False
17161,IL,Rock Island,24.06398599,14.8,2.0,62652.0,139800.0,846.0,2.23,16.2,True
17163,IL,St. Clair,30.74347719,13.4,1.0,67185.0,158500.0,1002.0,2.36,17.9,True
17165,IL,Saline,20.23487962,18.5,7.0,50979.0,87900.0,720.0,1.72,16.9,False
17167,IL,Sangamon,35.11987891,11.9,3.0,73684.0,162400.0,927.0,2.2,15.1,True
17169,IL,Schuyler,18.92863903,13.7,9.0,62968.0,100500.0,817.0,1.6,15.6,False
17171,IL,Scott,22.22545878,11.4,9.0,64853.0,95000.0,619.0,1.46,11.5,False
17173,IL,Shelby,17.59124088,10.6,8.0,65396.0,125200.0,768.0,1.91,14.1,False
17175,IL,Stark,19.27138332,11.3,2.0,59234.0,95900.0,758.0,1.62,15.4,True
17177,IL,Stephenson,21.73220825,12.7,4.0,60988.0,122000.0,755.0,2.0,14.9,False
17179,IL,Tazewell,28.35369502,8.9,2.0,73285.0,159100.0,850.0,2.17,13.9,True
17181,IL,Union,20.89540023,15.9,6.0,51116.0,129300.0,710.0,2.53,16.7,False
17183,IL,Vermilion,16.2329394,19.5,4.0,52083.0,91000.0,769.0,1.75,17.7,False
17185,IL,Wabash,18.70189841,14.4,7.0,63777.0,94100.0,728.0,1.48,13.7,False
17187,IL,Warren,22.03045685,12.1,6.0,57357.0,98200.0,697.0,1.71,14.6,False
17189,IL,Washington,24.40312913,8.7,8.0,71958.0,147100.0,801.0,2.04,13.4,False
17191,IL,Wayne,16.20879121,12.7,9.0,53359.0,107900.0,607.0,2.02,13.7,False
17193,IL,White,14.92355979,14.9,6.0,54611.0,101000.0,672.0,1.85,14.8,False
17195,IL,Whiteside,20.07212777,11.4,4.0,62038.0,122200.0,785.0,1.97,15.2,False
17197,IL,Will,36.45855835,7.2,1.0,97076.0,283600.0,1342.0,2.92,16.6,True
17199,IL,Williamson,27.45726718,16.8,5.0,64152.0,139500.0,824.0,2.17,15.4,False
17201,IL,Winnebago,24.59591173,14.7,2.0,62557.0,146800.0,941.0,2.35,18.1,True
17203,IL,Woodford,36.07936998,6.9,2.0,85892.0,186100.0,938.0,2.17,13.1,True
18001,IN,Adams,15.23181881,11.4,6.0,60620.0,164500.0,762.0,2.71,15.1,False
18003,IN,Allen,31.13484038,13.0,2.0,65967.0,173600.0,924.0,2.63,16.8,True
18005,IN,Bartholomew,35.38049781,10.0,3.0,68910.0,197500.0,1063.0,2.87,18.5,True
18007,IN,Benton,18.80414473,9.9,3.0,62248.0,122600.0,805.0,1.97,15.5,True
18009,IN,Blackford,13.49196907,15.7,6.0,54825.0,90200.0,701.0,1.65,15.3,False
18011,IN,Boone,50.48679579,4.7,1.0,102805.0,320000.0,1190.0,3.11,13.9,True
18013,IN,Brown,25.97994531,9.9,1.0,74161.0,227600.0,902.0,3.07,14.6,True
18015,IN,Carroll,15.47206433,9.2,3.0,64731.0,152900.0,846.0,2.36,15.7,True
18017,IN,Cass,15.64048396,13.1,4.0,60452.0,110600.0,747.0,1.83,14.8,False
18019,IN,Clark,25.46146948,9.4,1.0,68493.0,195100.0,1002.0,2.85,17.6,True
18021,IN,Clay,17.00776288,12.6,3.0,59057.0,130000.0,788.0,2.2,16.0,True
18023,IN,Clinton,16.71284339,11.4,6.0,60916.0,140100.0,844.0,2.3,16.6,False
18025,IN,Crawford,11.14493713,17.7,8.0,53547.0,105500.0,624.0,1.97,14.0,False
18027,IN,Daviess,15.11025887,10.6,7.0,63777.0,174000.0,820.0,2.73,15.4,False
18029,IN,Dearborn,26.03731239,7.9,1.0,77621.0,210800.0,863.0,2.72,13.3,True
18031,IN,Decatur,20.07640773,10.6,6.0,65847.0,174400.0,815.0,2.65,14.9,False
18033,IN,DeKalb,20.14079264,11.3,4.0,72910.0,157700.0,783.0,2.16,12.9,False
18035,IN,Delaware,25.69047789,19.4,3.0,54059.0,120500.0,841.0,2.23,18.7,True
18037,IN,Dubois,24.31095406,7.7,5.0,71171.0,187000.0,771.0,2.63,13.0,False
18039,IN,Elkhart,19.73180223,11.7,3.0,63777.0,181800.0,945.0,2.85,17.8,True
18041,IN,Fayette,16.44087538,16.1,6.0,54892.0,99100.0,763.0,1.81,16.7,False
18043,IN,Floyd,31.30816821,10.2,1.0,74264.0,214800.0,943.0,2.89,15.2,True
18045,IN,Fountain,13.67462635,10.6,8.0,63973.0,123400.0,793.0,1.93,14.9,False
18047,IN,Franklin,19.48708349,8.8,1.0,74779.0,200700.0,743.0,2.68,11.9,True
18049,IN,Fulton,16.23998298,11.0,7.0,62412.0,143400.0,795.0,2.3,15.3,False
18051,IN,Gibson,18.98649849,11.0,6.0,66247.0,159700.0,818.0,2.41,14.8,False
18053,IN,Grant,20.38148012,20.0,4.0,51053.0,109300.0,774.0,2.14,18.2,False
18055,IN,Greene,14.63636778,11.9,6.0,61663.0,116400.0,740.0,1.89,14.4,False
18057,IN,Hamilton,61.83441579,4.8,1.0,117068.0,350900.0,1412.0,3.0,14.5,True
18059,IN,Hancock,34.19659037,5.7,1.0,87845.0,235500.0,1058.0,2.68,14.5,True
18061,IN,Harrison,22.00824332,8.6,1.0,72259.0,202900.0,847.0,2.81,14.1,True
18063,IN,Hendricks,39.58417691,5.6,1.0,94760.0,257700.0,1271.0,2.72,16.1,True
18065,IN,Henry,16.69668125,12.7,6.0,54714.0,124900.0,787.0,2.28,17.3,False
18067,IN,Howard,19.97961088,12.7,3.0,56960.0,143100.0,855.0,2.51,18.0,True
18069,IN,Huntington,23.1142114,8.9,6.0,59491.0,134000.0,802.0,2.25,16.2,False
18071,IN,Jackson,20.27441485,10.1,4.0,66082.0,161300.0,905.0,2.44,16.4,False
18073,IN,Jasper,18.08259845,8.7,1.0,75738.0,190700.0,906.0,2.52,14.4,True
18075,IN,Jay,12.68623361,13.4,6.0,57690.0,101500.0,771.0,1.76,16.0,False
18077,IN,Jefferson,18.10274297,12.1,6.0,64214.0,168100.0,798.0,2.62,14.9,False
18079,IN,Jennings,13.62563592,13.4,6.0,63597.0,133200.0,873.0,2.09,16.5,False
18081,IN,Johnson,33.31461081,7.2,1.0,83036.0,240700.0,1155.0,2.9,16.7,True
18083,IN,Knox,17.78731128,15.7,7.0,58238.0,122100.0,746.0,2.1,15.4,False
18085,IN,Kosciusko,24.62388645,9.4,4.0,71611.0,183300.0,946.0,2.56,15.9,False
18087,IN,LaGrange,11.09291682,8.4,8.0,81010.0,230300.0,817.0,2.84,12.1,False
18089,IN,Lake,24.89602825,14.3,1.0,66169.0,195100.0,1039.0,2.95,18.8,True
18091,IN,LaPorte,21.70821651,14.3,3.0,66336.0,166200.0,860.0,2.51,15.6,True
18093,IN,Lawrence,20.46902323,12.1,6.0,60141.0,146700.0,776.0,2.44,15.5,False
18095,IN,Madison,20.05047154,13.0,1.0,58926.0,135100.0,888.0,2.29,18.1,True
18097,IN,Marion,34.06121356,15.6,1.0,62776.0,184100.0,1042.0,2.93,19.9,True
18099,IN,Marshall,20.44948892,10.6,6.0,70938.0,170800.0,882.0,2.41,14.9,False
18101,IN,Martin,13.15444072,13.2,9.0,64216.0,142400.0,603.0,2.22,11.3,False
18103,IN,Miami,16.11274549,15.2,6.0,60835.0,112800.0,776.0,1.85,15.3,False
18105,IN,Monroe,49.12037928,17.7,3.0,64299.0,240600.0,1105.0,3.74,20.6,True
18107,IN,Montgomery,19.53810624,10.9,6.0,66283.0,156400.0,787.0,2.36,14.2,False
18109,IN,Morgan,20.56141323,9.8,1.0,75542.0,200600.0,952.0,2.66,15.1,True
18111,IN,Newton,13.66827116,10.2,1.0,66837.0,147900.0,811.0,2.21,14.6,True
18113,IN,Noble,17.77791684,10.6,6.0,69567.0,168100.0,774.0,2.42,13.4,False
18115,IN,Ohio,18.95454545,9.2,1.0,70618.0,189600.0,852.0,2.68,14.5,True
18117,IN,Orange,15.1940125,13.7,8.0,54128.0,125100.0,767.0,2.31,17.0,False
18119,IN,Owen,16.99488491,12.5,3.0,62460.0,151400.0,843.0,2.42,16.2,True
18121,IN,Parke,14.21267008,15.2,8.0,64700.0,121500.0,780.0,1.88,14.5,False
18123,IN,Perry,16.48152182,14.3,7.0,55503.0,136700.0,632.0,2.46,13.7,False
18125,IN,Pike,15.72378397,10.8,8.0,63487.0,127000.0,648.0,2.0,12.2,False
18127,IN,Porter,30.08082474,9.3,1.0,84352.0,242300.0,1092.0,2.87,15.5,True
18129,IN,Posey,25.27619685,9.3,2.0,75907.0,200900.0,735.0,2.65,11.6,True
18131,IN,Pulaski,13.65355956,11.3,8.0,60487.0,131500.0,702.0,2.17,13.9,False
18133,IN,Putnam,19.88246431,10.8,6.0,68301.0,175600.0,866.0,2.57,15.2,False
18135,IN,Randolph,14.4065308,14.6,6.0,56920.0,97600.0,758.0,1.71,16.0,False
18137,IN,Ripley,19.35776579,10.3,6.0,63571.0,188400.0,750.0,2.96,14.2,False
18139,IN,Rush,16.76006113,10.8,6.0,61653.0,147200.0,802.0,2.39,15.6,False
18141,IN,St. Joseph,32.62437238,14.2,2.0,61028.0,165700.0,969.0,2.72,19.1,True
18143,IN,Scott,12.3655598,14.5,6.0,57837.0,137200.0,813.0,2.37,16.9,False
18145,IN,Shelby,19.41808982,11.2,1.0,66045.0,170000.0,910.0,2.57,16.5,True
18147,IN,Spencer,21.24443817,8.7,8.0,70440.0,168200.0,715.0,2.39,12.2,False
18149,IN,Starke,12.55751181,13.1,8.0,58523.0,145600.0,656.0,2.49,13.5,False
18151,IN,Steuben,24.67494214,10.2,7.0,73250.0,187500.0,896.0,2.56,14.7,False
18153,IN,Sullivan,14.28948933,15.6,3.0,55497.0,115200.0,797.0,2.08,17.2,True
18155,IN,Switzerland,9.995609542,12.8,8.0,63246.0,162000.0,697.0,2.56,13.2,False
18157,IN,Tippecanoe,40.06417296,17.1,3.0,56088.0,199300.0,1020.0,3.55,21.8,True
18159,IN,Tipton,24.88216099,9.0,1.0,65025.0,150700.0,842.0,2.32,15.5,True
18161,IN,Union,20.58063233,11.2,8.0,61171.0,149500.0,809.0,2.44,15.9,False
18163,IN,Vanderburgh,27.08232132,13.8,2.0,57997.0,162800.0,930.0,2.81,19.2,True
18165,IN,Vermillion,17.19369411,12.5,3.0,58280.0,99400.0,783.0,1.71,16.1,True
18167,IN,Vigo,25.87146845,20.2,3.0,52286.0,130300.0,853.0,2.49,19.6,True
18169,IN,Wabash,21.60125734,11.8,6.0,64025.0,135800.0,731.0,2.12,13.7,False
18171,IN,Warren,17.23509934,9.6,3.0,73539.0,151400.0,841.0,2.06,13.7,True
18173,IN,Warrick,35.50224486,8.3,2.0,84567.0,215600.0,964.0,2.55,13.7,True
18175,IN,Washington,13.82031051,13.0,1.0,65342.0,158200.0,714.0,2.42,13.1,True
18177,IN,Wayne,20.21584163,17.3,5.0,51622.0,119400.0,793.0,2.31,18.4,False
18179,IN,Wells,18.86010906,8.6,2.0,68879.0,161300.0,803.0,2.34,14.0,True
18181,IN,White,18.31723976,10.8,6.0,66167.0,153200.0,819.0,2.32,14.9,False
18183,IN,Whitley,22.77571148,8.5,2.0,72448.0,189800.0,902.0,2.62,14.9,True
19001,IA,Adair,20.01141335,9.8,8.0,66997.0,131600.0,723.0,1.96,12.9,False
19003,IA,Adams,24.46287222,11.6,9.0,58973.0,109400.0,787.0,1.86,16.0,False
19005,IA,Allamakee,19.85522234,11.1,8.0,60743.0,156900.0,721.0,2.58,14.2,False
19007,IA,Appanoose,19.34053439,16.1,7.0,53589.0,113900.0,757.0,2.13,17.0,False
19009,IA,Audubon,20.62391681,10.2,9.0,60504.0,99900.0,735.0,1.65,14.6,False
19011,IA,Benton,24.93036212,8.0,2.0,82762.0,189000.0,766.0,2.28,11.1,True
19013,IA,Black Hawk,30.13706873,14.2,3.0,62020.0,172500.0,932.0,2.78,18.0,True
19015,IA,Boone,28.73521097,8.2,3.0,74896.0,171600.0,852.0,2.29,13.7,True
19017,IA,Bremer,35.22562741,7.8,3.0,83797.0,202600.0,783.0,2.42,11.2,True
19019,IA,Buchanan,22.31994809,8.8,6.0,70498.0,166200.0,788.0,2.36,13.4,False
19021,IA,Buena Vista,22.07007344,12.2,7.0,67552.0,138100.0,781.0,2.04,13.9,False
19023,IA,Butler,20.44062438,7.9,8.0,67233.0,146300.0,749.0,2.18,13.4,False
19025,IA,Calhoun,21.4953271,11.6,9.0,64634.0,104900.0,696.0,1.62,12.9,False
19027,IA,Carroll,23.39668304,9.3,7.0,73643.0,162000.0,697.0,2.2,11.4,False
19029,IA,Cass,21.56671013,14.8,6.0,61204.0,127400.0,699.0,2.08,13.7,False
19031,IA,Cedar,21.47985791,7.9,8.0,71563.0,180700.0,830.0,2.53,13.9,False
19033,IA,Cerro Gordo,24.26477788,10.7,5.0,63279.0,145200.0,812.0,2.29,15.4,False
19035,IA,Cherokee,21.63103531,9.9,9.0,65985.0,145300.0,655.0,2.2,11.9,False
19037,IA,Chickasaw,19.08602151,8.8,8.0,74077.0,151700.0,745.0,2.05,12.1,False
19039,IA,Clarke,16.01745092,10.5,6.0,65129.0,127200.0,701.0,1.95,12.9,False
19041,IA,Clay,26.03846492,10.5,7.0,68542.0,151400.0,752.0,2.21,13.2,False
19043,IA,Clayton,15.74165029,10.5,8.0,64486.0,149500.0,738.0,2.32,13.7,False
19045,IA,Clinton,22.0994818,13.3,4.0,61136.0,144900.0,795.0,2.37,15.6,False
19047,IA,Crawford,18.26479721,11.2,7.0,67363.0,118400.0,732.0,1.76,13.0,False
19049,IA,Dallas,51.62640761,6.0,2.0,109138.0,314900.0,1198.0,2.89,13.2,True
19051,IA,Davis,17.62438683,11.6,9.0,65201.0,140300.0,835.0,2.15,15.4,False
19053,IA,Decatur,24.26085133,18.3,9.0,51749.0,97000.0,621.0,1.87,14.4,False
19055,IA,Delaware,19.73889482,8.7,8.0,74017.0,154600.0,732.0,2.09,11.9,False
19057,IA,Des Moines,23.836023,14.3,5.0,59688.0,135300.0,882.0,2.27,17.7,False
19059,IA,Dickinson,32.31011708,7.9,7.0,75406.0,236100.0,902.0,3.13,14.4,False
19061,IA,Dubuque,32.86459038,9.6,3.0,73492.0,210300.0,912.0,2.86,14.9,True
19063,IA,Emmet,15.65296527,9.8,7.0,56834.0,102700.0,724.0,1.81,15.3,False
19065,IA,Fayette,18.18919118,13.9,6.0,56599.0,123000.0,780.0,2.17,16.5,False
19067,IA,Floyd,18.49801642,11.5,7.0,64553.0,128800.0,627.0,2.0,11.7,False
19069,IA,Franklin,18.23253083,11.3,9.0,63775.0,108200.0,707.0,1.7,13.3,False
19071,IA,Fremont,21.1477152,9.8,8.0,69018.0,140400.0,709.0,2.03,12.3,False
19073,IA,Greene,19.80102696,10.7,8.0,63562.0,119100.0,828.0,1.87,15.6,False
19075,IA,Grundy,24.69437653,6.7,3.0,79386.0,166300.0,742.0,2.09,11.2,True
19077,IA,Guthrie,24.26767348,9.9,2.0,72701.0,153100.0,788.0,2.11,13.0,True
19079,IA,Hamilton,21.96940727,8.5,6.0,68795.0,116000.0,830.0,1.69,14.5,False
19081,IA,Hancock,21.37841352,9.9,9.0,67498.0,116000.0,782.0,1.72,13.9,False
19083,IA,Hardin,21.1922699,10.4,6.0,59622.0,109300.0,752.0,1.83,15.1,False
19085,IA,Harrison,21.22905028,9.8,2.0,73457.0,152000.0,819.0,2.07,13.4,True
19087,IA,Henry,22.5307303,12.7,6.0,63702.0,145200.0,727.0,2.28,13.7,False
19089,IA,Howard,18.71262197,9.9,8.0,66979.0,125100.0,708.0,1.87,12.7,False
19091,IA,Humboldt,19.26605505,9.6,7.0,71521.0,134300.0,662.0,1.88,11.1,False
19093,IA,Ida,20.69550466,9.4,8.0,67696.0,108000.0,646.0,1.6,11.5,False
19095,IA,Iowa,24.24816889,7.6,8.0,72948.0,175600.0,732.0,2.41,12.0,False
19097,IA,Jackson,18.35727761,9.3,6.0,64792.0,162100.0,726.0,2.5,13.4,False
19099,IA,Jasper,19.91364746,9.6,2.0,69047.0,163800.0,812.0,2.37,14.1,True
19101,IA,Jefferson,41.63053643,14.1,7.0,59603.0,141500.0,838.0,2.37,16.9,False
19103,IA,Johnson,54.56850317,15.5,3.0,74909.0,277800.0,1086.0,3.71,17.4,True
19105,IA,Jones,20.74793718,10.3,2.0,70671.0,165200.0,693.0,2.34,11.8,True
19107,IA,Keokuk,15.88530466,11.1,8.0,65653.0,105500.0,744.0,1.61,13.6,False
19109,IA,Kossuth,22.15586167,10.2,7.0,65510.0,118800.0,818.0,1.81,15.0,False
19111,IA,Lee,21.03933294,14.4,7.0,59017.0,121000.0,782.0,2.05,15.9,False
19113,IA,Linn,34.83299598,9.9,2.0,74134.0,188800.0,878.0,2.55,14.2,True
19115,IA,Louisa,16.46008263,9.8,8.0,70953.0,125500.0,747.0,1.77,12.6,False
19117,IA,Lucas,14.47778324,13.7,8.0,60245.0,111000.0,773.0,1.84,15.4,False
19119,IA,Lyon,20.76813656,7.8,8.0,74061.0,190800.0,776.0,2.58,12.6,False
19121,IA,Madison,25.49500613,7.0,2.0,80887.0,230500.0,932.0,2.85,13.8,True
19123,IA,Mahaska,22.99958966,11.7,7.0,68759.0,135100.0,773.0,1.96,13.5,False
19125,IA,Marion,33.06632059,8.0,6.0,73451.0,192300.0,845.0,2.62,13.8,False
19127,IA,Marshall,21.44715508,12.0,4.0,69818.0,125900.0,832.0,1.8,14.3,False
19129,IA,Mills,32.04776821,8.5,2.0,75835.0,225500.0,843.0,2.97,13.3,True
19131,IA,Mitchell,22.71219242,9.2,9.0,65132.0,149200.0,720.0,2.29,13.3,False
19133,IA,Monona,18.74491953,12.6,8.0,60237.0,108700.0,761.0,1.8,15.2,False
19135,IA,Monroe,19.98464197,10.2,9.0,66176.0,128000.0,723.0,1.93,13.1,False
19137,IA,Montgomery,18.72493431,13.0,6.0,58895.0,99300.0,718.0,1.69,14.6,False
19139,IA,Muscatine,22.71420157,11.7,4.0,69096.0,159000.0,936.0,2.3,16.3,False
19141,IA,O'Brien,22.4606136,9.1,7.0,67470.0,141900.0,691.0,2.1,12.3,False
19143,IA,Osceola,15.35423926,10.5,9.0,64993.0,114800.0,801.0,1.77,14.8,False
19145,IA,Page,18.80969225,13.8,6.0,60567.0,112400.0,742.0,1.86,14.7,False
19147,IA,Palo Alto,20.52969238,10.7,9.0,65438.0,117000.0,631.0,1.79,11.6,False
19149,IA,Plymouth,23.87991291,8.7,6.0,79431.0,199800.0,816.0,2.52,12.3,False
19151,IA,Pocahontas,18.65136298,11.1,9.0,61927.0,90400.0,735.0,1.46,14.2,False
19153,IA,Polk,39.54552309,11.5,2.0,77369.0,232000.0,1060.0,3.0,16.4,True
19155,IA,Pottawattamie,23.54001442,11.6,2.0,68712.0,169400.0,956.0,2.47,16.7,True
19157,IA,Poweshiek,28.16219322,10.3,6.0,69566.0,173600.0,850.0,2.5,14.7,False
19159,IA,Ringgold,25.23191095,14.1,9.0,60061.0,143100.0,699.0,2.38,14.0,False
19161,IA,Sac,21.18582791,10.0,9.0,72499.0,119500.0,622.0,1.65,10.3,False
19163,IA,Scott,36.22728802,11.0,2.0,68576.0,198000.0,919.0,2.89,16.1,True
19165,IA,Shelby,23.32202568,8.8,8.0,71628.0,152900.0,879.0,2.13,14.7,False
19167,IA,Sioux,30.38751699,6.9,6.0,75994.0,220700.0,795.0,2.9,12.6,False
19169,IA,Story,53.33752189,14.9,3.0,68720.0,229100.0,991.0,3.33,17.3,True
19171,IA,Tama,19.40005128,12.3,6.0,66295.0,129400.0,829.0,1.95,15.0,False
19173,IA,Taylor,15.48747873,13.0,9.0,56021.0,104500.0,636.0,1.87,13.6,False
19175,IA,Union,24.10231185,13.7,6.0,55812.0,113800.0,712.0,2.04,15.3,False
19177,IA,Van Buren,19.36821323,14.8,9.0,64550.0,107700.0,661.0,1.67,12.3,False
19179,IA,Wapello,19.42616807,13.8,5.0,61555.0,105800.0,909.0,1.72,17.7,False
19181,IA,Warren,32.68418979,5.8,2.0,90943.0,234300.0,943.0,2.58,12.4,True
19183,IA,Washington,24.89867957,9.5,3.0,70539.0,182400.0,849.0,2.59,14.4,True
19185,IA,Wayne,16.04118993,14.7,9.0,58000.0,98700.0,627.0,1.7,13.0,False
19187,IA,Webster,20.51137508,14.0,5.0,67110.0,130400.0,747.0,1.94,13.4,False
19189,IA,Winnebago,25.11421847,11.4,9.0,66776.0,121700.0,669.0,1.82,12.0,False
19191,IA,Winneshiek,31.52360355,7.9,7.0,72032.0,225400.0,763.0,3.13,12.7,False
19193,IA,Woodbury,23.39811002,12.9,3.0,66830.0,158000.0,913.0,2.36,16.4,True
19195,IA,Worth,20.06713913,9.2,9.0,71329.0,130600.0,685.0,1.83,11.5,False
19197,IA,Wright,23.50750611,11.0,9.0,67291.0,105400.0,731.0,1.57,13.0,False
20001,KS,Allen,21.27236581,16.0,7.0,50995.0,95700.0,703.0,1.88,16.5,False
20003,KS,Anderson,15.80868229,11.6,8.0,59683.0,141700.0,778.0,2.37,15.6,False
20005,KS,Atchison,22.92001608,13.6,6.0,59085.0,123400.0,771.0,2.09,15.7,False
20007,KS,Barber,27.12464589,11.7,9.0,59845.0,83300.0,695.0,1.39,13.9,False
20009,KS,Barton,21.67229533,15.0,7.0,56711.0,113200.0,738.0,2.0,15.6,False
20011,KS,Bourbon,24.31114879,15.4,6.0,44954.0,95600.0,774.0,2.13,20.7,False
20013,KS,Brown,18.3011583,12.2,8.0,56391.0,108700.0,662.0,1.93,14.1,False
20015,KS,Butler,32.57053988,9.2,2.0,80214.0,181700.0,963.0,2.27,14.4,True
20017,KS,Chase,29.27350427,11.4,8.0,58580.0,108300.0,602.0,1.85,12.3,False
20019,KS,Chautauqua,18.34786218,14.7,9.0,49457.0,58400.0,740.0,1.18,18.0,False
20021,KS,Cherokee,20.11976048,15.2,3.0,54965.0,91800.0,743.0,1.67,16.2,True
20023,KS,Cheyenne,21.61290323,12.2,9.0,56500.0,114700.0,673.0,2.03,14.3,False
20025,KS,Clark,30.9575234,12.2,9.0,58914.0,78500.0,798.0,1.33,16.3,False
20027,KS,Clay,23.35497456,11.0,8.0,59021.0,136600.0,750.0,2.31,15.2,False
20029,KS,Cloud,22.40161453,12.1,7.0,52483.0,91100.0,713.0,1.74,16.3,False
20031,KS,Coffey,21.2187711,9.8,8.0,69100.0,131200.0,813.0,1.9,14.1,False
20033,KS,Comanche,19.19111816,12.1,9.0,53657.0,63800.0,635.0,1.19,14.2,False
20035,KS,Cowley,24.25668543,15.2,4.0,56416.0,104000.0,776.0,1.84,16.5,False
20037,KS,Crawford,31.97421228,17.3,4.0,51835.0,114100.0,821.0,2.2,19.0,False
20039,KS,Decatur,27.80847145,13.9,9.0,51152.0,76100.0,700.0,1.49,16.4,False
20041,KS,Dickinson,21.93083353,10.5,6.0,63136.0,137000.0,755.0,2.17,14.3,False
20043,KS,Doniphan,21.49607883,12.3,3.0,64608.0,116400.0,733.0,1.8,13.6,True
20045,KS,Douglas,52.03068273,13.3,3.0,67482.0,259500.0,1041.0,3.85,18.5,True
20047,KS,Edwards,20.69311904,12.0,9.0,55777.0,65500.0,715.0,1.17,15.4,False
20049,KS,Elk,20.58003346,17.1,8.0,47094.0,57100.0,554.0,1.21,14.1,False
20051,KS,Ellis,39.54658493,15.6,5.0,61675.0,199100.0,864.0,3.23,16.8,False
20053,KS,Ellsworth,22.05762987,12.3,9.0,63636.0,109400.0,675.0,1.72,12.7,False
20055,KS,Finney,19.73520526,11.9,5.0,69966.0,183900.0,964.0,2.63,16.5,False
20057,KS,Ford,20.71382413,11.6,5.0,67714.0,121500.0,948.0,1.79,16.8,False
20059,KS,Franklin,25.29615145,11.1,6.0,67263.0,175500.0,882.0,2.61,15.7,False
20061,KS,Geary,24.37841425,11.0,3.0,60026.0,162400.0,1132.0,2.71,22.6,True
20063,KS,Gove,20.95238095,9.4,9.0,64037.0,112800.0,726.0,1.76,13.6,False
20065,KS,Graham,27.38707833,12.7,9.0,53233.0,87400.0,696.0,1.64,15.7,False
20067,KS,Grant,25.57550645,11.2,7.0,66022.0,147800.0,676.0,2.24,12.3,False
20069,KS,Gray,24.93723849,8.7,9.0,77761.0,162400.0,802.0,2.09,12.4,False
20071,KS,Greeley,33.4939759,11.1,9.0,72300.0,115700.0,749.0,1.6,12.4,False
20073,KS,Greenwood,18.98617512,14.3,8.0,52145.0,64900.0,663.0,1.24,15.3,False
20075,KS,Hamilton,20.8168643,11.5,9.0,63442.0,116800.0,900.0,1.84,17.0,False
20077,KS,Harper,21.66938554,14.1,8.0,52893.0,81000.0,654.0,1.53,14.8,False
20079,KS,Harvey,31.48954895,8.2,2.0,73854.0,160100.0,857.0,2.17,13.9,True
20081,KS,Haskell,22.21746575,10.8,9.0,69971.0,132500.0,713.0,1.89,12.2,False
20083,KS,Hodgeman,28.3982684,10.4,9.0,67478.0,86100.0,854.0,1.28,15.2,False
20085,KS,Jackson,21.02512786,10.5,3.0,70445.0,169100.0,821.0,2.4,14.0,True
20087,KS,Jefferson,24.56382002,8.3,3.0,75774.0,193000.0,832.0,2.55,13.2,True
20089,KS,Jewell,18.82086168,12.1,9.0,56144.0,58400.0,570.0,1.04,12.2,False
20091,KS,Johnson,56.87513859,5.3,1.0,99174.0,343300.0,1312.0,3.46,15.9,True
20093,KS,Kearny,14.64315012,10.2,9.0,75773.0,143200.0,996.0,1.89,15.8,False
20095,KS,Kingman,23.82720876,11.9,8.0,65597.0,97500.0,832.0,1.49,15.2,False
20097,KS,Kiowa,27.59036145,12.1,9.0,61700.0,121600.0,706.0,1.97,13.7,False
20099,KS,Labette,21.07038123,15.5,7.0,52318.0,94600.0,723.0,1.81,16.6,False
20101,KS,Lane,24.62546816,10.2,9.0,64934.0,82300.0,575.0,1.27,10.6,False
20103,KS,Leavenworth,36.61451737,8.3,1.0,79117.0,240800.0,1102.0,3.04,16.7,True
20105,KS,Lincoln,21.53406384,11.8,9.0,58049.0,94100.0,532.0,1.62,11.0,False
20107,KS,Linn,22.48589206,11.0,1.0,59651.0,148200.0,763.0,2.48,15.3,True
20109,KS,Logan,26.6562337,10.2,9.0,63204.0,116100.0,793.0,1.84,15.1,False
20111,KS,Lyon,27.71437384,13.7,4.0,55863.0,136100.0,763.0,2.44,16.4,False
20113,KS,McPherson,33.08540908,8.3,7.0,73766.0,180900.0,871.0,2.45,14.2,False
20115,KS,Marion,28.76729403,10.9,8.0,64337.0,114700.0,680.0,1.78,12.7,False
20117,KS,Marshall,18.87909866,9.2,8.0,58942.0,112300.0,671.0,1.91,13.7,False
20119,KS,Meade,22.75049116,9.6,9.0,68038.0,137500.0,736.0,2.02,13.0,False
20121,KS,Miami,32.14693808,7.0,1.0,82606.0,253100.0,1034.0,3.06,15.0,True
20123,KS,Mitchell,25.43191057,10.5,9.0,63929.0,100700.0,668.0,1.58,12.5,False
20125,KS,Montgomery,21.30756383,17.3,7.0,54955.0,90200.0,747.0,1.64,16.3,False
20127,KS,Morris,27.31597396,11.7,8.0,60741.0,111700.0,706.0,1.84,13.9,False
20129,KS,Morton,16.58589122,12.0,9.0,62896.0,96000.0,653.0,1.53,12.5,False
20131,KS,Nemaha,30.12975256,8.4,9.0,72719.0,174500.0,780.0,2.4,12.9,False
20133,KS,Neosho,21.8061674,14.9,7.0,49322.0,99400.0,623.0,2.02,15.2,False
20135,KS,Ness,23.00981461,10.2,9.0,61539.0,80400.0,606.0,1.31,11.8,False
20137,KS,Norton,19.42828232,13.9,9.0,56604.0,109800.0,722.0,1.94,15.3,False
20139,KS,Osage,20.99763765,10.8,3.0,62995.0,138400.0,781.0,2.2,14.9,True
20141,KS,Osborne,23.04313099,12.1,9.0,53971.0,80600.0,618.0,1.49,13.7,False
20143,KS,Ottawa,24.27232363,10.2,9.0,69542.0,157800.0,717.0,2.27,12.4,False
20145,KS,Pawnee,18.7756779,12.8,9.0,47939.0,93800.0,769.0,1.96,19.2,False
20147,KS,Phillips,22.32639906,10.1,9.0,58834.0,95400.0,601.0,1.62,12.3,False
20149,KS,Pottawatomie,36.54196526,7.9,3.0,85822.0,221600.0,1009.0,2.58,14.1,True
20151,KS,Pratt,26.55928718,9.5,7.0,65812.0,111100.0,763.0,1.69,13.9,False
20153,KS,Rawlins,17.29405346,10.9,9.0,59116.0,108500.0,695.0,1.84,14.1,False
20155,KS,Reno,20.54897892,11.8,4.0,57663.0,119200.0,828.0,2.07,17.2,False
20157,KS,Republic,25.37268026,11.9,9.0,53974.0,71000.0,656.0,1.32,14.6,False
20159,KS,Rice,24.26929392,10.6,9.0,61727.0,87700.0,711.0,1.42,13.8,False
20161,KS,Riley,47.97643088,18.0,3.0,55876.0,231000.0,1016.0,4.13,21.8,True
20163,KS,Rooks,24.02015677,11.2,9.0,57029.0,88200.0,676.0,1.55,14.2,False
20165,KS,Rush,21.51600753,12.4,9.0,56629.0,74900.0,724.0,1.32,15.3,False
20167,KS,Russell,18.07580175,13.1,9.0,48754.0,103500.0,757.0,2.12,18.6,False
20169,KS,Saline,29.08643998,11.5,5.0,57563.0,161900.0,869.0,2.81,18.1,False
20171,KS,Scott,33.3915575,7.9,9.0,71121.0,166100.0,642.0,2.34,10.8,False
20173,KS,Sedgwick,31.58549374,13.6,2.0,64720.0,175700.0,937.0,2.71,17.4,True
20175,KS,Seward,12.66213224,14.4,7.0,63579.0,126000.0,827.0,1.98,15.6,False
20177,KS,Shawnee,32.33406297,12.6,3.0,61255.0,159900.0,942.0,2.61,18.5,True
20179,KS,Sheridan,24.25531915,11.0,9.0,62918.0,134900.0,622.0,2.14,11.9,False
20181,KS,Sherman,25.13804891,13.7,9.0,57044.0,123900.0,827.0,2.17,17.4,False
20183,KS,Smith,24.55876831,11.9,9.0,52101.0,83900.0,564.0,1.61,13.0,False
20185,KS,Stafford,26.33490737,14.0,9.0,58019.0,96100.0,598.0,1.66,12.4,False
20187,KS,Stanton,23.69631902,10.7,9.0,76137.0,74000.0,825.0,0.97,13.0,False
20189,KS,Stevens,16.231973,10.5,9.0,69320.0,133800.0,899.0,1.93,15.6,False
20191,KS,Sumner,26.71634901,11.2,2.0,62921.0,116400.0,838.0,1.85,16.0,True
20193,KS,Thomas,30.2471637,9.4,7.0,62916.0,165300.0,742.0,2.63,14.2,False
20195,KS,Trego,28.74589009,10.7,9.0,54628.0,114900.0,646.0,2.1,14.2,False
20197,KS,Wabaunsee,26.64576803,9.0,3.0,68435.0,169600.0,790.0,2.48,13.9,True
20199,KS,Wallace,22.67326733,13.4,9.0,62309.0,96200.0,564.0,1.54,10.9,False
20201,KS,Washington,23.30452998,11.3,9.0,63797.0,106100.0,540.0,1.66,10.2,False
20203,KS,Wichita,18.83959044,10.5,9.0,68225.0,96700.0,683.0,1.42,12.0,False
20205,KS,Wilson,21.25546954,14.3,9.0,52064.0,91700.0,725.0,1.76,16.7,False
20207,KS,Woodson,22.60390161,13.9,9.0,49477.0,85300.0,584.0,1.72,14.2,False
20209,KS,Wyandotte,20.47053277,17.1,1.0,58701.0,139800.0,1043.0,2.38,21.3,True
21001,KY,Adair,18.75683273,22.1,7.0,44153.0,126900.0,725.0,2.87,19.7,False
21003,KY,Allen,17.38002594,16.4,3.0,61655.0,160200.0,831.0,2.6,16.2,True
21005,KY,Anderson,25.71634097,9.0,6.0,66846.0,198800.0,839.0,2.97,15.1,False
21007,KY,Ballard,18.65021771,14.4,3.0,56605.0,102000.0,758.0,1.8,16.1,True
21009,KY,Barren,17.81039399,18.0,6.0,50658.0,156800.0,745.0,3.1,17.6,False
21011,KY,Bath,14.39971834,17.8,8.0,48260.0,101300.0,566.0,2.1,14.1,False
21013,KY,Bell,13.94310878,28.9,7.0,33923.0,76700.0,608.0,2.26,21.5,False
21015,KY,Boone,35.37601391,7.4,1.0,90265.0,237600.0,1177.0,2.63,15.6,True
21017,KY,Bourbon,25.45912856,14.2,2.0,56879.0,187700.0,761.0,3.3,16.1,True
21019,KY,Boyd,19.37514572,18.1,2.0,55397.0,129000.0,796.0,2.33,17.2,True
21021,KY,Boyle,27.37101211,14.7,7.0,57975.0,179800.0,762.0,3.1,15.8,False
21023,KY,Bracken,16.99828473,14.3,1.0,58301.0,115100.0,744.0,1.97,15.3,True
21025,KY,Breathitt,16.52263374,30.3,9.0,36300.0,58800.0,501.0,1.62,16.6,False
21027,KY,Breckinridge,14.91461366,16.5,8.0,52400.0,124800.0,697.0,2.38,16.0,False
21029,KY,Bullitt,18.9064292,8.4,1.0,77192.0,214000.0,947.0,2.77,14.7,True
21031,KY,Butler,9.518322194,15.0,3.0,50824.0,102200.0,650.0,2.01,15.3,True
21033,KY,Caldwell,18.06927882,15.8,7.0,51553.0,103200.0,706.0,2.0,16.4,False
21035,KY,Calloway,32.32249786,17.6,7.0,51949.0,169100.0,770.0,3.26,17.8,False
21037,KY,Campbell,39.45498174,10.3,1.0,74149.0,214400.0,979.0,2.89,15.8,True
21039,KY,Carlisle,14.6179402,12.9,3.0,54535.0,90100.0,764.0,1.65,16.8,True
21041,KY,Carroll,8.863763261,16.2,6.0,59226.0,128100.0,806.0,2.16,16.3,False
21043,KY,Carter,15.43091655,19.2,2.0,48285.0,122300.0,708.0,2.53,17.6,True
21045,KY,Casey,11.80467476,21.1,9.0,43539.0,124300.0,618.0,2.85,17.0,False
21047,KY,Christian,19.97449348,17.8,2.0,56610.0,142000.0,984.0,2.51,20.9,True
21049,KY,Clark,22.2380421,10.8,2.0,61641.0,183200.0,858.0,2.97,16.7,True
21051,KY,Clay,16.57606826,37.2,9.0,34473.0,73500.0,642.0,2.13,22.3,False
21053,KY,Clinton,16.50957738,23.6,9.0,41739.0,90600.0,605.0,2.17,17.4,False
21055,KY,Crittenden,12.56114881,17.9,8.0,50452.0,105300.0,670.0,2.09,15.9,False
21057,KY,Cumberland,17.45152355,23.1,9.0,48864.0,126100.0,516.0,2.58,12.7,False
21059,KY,Daviess,25.24151455,16.2,3.0,65949.0,171100.0,890.0,2.59,16.2,True
21061,KY,Edmonson,10.30848611,16.0,3.0,51402.0,116000.0,672.0,2.26,15.7,True
21063,KY,Elliott,6.224362404,25.8,8.0,40312.0,90400.0,625.0,2.24,18.6,False
21065,KY,Estill,9.857213195,22.7,8.0,39402.0,100600.0,665.0,2.55,20.3,False
21067,KY,Fayette,47.31032442,15.7,2.0,63667.0,247900.0,1065.0,3.89,20.1,True
21069,KY,Fleming,16.36907634,18.1,9.0,50012.0,109300.0,684.0,2.19,16.4,False
21071,KY,Floyd,15.08656884,26.5,7.0,37296.0,89900.0,740.0,2.41,23.8,False
21073,KY,Franklin,31.8318484,11.8,4.0,58456.0,184000.0,902.0,3.15,18.5,False
21075,KY,Fulton,17.26730046,25.9,9.0,40409.0,75000.0,622.0,1.86,18.5,False
21077,KY,Gallatin,13.1934033,13.1,1.0,59175.0,154600.0,815.0,2.61,16.5,True
21079,KY,Garrard,19.07233214,17.6,8.0,57748.0,170800.0,825.0,2.96,17.1,False
21081,KY,Grant,15.1131333,13.0,1.0,66458.0,173600.0,835.0,2.61,15.1,True
21083,KY,Graves,17.43078716,17.6,6.0,53408.0,134900.0,662.0,2.53,14.9,False
21085,KY,Grayson,14.63001421,17.8,6.0,52130.0,141500.0,636.0,2.71,14.6,False
21087,KY,Green,16.60768761,17.6,8.0,46169.0,97100.0,610.0,2.1,15.9,False
21089,KY,Greenup,18.32294484,15.9,2.0,54462.0,132200.0,824.0,2.43,18.2,True
21091,KY,Hancock,16.796875,11.9,8.0,66300.0,116800.0,785.0,1.76,14.2,False
21093,KY,Hardin,24.42470025,14.2,3.0,61920.0,186500.0,909.0,3.01,17.6,True
21095,KY,Harlan,12.70135969,29.7,7.0,36022.0,71300.0,625.0,1.98,20.8,False
21097,KY,Harrison,20.13065937,13.9,6.0,60962.0,170600.0,710.0,2.8,14.0,False
21099,KY,Hart,10.71347335,17.7,8.0,47229.0,115500.0,658.0,2.45,16.7,False
21101,KY,Henderson,19.03184304,13.2,4.0,55530.0,156200.0,775.0,2.81,16.7,False
21103,KY,Henry,14.81276517,14.6,1.0,65068.0,161600.0,863.0,2.48,15.9,True
21105,KY,Hickman,14.35552841,18.7,8.0,53838.0,112700.0,755.0,2.09,16.8,False
21107,KY,Hopkins,16.62738854,16.0,5.0,52198.0,125800.0,815.0,2.41,18.7,False
21109,KY,Jackson,10.33568905,23.9,9.0,41007.0,101900.0,652.0,2.48,19.1,False
21111,KY,Jefferson,36.57785935,16.2,1.0,64719.0,222200.0,1045.0,3.43,19.4,True
21113,KY,Jessamine,32.4103784,10.3,2.0,69216.0,226900.0,972.0,3.28,16.9,True
21115,KY,Johnson,16.59499115,25.0,7.0,42877.0,130900.0,714.0,3.05,20.0,False
21117,KY,Kenton,37.60024092,10.6,1.0,77284.0,207700.0,961.0,2.69,14.9,True
21119,KY,Knott,17.84913354,26.1,9.0,38456.0,66600.0,635.0,1.73,19.8,False
21121,KY,Knox,13.54538782,35.0,7.0,36573.0,109200.0,623.0,2.99,20.4,False
21123,KY,Larue,15.62351148,16.1,3.0,53939.0,164000.0,816.0,3.04,18.2,True
21125,KY,Laurel,16.52183908,21.8,5.0,50721.0,141300.0,772.0,2.79,18.3,False
21127,KY,Lawrence,14.19182948,20.6,2.0,42776.0,100300.0,735.0,2.34,20.6,True
21129,KY,Lee,7.534866872,31.1,9.0,34632.0,77400.0,567.0,2.23,19.6,False
21131,KY,Leslie,10.42751439,26.7,9.0,36666.0,77900.0,550.0,2.12,18.0,False
21133,KY,Letcher,13.67290459,23.8,9.0,37854.0,66000.0,625.0,1.74,19.8,False
21135,KY,Lewis,11.28961268,22.1,8.0,44098.0,83400.0,690.0,1.89,18.8,False
21137,KY,Lincoln,15.24278176,19.1,9.0,49814.0,130100.0,678.0,2.61,16.3,False
21139,KY,Livingston,13.90482096,14.3,3.0,55355.0,108100.0,849.0,1.95,18.4,True
21141,KY,Logan,16.56786108,14.8,6.0,56823.0,134200.0,683.0,2.36,14.4,False
21143,KY,Lyon,16.30481056,15.9,8.0,58938.0,164100.0,689.0,2.78,14.0,False
21145,KY,McCracken,27.93907563,15.7,3.0,60026.0,172300.0,849.0,2.87,17.0,True
21147,KY,McCreary,9.134453782,35.9,9.0,35443.0,85300.0,580.0,2.41,19.6,False
21149,KY,McLean,18.4222957,14.7,3.0,55555.0,139400.0,534.0,2.51,11.5,True
21151,KY,Madison,34.17974709,13.8,4.0,60994.0,200600.0,826.0,3.29,16.3,False
21153,KY,Magoffin,13.18938927,29.2,9.0,35669.0,83400.0,623.0,2.34,21.0,False
21155,KY,Marion,12.72700097,14.6,6.0,53676.0,141000.0,687.0,2.63,15.4,False
21157,KY,Marshall,21.0460124,13.8,8.0,64395.0,160600.0,742.0,2.49,13.8,False
21159,KY,Martin,10.73301622,48.1,8.0,34435.0,91800.0,695.0,2.67,24.2,False
21161,KY,Mason,21.06630899,17.0,6.0,49029.0,156600.0,697.0,3.19,17.1,False
21163,KY,Meade,18.41565259,11.7,1.0,69632.0,187400.0,929.0,2.69,16.0,True
21165,KY,Menifee,10.86519115,25.1,9.0,43226.0,104600.0,646.0,2.42,17.9,False
21167,KY,Mercer,22.45154005,13.4,6.0,65292.0,181400.0,720.0,2.78,13.2,False
21169,KY,Metcalfe,13.09358512,24.2,9.0,44973.0,95100.0,585.0,2.11,15.6,False
21171,KY,Monroe,14.87179487,23.7,8.0,45872.0,113900.0,654.0,2.48,17.1,False
21173,KY,Montgomery,20.82345666,14.6,6.0,55924.0,142300.0,775.0,2.54,16.6,False
21175,KY,Morgan,17.58295222,24.7,9.0,41863.0,90800.0,681.0,2.17,19.5,False
21177,KY,Muhlenberg,12.97149373,20.2,6.0,48190.0,115900.0,658.0,2.41,16.4,False
21179,KY,Nelson,22.83209335,12.9,1.0,66681.0,204000.0,913.0,3.06,16.4,True
21181,KY,Nicholas,9.461285963,17.2,8.0,51100.0,111300.0,661.0,2.18,15.5,False
21183,KY,Ohio,14.17826952,16.0,6.0,50275.0,114900.0,760.0,2.29,18.1,False
21185,KY,Oldham,45.6266789,5.8,1.0,116173.0,357500.0,1113.0,3.08,11.5,True
21187,KY,Owen,17.27595837,15.4,8.0,60592.0,151300.0,827.0,2.5,16.4,False
21191,KY,Pendleton,16.5550522,13.2,1.0,65727.0,152000.0,838.0,2.31,15.3,True
21193,KY,Perry,14.23813915,29.7,7.0,43945.0,92800.0,735.0,2.11,20.1,False
21195,KY,Pike,16.01031982,23.4,7.0,41837.0,96900.0,826.0,2.32,23.7,False
21197,KY,Powell,17.31704558,22.1,8.0,42434.0,123400.0,693.0,2.91,19.6,False
21199,KY,Pulaski,17.91311847,17.0,5.0,46380.0,140400.0,810.0,3.03,21.0,False
21201,KY,Robertson,13.54029062,19.6,8.0,53456.0,143500.0,625.0,2.68,14.0,False
21203,KY,Rockcastle,13.69410127,21.8,9.0,45161.0,100300.0,685.0,2.22,18.2,False
21205,KY,Rowan,27.02198258,24.0,6.0,50498.0,149900.0,759.0,2.97,18.0,False
21207,KY,Russell,15.80420699,22.3,9.0,44425.0,121400.0,611.0,2.73,16.5,False
21209,KY,Scott,33.2457122,10.0,2.0,86169.0,240800.0,1098.0,2.79,15.3,True
21211,KY,Shelby,31.04469654,11.6,1.0,81815.0,247500.0,939.0,3.03,13.8,True
21213,KY,Simpson,16.75263512,13.7,6.0,58550.0,178600.0,968.0,3.05,19.8,False
21215,KY,Spencer,22.1043578,7.0,1.0,101552.0,288200.0,927.0,2.84,11.0,True
21217,KY,Taylor,21.97527999,19.4,7.0,52414.0,156800.0,708.0,2.99,16.2,False
21219,KY,Todd,15.9376947,16.3,8.0,53280.0,126600.0,789.0,2.38,17.8,False
21221,KY,Trigg,20.30341838,13.6,2.0,56433.0,173900.0,639.0,3.08,13.6,True
21223,KY,Trimble,14.69367425,13.2,8.0,65828.0,152600.0,894.0,2.32,16.3,False
21225,KY,Union,11.79345516,14.5,8.0,58223.0,109100.0,735.0,1.87,15.1,False
21227,KY,Warren,33.35939258,14.2,3.0,60651.0,227300.0,942.0,3.75,18.6,True
21229,KY,Washington,18.88823182,13.1,8.0,59937.0,158700.0,782.0,2.65,15.7,False
21231,KY,Wayne,13.72131031,25.0,7.0,39863.0,112800.0,676.0,2.83,20.3,False
21233,KY,Webster,12.59743237,15.4,9.0,56052.0,86700.0,710.0,1.55,15.2,False
21235,KY,Whitley,19.81140237,26.9,7.0,43604.0,114300.0,692.0,2.62,19.0,False
21237,KY,Wolfe,7.393428064,28.6,9.0,37718.0,62200.0,440.0,1.65,14.0,False
21239,KY,Woodford,41.71197101,10.6,2.0,76633.0,259100.0,936.0,3.38,14.7,True
22001,LA,Acadia,13.42635495,25.0,2.0,42981.0,145100.0,719.0,3.38,20.1,True
22003,LA,Allen,11.62384635,20.1,6.0,51423.0,113400.0,734.0,2.21,17.1,False
22005,LA,Ascension,28.47335419,10.7,2.0,81284.0,255600.0,1230.0,3.14,18.2,True
22007,LA,Assumption,13.65210895,18.3,2.0,54403.0,130600.0,766.0,2.4,16.9,True
22009,LA,Avoyelles,10.92310585,27.0,6.0,41587.0,123600.0,749.0,2.97,21.6,False
22011,LA,Beauregard,17.83293868,15.7,6.0,64394.0,150200.0,867.0,2.33,16.2,False
22013,LA,Bienville,13.50689809,25.3,8.0,41807.0,85800.0,541.0,2.05,15.5,False
22015,LA,Bossier,27.31905628,13.8,2.0,63812.0,206600.0,1101.0,3.24,20.7,True
22017,LA,Caddo,25.2887996,22.8,2.0,47699.0,166700.0,927.0,3.49,23.3,True
22019,LA,Calcasieu,24.70529816,17.6,2.0,61797.0,196900.0,1025.0,3.19,19.9,True
22021,LA,Caldwell,10.72409308,20.3,8.0,46464.0,103500.0,801.0,2.23,20.7,False
22025,LA,Catahoula,16.59657069,30.0,9.0,41676.0,91300.0,712.0,2.19,20.5,False
22027,LA,Claiborne,10.99361532,29.2,9.0,37788.0,79100.0,626.0,2.09,19.9,False
22029,LA,Concordia,17.37395129,25.2,6.0,41101.0,94600.0,772.0,2.3,22.5,False
22031,LA,De Soto,14.89361702,17.7,2.0,52776.0,144100.0,660.0,2.73,15.0,True
22033,LA,East Baton Rouge,38.23044339,20.0,2.0,61376.0,232800.0,1081.0,3.79,21.1,True
22035,LA,East Carroll,10.95058626,46.5,8.0,30688.0,72600.0,724.0,2.37,28.3,False
22037,LA,East Feliciana,17.0343052,19.9,2.0,56830.0,204800.0,678.0,3.6,14.3,True
22039,LA,Evangeline,12.57066844,22.2,6.0,40933.0,101000.0,667.0,2.47,19.6,False
22041,LA,Franklin,16.19756116,23.9,6.0,38584.0,99200.0,701.0,2.57,21.8,False
22043,LA,Grant,12.77028746,20.4,3.0,52832.0,128100.0,816.0,2.42,18.5,True
22045,LA,Iberia,14.65431909,22.1,4.0,45077.0,152400.0,846.0,3.38,22.5,False
22047,LA,Iberville,16.64307286,20.2,2.0,53205.0,161400.0,803.0,3.03,18.1,True
22049,LA,Jackson,13.3553563,19.4,6.0,43813.0,105700.0,703.0,2.41,19.3,False
22051,LA,Jefferson,29.94595164,17.1,1.0,61157.0,231700.0,1121.0,3.79,22.0,True
22053,LA,Jefferson Davis,14.99533147,17.8,2.0,52414.0,149800.0,787.0,2.86,18.0,True
22055,LA,Lafayette,34.85704637,16.9,2.0,58641.0,222400.0,986.0,3.79,20.2,True
22057,LA,Lafourche,20.44385075,19.4,3.0,59575.0,177200.0,873.0,2.97,17.6,True
22059,LA,La Salle,17.35150925,20.0,8.0,55633.0,120500.0,646.0,2.17,13.9,False
22061,LA,Lincoln,35.95092954,28.4,4.0,44752.0,184300.0,817.0,4.12,21.9,False
22063,LA,Livingston,20.28000332,14.1,2.0,72887.0,210100.0,1130.0,2.88,18.6,True
22065,LA,Madison,12.79546171,34.1,6.0,33403.0,88200.0,603.0,2.64,21.7,False
22067,LA,Morehouse,12.69230769,31.3,3.0,39493.0,104300.0,714.0,2.64,21.7,True
22069,LA,Natchitoches,25.61355932,24.3,6.0,42178.0,155700.0,786.0,3.69,22.4,False
22071,LA,Orleans,41.95147978,23.1,1.0,51913.0,281500.0,1162.0,5.42,26.9,True
22073,LA,Ouachita,27.54424991,21.4,3.0,47283.0,172800.0,886.0,3.65,22.5,True
22075,LA,Plaquemines,19.84708093,15.6,1.0,71876.0,253300.0,1559.0,3.52,26.0,True
22077,LA,Pointe Coupee,15.50554017,20.1,2.0,56457.0,172500.0,843.0,3.06,17.9,True
22079,LA,Rapides,22.41916475,19.9,3.0,55870.0,171400.0,925.0,3.07,19.9,True
22081,LA,Red River,11.17274168,24.5,8.0,44139.0,99100.0,710.0,2.25,19.3,False
22083,LA,Richland,18.10632461,25.1,3.0,44470.0,121800.0,772.0,2.74,20.8,True
22085,LA,Sabine,14.4716844,19.3,8.0,45072.0,112300.0,659.0,2.49,17.5,False
22087,LA,St. Bernard,17.19071811,18.0,1.0,51485.0,184000.0,1037.0,3.57,24.2,True
22089,LA,St. Charles,27.21446881,12.9,1.0,75223.0,248600.0,1122.0,3.3,17.9,True
22091,LA,St. Helena,11.74979995,22.8,2.0,45024.0,104700.0,761.0,2.33,20.3,True
22093,LA,St. James,20.19466474,15.1,1.0,67938.0,185200.0,801.0,2.73,14.1,True
22095,LA,St. John the Baptist,18.7166358,16.8,1.0,60569.0,173200.0,1139.0,2.86,22.6,True
22097,LA,St. Landry,14.32986215,23.2,4.0,42765.0,148400.0,739.0,3.47,20.7,False
22099,LA,St. Martin,15.34325301,18.1,2.0,54265.0,139900.0,773.0,2.58,17.1,True
22101,LA,St. Mary,13.12156791,21.4,4.0,48242.0,128000.0,829.0,2.65,20.6,False
22103,LA,St. Tammany,36.56543699,11.9,2.0,78629.0,262400.0,1247.0,3.34,19.0,True
22105,LA,Tangipahoa,22.22837073,19.0,3.0,54942.0,193300.0,930.0,3.52,20.3,True
22107,LA,Tensas,13.14147018,30.8,9.0,33290.0,78300.0,622.0,2.35,22.4,False
22109,LA,Terrebonne,17.73819178,16.1,3.0,57376.0,174400.0,956.0,3.04,20.0,True
22111,LA,Union,15.96361186,18.3,3.0,48003.0,117300.0,698.0,2.44,17.4,True
22113,LA,Vermilion,16.84449011,17.5,2.0,50554.0,154000.0,745.0,3.05,17.7,True
22115,LA,Vernon,19.08836652,16.7,4.0,52626.0,141900.0,1020.0,2.7,23.3,False
22117,LA,Washington,12.71044314,23.3,6.0,41779.0,133200.0,731.0,3.19,21.0,False
22119,LA,Webster,12.79868936,20.3,6.0,43698.0,100100.0,735.0,2.29,20.2,False
22121,LA,West Baton Rouge,23.05792777,13.6,2.0,71362.0,223900.0,976.0,3.14,16.4,True
22123,LA,West Carroll,14.12412561,19.6,8.0,41380.0,100600.0,673.0,2.43,19.5,False
22125,LA,West Feliciana,22.56322332,22.3,2.0,68266.0,239700.0,1034.0,3.51,18.2,True
22127,LA,Winn,16.10265963,24.2,8.0,45646.0,98100.0,624.0,2.15,16.4,False
23001,ME,Androscoggin,23.44035934,13.0,3.0,62848.0,211800.0,916.0,3.37,17.5,True
23003,ME,Aroostook,22.37381986,12.1,7.0,51562.0,125400.0,681.0,2.43,15.8,False
23005,ME,Cumberland,52.16354177,6.9,2.0,88571.0,372900.0,1389.0,4.21,18.8,True
23007,ME,Franklin,29.90207347,13.6,8.0,52159.0,170600.0,752.0,3.27,17.3,False
23009,ME,Hancock,39.17598092,10.1,8.0,63879.0,250900.0,949.0,3.93,17.8,False
23011,ME,Kennebec,30.89320731,11.5,4.0,63191.0,198300.0,900.0,3.14,17.1,False
23013,ME,Knox,39.10289062,8.6,7.0,65615.0,260800.0,1027.0,3.97,18.8,False
23015,ME,Lincoln,40.03759398,9.8,8.0,72657.0,276400.0,930.0,3.8,15.4,False
23017,ME,Oxford,22.49882469,14.5,6.0,58842.0,176800.0,781.0,3.0,15.9,False
23019,ME,Penobscot,30.47624203,12.6,3.0,60761.0,176700.0,932.0,2.91,18.4,True
23021,ME,Piscataquis,21.80696931,15.3,8.0,52529.0,137800.0,792.0,2.62,18.1,False
23023,ME,Sagadahoc,41.11319486,8.7,2.0,73587.0,268600.0,991.0,3.65,16.2,True
23025,ME,Somerset,20.31048885,13.3,6.0,55093.0,150500.0,849.0,2.73,18.5,False
23027,ME,Waldo,34.81874624,12.7,8.0,63619.0,210600.0,886.0,3.31,16.7,False
23029,ME,Washington,24.91054106,20.1,9.0,55381.0,135400.0,687.0,2.44,14.9,False
23031,ME,York,34.57061989,8.1,2.0,81315.0,323500.0,1166.0,3.98,17.2,True
24001,MD,Allegany,21.12367521,18.8,4.0,50582.0,143300.0,743.0,2.83,17.6,False
24003,MD,Anne Arundel,45.2402944,6.3,1.0,112525.0,432000.0,1908.0,3.84,20.3,True
24005,MD,Baltimore,41.42213879,9.8,1.0,86198.0,310800.0,1479.0,3.61,20.6,True
24009,MD,Calvert,35.26277586,4.9,3.0,118110.0,418900.0,1589.0,3.55,16.1,True
24011,MD,Caroline,17.57313015,13.3,6.0,65981.0,258800.0,1074.0,3.92,19.5,False
24013,MD,Carroll,39.74110885,6.4,1.0,105096.0,390200.0,1283.0,3.71,14.6,True
24015,MD,Cecil,26.90086556,10.0,1.0,84513.0,292500.0,1322.0,3.46,18.8,True
24017,MD,Charles,31.63794311,7.8,1.0,112932.0,382800.0,1839.0,3.39,19.5,True
24019,MD,Dorchester,18.8040745,15.7,6.0,54206.0,226000.0,968.0,4.17,21.4,False
24021,MD,Frederick,44.88263401,6.4,1.0,116796.0,412500.0,1633.0,3.53,16.8,True
24023,MD,Garrett,24.63950135,10.8,8.0,59080.0,220100.0,681.0,3.73,13.8,False
24025,MD,Harford,39.48278397,7.3,1.0,100334.0,351100.0,1475.0,3.5,17.6,True
24027,MD,Howard,64.47539159,5.6,1.0,133068.0,551300.0,1920.0,4.14,17.3,True
24029,MD,Kent,37.92163054,13.0,6.0,69695.0,291900.0,1072.0,4.19,18.5,False
24031,MD,Montgomery,60.28579691,7.2,1.0,118020.0,588900.0,1957.0,4.99,19.9,True
24033,MD,Prince George's,36.07875395,11.0,1.0,93833.0,380500.0,1713.0,4.06,21.9,True
24035,MD,Queen Anne's,37.22942541,6.5,1.0,109436.0,421900.0,1600.0,3.86,17.5,True
24037,MD,St. Mary's,35.1002175,8.4,3.0,112154.0,376900.0,1595.0,3.36,17.1,True
24039,MD,Somerset,17.12824131,22.9,3.0,53590.0,157200.0,934.0,2.93,20.9,True
24041,MD,Talbot,41.32585058,10.1,6.0,76583.0,382000.0,1204.0,4.99,18.9,False
24043,MD,Washington,23.5213395,11.5,2.0,69271.0,262400.0,1049.0,3.79,18.2,True
24045,MD,Wicomico,29.13661434,15.4,3.0,68851.0,226900.0,1190.0,3.3,20.7,True
24047,MD,Worcester,32.6735117,10.1,4.0,75969.0,310300.0,1144.0,4.08,18.1,False
24510,MD,Baltimore,35.42740539,20.2,1.0,54735.0,202900.0,1235.0,3.71,27.1,True
25001,MA,Barnstable,47.40566556,8.9,3.0,89774.0,519100.0,1536.0,5.78,20.5,True
25003,MA,Berkshire,38.26007957,12.5,3.0,71102.0,266400.0,1003.0,3.75,16.9,True
25005,MA,Bristol,30.63198461,12.7,1.0,80702.0,385000.0,1116.0,4.77,16.6,True
25007,MA,Dukes,49.02784747,8.5,7.0,89136.0,998100.0,1636.0,11.2,22.0,False
25009,MA,Essex,42.31410411,9.6,1.0,92118.0,535300.0,1580.0,5.81,20.6,True
25011,MA,Franklin,40.30131827,11.9,4.0,69929.0,284100.0,1109.0,4.06,19.0,False
25013,MA,Hampden,28.92509019,17.6,2.0,64030.0,258100.0,1051.0,4.03,19.7,True
25015,MA,Hampshire,51.12008961,12.4,3.0,81878.0,344200.0,1263.0,4.2,18.5,True
25017,MA,Middlesex,58.98671735,7.7,1.0,118494.0,654300.0,2004.0,5.52,20.3,True
25019,MA,Nantucket,58.38277512,6.5,7.0,107613.0,1265600.0,2052.0,11.76,22.9,False
25021,MA,Norfolk,57.64559746,7.7,1.0,115770.0,612100.0,1933.0,5.29,20.0,True
25023,MA,Plymouth,41.2099349,8.0,1.0,102647.0,475500.0,1550.0,4.63,18.1,True
25025,MA,Suffolk,49.89227678,15.1,1.0,84548.0,650900.0,1953.0,7.7,27.7,True
25027,MA,Worcester,39.02564537,10.9,2.0,86078.0,363200.0,1263.0,4.22,17.6,True
26001,MI,Alcona,20.64758329,15.8,9.0,53788.0,148200.0,801.0,2.76,17.9,False
26003,MI,Alger,20.25446037,12.9,9.0,59390.0,156500.0,716.0,2.64,14.5,False
26005,MI,Allegan,26.06627671,9.9,4.0,75893.0,225000.0,1004.0,2.96,15.9,False
26007,MI,Alpena,17.73752722,15.9,7.0,54161.0,128000.0,638.0,2.36,14.1,False
26009,MI,Antrim,34.3385054,10.1,8.0,71945.0,199800.0,919.0,2.78,15.3,False
26011,MI,Arenac,15.80246914,15.0,8.0,53615.0,118200.0,665.0,2.2,14.9,False
26013,MI,Baraga,16.11656738,15.6,9.0,52491.0,121700.0,562.0,2.32,12.8,False
26015,MI,Barry,24.25631347,8.3,1.0,71173.0,223600.0,966.0,3.14,16.3,True
26017,MI,Bay,21.40309789,12.8,3.0,56388.0,125000.0,786.0,2.22,16.7,True
26019,MI,Benzie,34.34227514,9.7,3.0,65846.0,243600.0,970.0,3.7,17.7,True
26021,MI,Berrien,30.24921253,13.6,3.0,61790.0,193600.0,885.0,3.13,17.2,True
26023,MI,Branch,16.89605157,14.9,6.0,63634.0,140200.0,899.0,2.2,17.0,False
26025,MI,Calhoun,22.20404781,14.0,3.0,59652.0,138700.0,897.0,2.33,18.0,True
26027,MI,Cass,21.56201069,12.3,2.0,65703.0,181100.0,835.0,2.76,15.3,True
26029,MI,Charlevoix,33.86769481,9.1,7.0,71362.0,220000.0,894.0,3.08,15.0,False
26031,MI,Cheboygan,22.94712598,14.0,7.0,60849.0,167400.0,787.0,2.75,15.5,False
26033,MI,Chippewa,21.85324259,13.6,7.0,58924.0,142000.0,785.0,2.41,16.0,False
26035,MI,Clare,12.9885408,21.1,8.0,47973.0,112400.0,750.0,2.34,18.8,False
26037,MI,Clinton,34.23528567,7.0,2.0,80212.0,226000.0,1022.0,2.82,15.3,True
26039,MI,Crawford,20.20033389,14.0,9.0,57600.0,135400.0,834.0,2.35,17.4,False
26041,MI,Delta,20.0176205,14.1,5.0,57019.0,139200.0,655.0,2.44,13.8,False
26043,MI,Dickinson,24.32036038,11.8,7.0,56349.0,122600.0,710.0,2.18,15.1,False
26045,MI,Eaton,30.40608353,10.1,2.0,71499.0,194500.0,1013.0,2.72,17.0,True
26047,MI,Emmet,40.24294053,9.4,7.0,69805.0,246300.0,985.0,3.53,16.9,False
26049,MI,Genesee,22.83822921,17.9,2.0,57443.0,158400.0,893.0,2.76,18.7,True
26051,MI,Gladwin,15.44617638,14.2,8.0,55017.0,140600.0,680.0,2.56,14.8,False
26053,MI,Gogebic,21.90790648,17.3,7.0,50142.0,87800.0,503.0,1.75,12.0,False
26055,MI,Grand Traverse,40.26393172,7.4,3.0,74746.0,273300.0,1147.0,3.66,18.4,True
26057,MI,Gratiot,19.01941543,16.3,6.0,58074.0,126500.0,757.0,2.18,15.6,False
26059,MI,Hillsdale,20.63033612,14.8,6.0,60070.0,159000.0,770.0,2.65,15.4,False
26061,MI,Houghton,36.59758283,17.1,5.0,55623.0,129200.0,743.0,2.32,16.0,False
26063,MI,Huron,17.62038437,14.3,9.0,50177.0,129500.0,710.0,2.58,17.0,False
26065,MI,Ingham,41.25294427,16.2,2.0,60571.0,173600.0,1027.0,2.87,20.3,True
26067,MI,Ionia,18.02236964,13.3,1.0,74391.0,169600.0,870.0,2.28,14.0,True
26069,MI,Iosco,17.5787221,18.8,7.0,46129.0,118400.0,696.0,2.57,18.1,False
26071,MI,Iron,20.58041648,17.9,9.0,54149.0,95800.0,627.0,1.77,13.9,False
26073,MI,Isabella,30.80400209,21.0,4.0,54642.0,159500.0,840.0,2.92,18.4,False
26075,MI,Jackson,22.98902742,13.7,3.0,61299.0,166700.0,920.0,2.72,18.0,True
26077,MI,Kalamazoo,40.84325522,13.0,2.0,69689.0,209700.0,994.0,3.01,17.1,True
26079,MI,Kalkaska,18.24089467,14.0,3.0,59160.0,152800.0,791.0,2.58,16.0,True
26081,MI,Kent,39.63175637,10.5,1.0,76923.0,242200.0,1111.0,3.15,17.3,True
26083,MI,Keweenaw,43.55655599,12.0,9.0,57103.0,155900.0,638.0,2.73,13.4,False
26085,MI,Lake,12.49220536,21.2,9.0,48545.0,117100.0,764.0,2.41,18.9,False
26087,MI,Lapeer,19.80432849,9.4,1.0,72737.0,219300.0,908.0,3.01,15.0,True
26089,MI,Leelanau,49.89339019,7.2,3.0,89007.0,371200.0,1157.0,4.17,15.6,True
26091,MI,Lenawee,22.27321115,10.6,4.0,67486.0,168100.0,924.0,2.49,16.4,False
26093,MI,Livingston,39.20047477,5.6,1.0,101227.0,311800.0,1207.0,3.08,14.3,True
26095,MI,Luce,19.31374563,20.2,9.0,49371.0,104600.0,746.0,2.12,18.1,False
26097,MI,Mackinac,23.46486108,13.6,9.0,56942.0,157000.0,749.0,2.76,15.8,False
26099,MI,Macomb,27.16925613,10.6,1.0,73927.0,216200.0,1124.0,2.92,18.2,True
26101,MI,Manistee,23.38918192,14.1,6.0,55788.0,157800.0,801.0,2.83,17.2,False
26103,MI,Marquette,35.83194563,14.3,5.0,61598.0,184300.0,904.0,2.99,17.6,False
26105,MI,Mason,25.03151113,14.6,7.0,64014.0,181200.0,846.0,2.83,15.9,False
26107,MI,Mecosta,22.72218073,18.4,6.0,56096.0,153000.0,844.0,2.73,18.1,False
26109,MI,Menominee,17.99189451,14.8,7.0,50564.0,132200.0,663.0,2.61,15.7,False
26111,MI,Midland,36.34928631,12.1,3.0,77595.0,171600.0,931.0,2.21,14.4,True
26113,MI,Missaukee,17.95038558,11.5,8.0,59230.0,153300.0,808.0,2.59,16.4,False
26115,MI,Monroe,23.40928438,11.3,3.0,72166.0,202200.0,996.0,2.8,16.6,True
26117,MI,Montcalm,14.88656854,13.8,1.0,61590.0,154900.0,823.0,2.52,16.0,True
26119,MI,Montmorency,16.02477781,17.7,9.0,50680.0,125600.0,802.0,2.48,19.0,False
26121,MI,Muskegon,21.44569184,14.0,3.0,58303.0,162300.0,915.0,2.78,18.8,True
26123,MI,Newaygo,18.40585399,14.0,6.0,57992.0,165000.0,854.0,2.85,17.7,False
26125,MI,Oakland,50.20817878,8.3,1.0,90801.0,302800.0,1243.0,3.33,16.4,True
26127,MI,Oceana,20.97810065,14.8,8.0,56853.0,151700.0,796.0,2.67,16.8,False
26129,MI,Ogemaw,15.87614446,15.7,9.0,53480.0,125300.0,782.0,2.34,17.5,False
26131,MI,Ontonagon,16.6837677,13.0,9.0,45694.0,89700.0,545.0,1.96,14.3,False
26133,MI,Osceola,16.35351001,16.8,9.0,54727.0,128200.0,739.0,2.34,16.2,False
26135,MI,Oscoda,14.84638893,18.7,9.0,46626.0,122500.0,736.0,2.63,18.9,False
26137,MI,Otsego,25.84662443,10.4,7.0,65915.0,178400.0,865.0,2.71,15.7,False
26139,MI,Ottawa,37.52117507,9.0,1.0,85968.0,269200.0,1080.0,3.13,15.1,True
26141,MI,Presque Isle,20.15585915,13.1,9.0,56375.0,124800.0,633.0,2.21,13.5,False
26143,MI,Roscommon,20.32004197,15.7,7.0,49151.0,133400.0,776.0,2.71,18.9,False
26145,MI,Saginaw,23.44664008,16.2,3.0,54064.0,131100.0,876.0,2.42,19.4,True
26147,MI,St. Clair,20.32574026,11.7,1.0,64894.0,197300.0,982.0,3.04,18.2,True
26149,MI,St. Joseph,17.12554532,11.7,4.0,60489.0,152800.0,811.0,2.53,16.1,False
26151,MI,Sanilac,15.9833385,13.3,8.0,56079.0,149300.0,770.0,2.66,16.5,False
26153,MI,Schoolcraft,20.65584311,14.5,9.0,56707.0,129100.0,572.0,2.28,12.1,False
26155,MI,Shiawassee,19.48941598,12.2,4.0,61959.0,151900.0,851.0,2.45,16.5,False
26157,MI,Tuscola,15.53171642,14.3,6.0,61978.0,127200.0,782.0,2.05,15.1,False
26159,MI,Van Buren,22.88280744,14.7,6.0,61638.0,172100.0,843.0,2.79,16.4,False
26161,MI,Washtenaw,58.13050563,14.6,2.0,80941.0,336300.0,1335.0,4.15,19.8,True
26163,MI,Wayne,26.8874402,20.6,1.0,55928.0,158600.0,1043.0,2.84,22.4,True
26165,MI,Wexford,21.17661933,13.4,6.0,56379.0,146100.0,831.0,2.59,17.7,False
27001,MN,Aitkin,18.95367412,12.1,8.0,59064.0,222100.0,815.0,3.76,16.6,False
27003,MN,Anoka,31.66066446,6.5,1.0,92249.0,302300.0,1356.0,3.28,17.6,True
27005,MN,Becker,27.53765553,11.8,6.0,67448.0,249600.0,854.0,3.7,15.2,False
27007,MN,Beltrami,32.28932341,17.1,7.0,59882.0,203900.0,935.0,3.41,18.7,False
27009,MN,Benton,24.49749655,13.7,3.0,71493.0,229300.0,907.0,3.21,15.2,True
27011,MN,Big Stone,21.33655395,11.8,9.0,57821.0,115000.0,707.0,1.99,14.7,False
27013,MN,Blue Earth,34.48529232,14.3,3.0,68279.0,239200.0,1007.0,3.5,17.7,True
27015,MN,Brown,24.19309412,8.1,6.0,64093.0,165200.0,825.0,2.58,15.4,False
27017,MN,Carlton,25.49786904,9.1,2.0,78478.0,218000.0,955.0,2.78,14.6,True
27019,MN,Carver,50.47798498,4.6,1.0,117602.0,400500.0,1384.0,3.41,14.1,True
27021,MN,Cass,25.43848023,14.7,9.0,67121.0,241000.0,874.0,3.59,15.6,False
27023,MN,Chippewa,19.63991527,13.5,7.0,61878.0,138900.0,788.0,2.24,15.3,False
27025,MN,Chisago,23.98879746,5.6,1.0,98183.0,299800.0,1095.0,3.05,13.4,True
27027,MN,Clay,39.04636289,13.1,3.0,79357.0,241400.0,972.0,3.04,14.7,True
27029,MN,Clearwater,18.27054795,13.0,8.0,64716.0,161800.0,753.0,2.5,14.0,False
27031,MN,Cook,45.63713457,10.7,9.0,69279.0,289500.0,874.0,4.18,15.1,False
27033,MN,Cottonwood,22.87632326,11.2,9.0,59981.0,141600.0,755.0,2.36,15.1,False
27035,MN,Crow Wing,28.57640097,9.2,4.0,67373.0,245200.0,888.0,3.64,15.8,False
27037,MN,Dakota,44.60812476,6.0,1.0,97727.0,341200.0,1410.0,3.49,17.3,True
27039,MN,Dodge,29.74593206,7.4,3.0,88994.0,245800.0,901.0,2.76,12.1,True
27041,MN,Douglas,29.03626428,8.7,6.0,73521.0,277800.0,847.0,3.78,13.8,False
27043,MN,Faribault,21.56051277,11.3,8.0,67302.0,116000.0,697.0,1.72,12.4,False
27045,MN,Fillmore,23.72546347,9.6,3.0,72065.0,196200.0,724.0,2.72,12.1,True
27047,MN,Freeborn,18.08806753,10.5,7.0,65632.0,154700.0,803.0,2.36,14.7,False
27049,MN,Goodhue,27.89786783,7.3,6.0,82091.0,254500.0,895.0,3.1,13.1,False
27051,MN,Grant,19.05202312,10.7,9.0,68381.0,161100.0,778.0,2.36,13.7,False
27053,MN,Hennepin,53.32582538,10.1,1.0,89418.0,358000.0,1373.0,4.0,18.4,True
27055,MN,Houston,27.99256506,7.8,3.0,76170.0,216400.0,870.0,2.84,13.7,True
27057,MN,Hubbard,30.45704533,10.7,9.0,67797.0,245500.0,827.0,3.62,14.6,False
27059,MN,Isanti,19.60421168,7.7,1.0,83212.0,262500.0,1161.0,3.15,16.7,True
27061,MN,Itasca,25.14602185,12.7,6.0,66958.0,198500.0,896.0,2.96,16.1,False
27063,MN,Jackson,24.90523656,8.0,9.0,66694.0,140500.0,764.0,2.11,13.7,False
27065,MN,Kanabec,15.7776627,10.0,8.0,69588.0,205400.0,863.0,2.95,14.9,False
27067,MN,Kandiyohi,27.09762444,12.1,4.0,72281.0,214600.0,800.0,2.97,13.3,False
27069,MN,Kittson,27.99325464,9.2,9.0,65244.0,122100.0,649.0,1.87,11.9,False
27071,MN,Koochiching,20.33130867,12.4,7.0,63035.0,132200.0,686.0,2.1,13.1,False
27073,MN,Lac qui Parle,22.09830648,9.5,9.0,67556.0,127300.0,750.0,1.88,13.3,False
27075,MN,Lake,25.77545311,8.7,8.0,73724.0,200900.0,837.0,2.73,13.6,False
27077,MN,Lake of the Woods,21.41350211,10.5,9.0,62143.0,204300.0,821.0,3.29,15.9,False
27079,MN,Le Sueur,25.39273502,7.4,1.0,86864.0,271900.0,878.0,3.13,12.1,True
27081,MN,Lincoln,24.40385591,9.7,9.0,64860.0,139500.0,677.0,2.15,12.5,False
27083,MN,Lyon,28.64901147,11.2,7.0,70958.0,177600.0,718.0,2.5,12.1,False
27085,MN,McLeod,19.5923913,7.9,4.0,80874.0,214300.0,831.0,2.65,12.3,False
27087,MN,Mahnomen,14.28571429,19.3,8.0,52926.0,132900.0,693.0,2.51,15.7,False
27089,MN,Marshall,18.87301587,9.1,8.0,70606.0,140900.0,694.0,2.0,11.8,False
27091,MN,Martin,23.78920418,13.2,6.0,61721.0,148100.0,767.0,2.4,14.9,False
27093,MN,Meeker,20.36402169,8.4,6.0,76506.0,216800.0,860.0,2.83,13.5,False
27095,MN,Mille Lacs,17.55492596,10.7,1.0,65294.0,221300.0,874.0,3.39,16.1,True
27097,MN,Morrison,18.98967861,10.2,6.0,64588.0,220600.0,779.0,3.42,14.5,False
27099,MN,Mower,23.46781181,13.1,4.0,68718.0,158000.0,818.0,2.3,14.3,False
27101,MN,Murray,23.9145417,10.5,9.0,68665.0,163500.0,697.0,2.38,12.2,False
27103,MN,Nicollet,35.68060498,8.7,3.0,78091.0,240700.0,901.0,3.08,13.8,True
27105,MN,Nobles,17.70613492,11.3,7.0,65374.0,161000.0,852.0,2.46,15.6,False
27107,MN,Norman,20.89018117,12.3,8.0,64319.0,129300.0,717.0,2.01,13.4,False
27109,MN,Olmsted,48.5244778,8.0,3.0,88032.0,285600.0,1193.0,3.24,16.3,True
27111,MN,Otter Tail,27.36937187,10.6,6.0,65076.0,234200.0,769.0,3.6,14.2,False
27113,MN,Pennington,19.33547252,10.3,6.0,76423.0,173800.0,935.0,2.27,14.7,False
27115,MN,Pine,16.34972277,11.3,8.0,65139.0,207100.0,863.0,3.18,15.9,False
27117,MN,Pipestone,21.57238734,10.3,8.0,65499.0,126500.0,677.0,1.93,12.4,False
27119,MN,Polk,28.10008645,10.7,3.0,69538.0,204600.0,822.0,2.94,14.2,True
27121,MN,Pope,23.84998179,8.7,8.0,68888.0,225900.0,779.0,3.28,13.6,False
27123,MN,Ramsey,45.51693125,11.9,1.0,75041.0,289300.0,1214.0,3.86,19.4,True
27125,MN,Red Lake,17.62773723,9.9,8.0,74120.0,150700.0,631.0,2.03,10.2,False
27127,MN,Redwood,20.79226868,11.9,9.0,66582.0,138700.0,759.0,2.08,13.7,False
27129,MN,Renville,18.39159466,11.2,9.0,66568.0,138200.0,746.0,2.08,13.4,False
27131,MN,Rice,29.69895167,10.3,4.0,77962.0,279700.0,1021.0,3.59,15.7,False
27133,MN,Rock,26.32864997,9.8,2.0,69835.0,189100.0,788.0,2.71,13.5,True
27135,MN,Roseau,20.48923865,9.0,9.0,71794.0,164200.0,794.0,2.29,13.3,False
27137,MN,St. Louis,32.50076018,13.3,2.0,63141.0,192900.0,927.0,3.06,17.6,True
27139,MN,Scott,43.07746057,5.3,1.0,115687.0,376000.0,1419.0,3.25,14.7,True
27141,MN,Sherburne,28.12523923,5.7,1.0,97999.0,306000.0,1166.0,3.12,14.3,True
27143,MN,Sibley,18.56842508,8.8,8.0,75596.0,196600.0,818.0,2.6,13.0,False
27145,MN,Stearns,28.58807319,11.0,3.0,72378.0,241100.0,975.0,3.33,16.2,True
27147,MN,Steele,29.68203435,7.8,5.0,75474.0,217100.0,914.0,2.88,14.5,False
27149,MN,Stevens,30.77319588,8.9,7.0,69171.0,170700.0,821.0,2.47,14.2,False
27151,MN,Swift,22.95714074,10.5,9.0,67166.0,132400.0,823.0,1.97,14.7,False
27153,MN,Todd,15.15753619,11.7,8.0,66300.0,173200.0,785.0,2.61,14.2,False
27155,MN,Traverse,17.45755333,13.6,9.0,63913.0,109300.0,589.0,1.71,11.1,False
27157,MN,Wabasha,26.56532988,8.1,3.0,78953.0,230400.0,800.0,2.92,12.2,True
27159,MN,Wadena,17.49234182,13.5,9.0,57527.0,163400.0,694.0,2.84,14.5,False
27161,MN,Waseca,20.92422285,9.4,6.0,71519.0,191800.0,831.0,2.68,13.9,False
27163,MN,Washington,48.87828034,5.0,1.0,107649.0,379300.0,1577.0,3.52,17.6,True
27165,MN,Watonwan,18.18911328,10.0,8.0,61295.0,119200.0,736.0,1.94,14.4,False
27167,MN,Wilkin,21.525764,10.1,8.0,71924.0,169100.0,549.0,2.35,9.2,False
27169,MN,Winona,32.05793758,12.1,4.0,65699.0,203500.0,803.0,3.1,14.7,False
27171,MN,Wright,34.00871964,5.4,1.0,95259.0,310900.0,1149.0,3.26,14.5,True
27173,MN,Yellow Medicine,18.98120073,9.7,9.0,67543.0,145400.0,640.0,2.15,11.4,False
28001,MS,Adams,19.30420234,25.2,7.0,39547.0,99300.0,695.0,2.51,21.1,False
28003,MS,Alcorn,18.43561473,18.7,7.0,49627.0,125800.0,700.0,2.53,16.9,False
28005,MS,Amite,7.985460954,22.8,8.0,45433.0,91400.0,677.0,2.01,17.9,False
28007,MS,Attala,15.76742198,19.4,6.0,44404.0,99100.0,693.0,2.23,18.7,False
28009,MS,Benton,12.11174416,20.0,1.0,43247.0,96200.0,675.0,2.22,18.7,True
28011,MS,Bolivar,26.55135791,38.7,7.0,39984.0,118200.0,698.0,2.96,20.9,False
28013,MS,Calhoun,13.07516589,17.5,9.0,44172.0,82900.0,617.0,1.88,16.8,False
28015,MS,Carroll,18.49269143,17.2,8.0,49397.0,103700.0,563.0,2.1,13.7,False
28017,MS,Chickasaw,12.39858907,19.6,9.0,43776.0,88000.0,709.0,2.01,19.4,False
28019,MS,Choctaw,18.58237548,17.1,9.0,49225.0,104200.0,649.0,2.12,15.8,False
28021,MS,Claiborne,20.56545314,32.7,8.0,35591.0,78500.0,584.0,2.21,19.7,False
28023,MS,Clarke,15.10958395,18.3,9.0,46524.0,99300.0,752.0,2.13,19.4,False
28025,MS,Clay,18.20902575,20.7,7.0,43451.0,110600.0,731.0,2.55,20.2,False
28027,MS,Coahoma,18.97314617,30.8,6.0,36071.0,84400.0,706.0,2.34,23.5,False
28029,MS,Copiah,20.32665907,21.4,2.0,43308.0,93600.0,696.0,2.16,19.3,True
28031,MS,Covington,15.91169256,19.3,8.0,46630.0,76700.0,711.0,1.64,18.3,False
28033,MS,DeSoto,28.31594156,9.2,1.0,79967.0,227600.0,1252.0,2.85,18.8,True
28035,MS,Forrest,29.46227032,19.0,3.0,51344.0,144000.0,911.0,2.8,21.3,True
28037,MS,Franklin,18.06524609,18.7,9.0,47165.0,96200.0,697.0,2.04,17.7,False
28039,MS,George,17.14250478,14.4,8.0,61956.0,157200.0,796.0,2.54,15.4,False
28041,MS,Greene,11.91627999,22.1,8.0,52585.0,97500.0,753.0,1.85,17.2,False
28043,MS,Grenada,23.66202974,20.9,7.0,46718.0,130100.0,773.0,2.78,19.9,False
28045,MS,Hancock,24.59035788,15.6,2.0,59874.0,197400.0,956.0,3.3,19.2,True
28047,MS,Harrison,25.47183188,16.0,2.0,55916.0,185000.0,1034.0,3.31,22.2,True
28049,MS,Hinds,31.0589703,21.0,2.0,47479.0,141600.0,1004.0,2.98,25.4,True
28051,MS,Holmes,13.72309428,35.6,2.0,31972.0,73900.0,610.0,2.31,22.9,True
28053,MS,Humphreys,19.41105769,32.8,8.0,33148.0,79900.0,669.0,2.41,24.2,False
28055,MS,Issaquena,4.402515723,49.6,9.0,36922.0,96300.0,297.0,2.61,9.7,False
28057,MS,Itawamba,14.76746341,14.0,9.0,56484.0,114300.0,789.0,2.02,16.8,False
28059,MS,Jackson,24.8988584,13.4,2.0,61515.0,161700.0,1001.0,2.63,19.5,True
28061,MS,Jasper,12.99651879,20.1,8.0,44810.0,110400.0,804.0,2.46,21.5,False
28063,MS,Jefferson,19.93334722,30.2,9.0,33852.0,76400.0,411.0,2.26,14.6,False
28065,MS,Jefferson Davis,13.54401806,25.0,8.0,36642.0,87800.0,644.0,2.4,21.1,False
28067,MS,Jones,20.02514573,19.0,4.0,58000.0,120100.0,779.0,2.07,16.1,False
28069,MS,Kemper,17.75997329,25.9,9.0,39856.0,89300.0,475.0,2.24,14.3,False
28071,MS,Lafayette,44.27905851,14.1,4.0,61736.0,242800.0,1092.0,3.93,21.2,False
28073,MS,Lamar,33.23823435,13.1,3.0,62326.0,209700.0,1034.0,3.36,19.9,True
28075,MS,Lauderdale,21.69817079,23.6,5.0,49351.0,121900.0,865.0,2.47,21.0,False
28077,MS,Lawrence,12.69416858,19.0,8.0,46407.0,104300.0,785.0,2.25,20.3,False
28079,MS,Leake,17.74669665,20.6,8.0,46429.0,98800.0,771.0,2.13,19.9,False
28081,MS,Lee,28.74909617,13.5,5.0,58266.0,172900.0,898.0,2.97,18.5,False
28083,MS,Leflore,19.98835178,28.8,6.0,35520.0,95100.0,688.0,2.68,23.2,False
28085,MS,Lincoln,18.40723454,18.9,6.0,48596.0,128100.0,705.0,2.64,17.4,False
28087,MS,Lowndes,26.55555556,19.9,5.0,49344.0,155300.0,903.0,3.15,22.0,False
28089,MS,Madison,48.85064453,10.0,2.0,80641.0,264700.0,1062.0,3.28,15.8,True
28091,MS,Marion,12.47838789,21.5,6.0,44129.0,104100.0,625.0,2.36,17.0,False
28093,MS,Marshall,14.53281329,21.1,1.0,52162.0,150400.0,887.0,2.88,20.4,True
28095,MS,Monroe,16.39655609,17.3,7.0,51754.0,109500.0,724.0,2.12,16.8,False
28097,MS,Montgomery,20.59919511,21.6,9.0,42195.0,97100.0,656.0,2.3,18.7,False
28099,MS,Neshoba,16.34484634,20.5,7.0,50331.0,94300.0,756.0,1.87,18.0,False
28101,MS,Newton,17.53061075,18.3,8.0,47320.0,100800.0,684.0,2.13,17.3,False
28103,MS,Noxubee,11.14569438,28.9,9.0,36608.0,85000.0,582.0,2.32,19.1,False
28105,MS,Oktibbeha,45.75930144,25.5,5.0,47284.0,211200.0,880.0,4.47,22.3,False
28107,MS,Panola,15.49462561,26.2,6.0,40595.0,115800.0,830.0,2.85,24.5,False
28109,MS,Pearl River,15.95862104,18.9,6.0,55830.0,167700.0,909.0,3.0,19.5,False
28111,MS,Perry,11.38821733,19.6,3.0,45071.0,126400.0,732.0,2.8,19.5,True
28113,MS,Pike,15.87689681,23.6,6.0,40945.0,115900.0,831.0,2.83,24.4,False
28115,MS,Pontotoc,17.71309165,13.3,9.0,51086.0,136700.0,820.0,2.68,19.3,False
28117,MS,Prentiss,18.55750722,17.7,7.0,49217.0,112200.0,656.0,2.28,16.0,False
28119,MS,Quitman,15.24090462,32.1,8.0,40255.0,65500.0,634.0,1.63,18.9,False
28121,MS,Rankin,32.78667672,9.8,2.0,72906.0,203300.0,1177.0,2.79,19.4,True
28123,MS,Scott,12.08240851,21.1,2.0,45764.0,81300.0,775.0,1.78,20.3,True
28125,MS,Sharkey,15.44448996,34.5,8.0,36375.0,88100.0,628.0,2.42,20.7,False
28127,MS,Simpson,16.50165017,20.1,2.0,50994.0,104600.0,793.0,2.05,18.7,True
28129,MS,Smith,14.04264043,16.8,8.0,51746.0,120200.0,649.0,2.32,15.1,False
28131,MS,Stone,14.58589838,15.6,2.0,54283.0,164400.0,772.0,3.03,17.1,True
28133,MS,Sunflower,16.90238411,32.5,7.0,38423.0,103800.0,650.0,2.7,20.3,False
28135,MS,Tallahatchie,11.91907514,31.2,9.0,39009.0,83400.0,682.0,2.14,21.0,False
28137,MS,Tate,20.91981647,15.1,1.0,58623.0,163700.0,876.0,2.79,17.9,True
28139,MS,Tippah,16.36325445,17.3,8.0,52635.0,117100.0,703.0,2.22,16.0,False
28141,MS,Tishomingo,16.3815642,15.4,8.0,51652.0,123100.0,677.0,2.38,15.7,False
28143,MS,Tunica,16.05924447,27.6,1.0,37694.0,150800.0,901.0,4.0,28.7,True
28145,MS,Union,17.08894879,14.9,7.0,56050.0,144900.0,855.0,2.59,18.3,False
28147,MS,Walthall,13.1612628,20.6,9.0,40828.0,113800.0,708.0,2.79,20.8,False
28149,MS,Warren,26.47187532,20.8,4.0,52117.0,142100.0,874.0,2.73,20.1,False
28151,MS,Washington,20.53457051,35.5,5.0,39690.0,93000.0,756.0,2.34,22.9,False
28153,MS,Wayne,16.70725002,21.0,9.0,43562.0,89100.0,771.0,2.05,21.2,False
28155,MS,Webster,20.09435353,16.4,9.0,51249.0,107700.0,626.0,2.1,14.7,False
28157,MS,Wilkinson,11.58536585,32.2,8.0,36798.0,78500.0,497.0,2.13,16.2,False
28159,MS,Winston,18.56247939,27.4,9.0,50082.0,110100.0,622.0,2.2,14.9,False
28161,MS,Yalobusha,12.3272403,20.7,9.0,45658.0,94100.0,683.0,2.06,18.0,False
28163,MS,Yazoo,13.25243237,30.9,2.0,39620.0,117800.0,829.0,2.97,25.1,True
29001,MO,Adair,35.04846066,18.2,7.0,46433.0,146700.0,758.0,3.16,19.6,False
29003,MO,Andrew,26.92247332,8.4,3.0,72630.0,175300.0,872.0,2.41,14.4,True
29005,MO,Atchison,22.04497908,11.3,9.0,57883.0,96100.0,608.0,1.66,12.6,False
29007,MO,Audrain,16.12020267,15.1,6.0,56305.0,112300.0,707.0,1.99,15.1,False
29009,MO,Barry,13.38080039,15.5,6.0,49968.0,159000.0,710.0,3.18,17.1,False
29011,MO,Barton,17.95604123,15.5,8.0,49857.0,115600.0,681.0,2.32,16.4,False
29013,MO,Bates,15.2721729,13.9,1.0,57291.0,151300.0,736.0,2.64,15.4,True
29015,MO,Benton,15.18954418,18.1,9.0,51473.0,154700.0,825.0,3.01,19.2,False
29017,MO,Bollinger,14.17406279,14.6,3.0,53932.0,123500.0,752.0,2.29,16.7,True
29019,MO,Boone,51.00433974,14.4,3.0,63981.0,237600.0,994.0,3.71,18.6,True
29021,MO,Buchanan,23.34615385,15.1,3.0,56751.0,149600.0,856.0,2.64,18.1,True
29023,MO,Butler,15.22811131,18.6,5.0,44853.0,132600.0,729.0,2.96,19.5,False
29025,MO,Caldwell,18.38778526,11.5,1.0,56660.0,143300.0,632.0,2.53,13.4,True
29027,MO,Callaway,25.36302033,13.0,3.0,72398.0,184300.0,807.0,2.55,13.4,True
29029,MO,Camden,24.4611649,10.9,7.0,63703.0,248700.0,799.0,3.9,15.1,False
29031,MO,Cape Girardeau,33.87379574,12.6,3.0,64118.0,194200.0,854.0,3.03,16.0,True
29033,MO,Carroll,20.23809524,12.9,8.0,56818.0,105500.0,754.0,1.86,15.9,False
29035,MO,Carter,13.34080717,19.4,9.0,42907.0,181100.0,625.0,4.22,17.5,False
29037,MO,Cass,28.8499129,7.0,1.0,77805.0,242300.0,1097.0,3.11,16.9,True
29039,MO,Cedar,17.75710284,15.0,8.0,45952.0,152700.0,759.0,3.32,19.8,False
29041,MO,Chariton,19.37354988,10.4,8.0,56633.0,121000.0,525.0,2.14,11.1,False
29043,MO,Christian,32.57258391,7.4,2.0,73616.0,229200.0,937.0,3.11,15.3,True
29045,MO,Clark,12.25668449,14.5,9.0,63249.0,124600.0,580.0,1.97,11.0,False
29047,MO,Clay,36.0055623,7.8,1.0,78930.0,237200.0,1133.0,3.01,17.2,True
29049,MO,Clinton,22.73065225,9.7,1.0,68337.0,187200.0,938.0,2.74,16.5,True
29051,MO,Cole,37.46784098,9.4,3.0,70837.0,198900.0,783.0,2.81,13.3,True
29053,MO,Cooper,24.03563397,10.2,3.0,63247.0,168200.0,724.0,2.66,13.7,True
29055,MO,Crawford,12.7625302,14.7,8.0,52536.0,156500.0,784.0,2.98,17.9,False
29057,MO,Dade,15.20446766,14.2,8.0,49386.0,137400.0,641.0,2.78,15.6,False
29059,MO,Dallas,14.79574892,15.9,2.0,49830.0,139400.0,635.0,2.8,15.3,True
29061,MO,Daviess,18.407173,12.8,8.0,53639.0,133400.0,689.0,2.49,15.4,False
29063,MO,DeKalb,14.81706576,11.6,3.0,66880.0,160300.0,745.0,2.4,13.4,True
29065,MO,Dent,18.12067453,17.5,9.0,52945.0,123300.0,648.0,2.33,14.7,False
29067,MO,Douglas,15.52355094,16.3,8.0,43694.0,148900.0,704.0,3.41,19.3,False
29069,MO,Dunklin,12.63760218,23.0,7.0,39688.0,93300.0,629.0,2.35,19.0,False
29071,MO,Franklin,22.9584435,9.8,1.0,65779.0,201700.0,831.0,3.07,15.2,True
29073,MO,Gasconade,18.55621965,10.5,8.0,59287.0,159100.0,661.0,2.68,13.4,False
29075,MO,Gentry,20.47878644,14.5,8.0,52653.0,115400.0,595.0,2.19,13.6,False
29077,MO,Greene,32.42787712,14.1,2.0,55751.0,182800.0,895.0,3.28,19.3,True
29079,MO,Grundy,15.903942,16.0,7.0,48457.0,111300.0,676.0,2.3,16.7,False
29081,MO,Harrison,17.56587202,16.2,9.0,51910.0,95900.0,638.0,1.85,14.7,False
29083,MO,Henry,16.12903226,16.3,6.0,54177.0,153600.0,732.0,2.84,16.2,False
29085,MO,Hickory,11.99316452,17.5,8.0,43468.0,108900.0,692.0,2.51,19.1,False
29087,MO,Holt,20.48309179,12.2,8.0,51295.0,115500.0,658.0,2.25,15.4,False
29089,MO,Howard,27.98094653,12.0,3.0,53862.0,140900.0,823.0,2.62,18.3,True
29091,MO,Howell,17.51755413,16.7,7.0,44858.0,141600.0,686.0,3.16,18.4,False
29093,MO,Iron,18.31293706,19.0,9.0,44329.0,109400.0,662.0,2.47,17.9,False
29095,MO,Jackson,33.45699196,12.0,1.0,62509.0,196900.0,1096.0,3.15,21.0,True
29097,MO,Jasper,25.14681802,15.5,3.0,53548.0,147500.0,878.0,2.75,19.7,True
29099,MO,Jefferson,23.61540589,9.2,1.0,78297.0,202500.0,957.0,2.59,14.7,True
29101,MO,Johnson,29.1016475,13.6,4.0,60086.0,206600.0,912.0,3.44,18.2,False
29103,MO,Knox,16.89243028,16.6,9.0,49552.0,89000.0,639.0,1.8,15.5,False
29105,MO,Laclede,15.65652457,17.0,6.0,53224.0,151800.0,791.0,2.85,17.8,False
29107,MO,Lafayette,24.41774411,11.2,1.0,70457.0,187000.0,834.0,2.65,14.2,True
29109,MO,Lawrence,16.59161217,14.9,6.0,58031.0,145800.0,783.0,2.51,16.2,False
29111,MO,Lewis,16.53730398,15.3,9.0,57053.0,104500.0,606.0,1.83,12.7,False
29113,MO,Lincoln,18.43485373,8.4,1.0,77913.0,206800.0,958.0,2.65,14.8,True
29115,MO,Linn,20.07093933,15.3,9.0,52831.0,107600.0,648.0,2.04,14.7,False
29117,MO,Livingston,18.31222794,13.9,7.0,56654.0,139700.0,755.0,2.47,16.0,False
29119,MO,McDonald,13.42127169,18.2,8.0,50100.0,117200.0,737.0,2.34,17.7,False
29121,MO,Macon,18.47826087,12.5,7.0,52847.0,115900.0,699.0,2.19,15.9,False
29123,MO,Madison,15.32671912,16.0,9.0,47068.0,127300.0,825.0,2.7,21.0,False
29125,MO,Maries,16.00587372,11.8,8.0,54815.0,197400.0,583.0,3.6,12.8,False
29127,MO,Marion,25.7415474,12.4,7.0,57635.0,150900.0,757.0,2.62,15.8,False
29129,MO,Mercer,17.94117647,12.8,9.0,49715.0,104800.0,496.0,2.11,12.0,False
29131,MO,Miller,20.97648144,14.4,6.0,61711.0,164900.0,726.0,2.67,14.1,False
29133,MO,Mississippi,14.06634627,20.5,8.0,42364.0,92600.0,686.0,2.19,19.4,False
29135,MO,Moniteau,17.19417476,10.2,3.0,64519.0,162100.0,747.0,2.51,13.9,True
29137,MO,Monroe,17.36099854,12.3,9.0,50276.0,136600.0,693.0,2.72,16.5,False
29139,MO,Montgomery,16.49368513,14.7,8.0,56538.0,162200.0,769.0,2.87,16.3,False
29141,MO,Morgan,14.90094746,14.9,8.0,51700.0,174500.0,687.0,3.38,15.9,False
29143,MO,New Madrid,13.25432009,19.9,9.0,48162.0,93400.0,708.0,1.94,17.6,False
29145,MO,Newton,23.00332985,13.0,3.0,57423.0,162900.0,781.0,2.84,16.3,True
29147,MO,Nodaway,25.59661585,15.1,6.0,57507.0,157200.0,739.0,2.73,15.4,False
29149,MO,Oregon,14.43029709,18.9,9.0,45273.0,115700.0,789.0,2.56,20.9,False
29151,MO,Osage,24.81227915,10.5,3.0,69094.0,183000.0,592.0,2.65,10.3,True
29153,MO,Ozark,12.37593985,20.2,9.0,44242.0,142600.0,636.0,3.22,17.3,False
29155,MO,Pemiscot,12.76574408,27.4,7.0,38456.0,94900.0,722.0,2.47,22.5,False
29157,MO,Perry,22.05613179,10.0,6.0,63127.0,179900.0,877.0,2.85,16.7,False
29159,MO,Pettis,18.62881852,14.0,5.0,58827.0,150000.0,838.0,2.55,17.1,False
29161,MO,Phelps,31.54343449,15.8,5.0,54740.0,174100.0,770.0,3.18,16.9,False
29163,MO,Pike,16.60693924,14.6,8.0,59081.0,114100.0,724.0,1.93,14.7,False
29165,MO,Platte,45.59973271,6.1,1.0,93925.0,288100.0,1210.0,3.07,15.5,True
29167,MO,Polk,21.01938058,14.6,2.0,53693.0,171700.0,752.0,3.2,16.8,True
29169,MO,Pulaski,27.89654352,11.4,5.0,61718.0,177400.0,1032.0,2.87,20.1,False
29171,MO,Putnam,19.28948914,15.3,9.0,49532.0,99600.0,609.0,2.01,14.8,False
29173,MO,Ralls,17.52426539,10.0,9.0,65016.0,144300.0,777.0,2.22,14.3,False
29175,MO,Randolph,17.09566334,13.8,6.0,48762.0,131200.0,735.0,2.69,18.1,False
29177,MO,Ray,15.0357848,9.9,1.0,70506.0,169200.0,840.0,2.4,14.3,True
29179,MO,Reynolds,15.43264942,19.8,9.0,44409.0,105300.0,643.0,2.37,17.4,False
29181,MO,Ripley,12.93069044,20.5,9.0,41587.0,103700.0,699.0,2.49,20.2,False
29183,MO,St. Charles,42.39777858,5.5,1.0,98925.0,278300.0,1209.0,2.81,14.7,True
29185,MO,St. Clair,13.66875091,18.2,8.0,45174.0,126500.0,572.0,2.8,15.2,False
29186,MO,Ste. Genevieve,18.41467111,9.6,8.0,63786.0,197600.0,744.0,3.1,14.0,False
29187,MO,St. Francois,15.98376334,15.3,4.0,48574.0,141700.0,748.0,2.92,18.5,False
29189,MO,St. Louis,46.9270282,9.7,1.0,79609.0,249400.0,1119.0,3.13,16.9,True
29195,MO,Saline,26.03389831,17.6,7.0,54623.0,129600.0,718.0,2.37,15.8,False
29197,MO,Schuyler,10.64885496,14.5,9.0,49508.0,106200.0,414.0,2.15,10.0,False
29199,MO,Scotland,14.4843962,13.1,9.0,54961.0,136500.0,471.0,2.48,10.3,False
29201,MO,Scott,21.67503015,15.1,4.0,57678.0,132800.0,798.0,2.3,16.6,False
29203,MO,Shannon,14.56424254,22.9,9.0,39671.0,141600.0,556.0,3.57,16.8,False
29205,MO,Shelby,18.00720288,15.3,9.0,54264.0,85900.0,630.0,1.58,13.9,False
29207,MO,Stoddard,16.37780331,13.7,6.0,53391.0,123000.0,712.0,2.3,16.0,False
29209,MO,Stone,22.98920542,12.3,6.0,56418.0,220400.0,867.0,3.91,18.4,False
29211,MO,Sullivan,14.68531469,12.9,9.0,52384.0,91400.0,719.0,1.74,16.5,False
29213,MO,Taney,25.37867079,13.6,4.0,53009.0,175100.0,873.0,3.3,19.8,False
29215,MO,Texas,15.75415844,20.3,9.0,46622.0,120800.0,631.0,2.59,16.2,False
29217,MO,Vernon,18.03315412,16.9,6.0,51900.0,127800.0,706.0,2.46,16.3,False
29219,MO,Warren,19.58242195,8.6,1.0,74355.0,227000.0,956.0,3.05,15.4,True
29221,MO,Washington,12.39321455,19.7,8.0,47636.0,112300.0,694.0,2.36,17.5,False
29223,MO,Wayne,10.96453018,22.4,9.0,41724.0,110000.0,626.0,2.64,18.0,False
29225,MO,Webster,18.63583366,12.9,2.0,59784.0,185100.0,713.0,3.1,14.3,True
29227,MO,Worth,17.59656652,13.4,9.0,48397.0,88100.0,355.0,1.82,8.8,False
29229,MO,Wright,14.26040744,17.5,8.0,45017.0,141600.0,593.0,3.15,15.8,False
29510,MO,St. Louis,40.17424385,20.1,1.0,52278.0,174100.0,938.0,3.33,21.5,True
30001,MT,Beaverhead,35.50929368,12.9,9.0,57497.0,278300.0,839.0,4.84,17.5,False
30003,MT,Big Horn,20.87677092,21.7,8.0,49113.0,159700.0,707.0,3.25,17.3,False
30005,MT,Blaine,25.84373555,20.5,9.0,53577.0,119400.0,597.0,2.23,13.4,False
30007,MT,Broadwater,26.34741442,8.7,3.0,67927.0,335700.0,846.0,4.94,14.9,True
30009,MT,Carbon,30.27840841,10.6,3.0,67062.0,355600.0,900.0,5.3,16.1,True
30011,MT,Carter,20.29411765,13.7,9.0,50597.0,140900.0,754.0,2.78,17.9,False
30013,MT,Cascade,28.73687833,12.1,3.0,59184.0,227600.0,866.0,3.85,17.6,True
30015,MT,Chouteau,22.62650602,15.0,8.0,51137.0,172000.0,428.0,3.36,10.0,False
30017,MT,Custer,29.79539642,13.6,7.0,64743.0,201000.0,872.0,3.1,16.2,False
30019,MT,Daniels,27.52858399,10.7,9.0,57141.0,162300.0,530.0,2.84,11.1,False
30021,MT,Dawson,25.53225548,12.7,7.0,60763.0,197100.0,791.0,3.24,15.6,False
30023,MT,Deer Lodge,22.27644421,13.0,7.0,52848.0,175700.0,650.0,3.32,14.8,False
30025,MT,Fallon,16.52173913,9.1,9.0,65637.0,231300.0,812.0,3.52,14.8,False
30027,MT,Fergus,23.76517741,11.2,7.0,60466.0,175800.0,815.0,2.91,16.2,False
30029,MT,Flathead,36.03414534,9.9,5.0,66395.0,414200.0,1029.0,6.24,18.6,False
30031,MT,Gallatin,53.14217141,8.8,3.0,83520.0,526700.0,1405.0,6.31,20.2,True
30033,MT,Garfield,21.32132132,16.9,9.0,50762.0,164900.0,635.0,3.25,15.0,False
30035,MT,Glacier,18.05505469,28.0,9.0,46270.0,139400.0,599.0,3.01,15.5,False
30037,MT,Golden Valley,18.95522388,16.4,8.0,45622.0,138900.0,725.0,3.04,19.1,False
30039,MT,Granite,31.2305296,11.6,8.0,58186.0,283300.0,735.0,4.87,15.2,False
30041,MT,Hill,25.58116332,19.0,7.0,50518.0,183300.0,729.0,3.63,17.3,False
30043,MT,Jefferson,32.67639373,8.5,3.0,83697.0,354700.0,869.0,4.24,12.5,True
30045,MT,Judith Basin,28.26379542,13.7,8.0,60677.0,206000.0,443.0,3.4,8.8,False
30047,MT,Lake,30.5156008,13.9,6.0,57225.0,337700.0,851.0,5.9,17.8,False
30049,MT,Lewis and Clark,42.81138997,9.3,3.0,72491.0,332000.0,1006.0,4.58,16.7,True
30051,MT,Liberty,27.34785875,16.5,9.0,53601.0,118300.0,670.0,2.21,15.0,False
30053,MT,Lincoln,18.04586868,15.2,9.0,48432.0,233400.0,769.0,4.82,19.1,False
30055,MT,McCone,21.36563877,14.6,9.0,59086.0,186700.0,474.0,3.16,9.6,False
30057,MT,Madison,34.33385247,9.1,8.0,72487.0,375200.0,1101.0,5.18,18.2,False
30059,MT,Meagher,28.54343566,13.8,8.0,53724.0,205900.0,848.0,3.83,18.9,False
30061,MT,Mineral,26.57946006,13.4,3.0,55979.0,274700.0,761.0,4.91,16.3,True
30063,MT,Missoula,45.89398984,11.4,3.0,68210.0,382400.0,1068.0,5.61,18.8,True
30065,MT,Musselshell,21.93074502,16.3,8.0,55291.0,222200.0,1035.0,4.02,22.5,False
30067,MT,Park,38.08682855,11.3,6.0,68594.0,399900.0,896.0,5.83,15.7,False
30069,MT,Petroleum,27.13414634,13.0,9.0,48991.0,152600.0,713.0,3.11,17.5,False
30071,MT,Phillips,20.61345646,16.8,9.0,56043.0,178100.0,523.0,3.18,11.2,False
30073,MT,Pondera,19.51395573,19.3,9.0,51057.0,172000.0,785.0,3.37,18.4,False
30075,MT,Powder River,25.22321429,11.7,9.0,54102.0,167500.0,680.0,3.1,15.1,False
30077,MT,Powell,19.03039074,16.8,8.0,60350.0,226600.0,752.0,3.75,15.0,False
30079,MT,Prairie,20.04197272,13.4,9.0,49838.0,140600.0,866.0,2.82,20.9,False
30081,MT,Ravalli,29.78255205,10.7,6.0,65789.0,378400.0,935.0,5.75,17.1,False
30083,MT,Richland,19.41067653,9.5,7.0,72974.0,245900.0,797.0,3.37,13.1,False
30085,MT,Roosevelt,19.85988921,24.3,9.0,48712.0,112800.0,650.0,2.32,16.0,False
30087,MT,Rosebud,18.88436955,20.2,8.0,64003.0,159900.0,641.0,2.5,12.0,False
30089,MT,Sanders,21.55972559,14.5,8.0,47976.0,285300.0,731.0,5.95,18.3,False
30091,MT,Sheridan,24.65028355,11.9,9.0,62982.0,121800.0,789.0,1.93,15.0,False
30093,MT,Silver Bow,27.70782923,15.8,5.0,58898.0,195800.0,793.0,3.32,16.2,False
30095,MT,Stillwater,29.76659594,8.3,3.0,81147.0,316200.0,855.0,3.9,12.6,True
30097,MT,Sweet Grass,23.06818182,10.0,8.0,68006.0,271100.0,876.0,3.99,15.5,False
30099,MT,Teton,25.87770286,13.3,8.0,57054.0,217200.0,890.0,3.81,18.7,False
30101,MT,Toole,21.51515152,17.0,9.0,49850.0,166200.0,741.0,3.33,17.8,False
30103,MT,Treasure,32.78418451,12.6,8.0,60454.0,210700.0,950.0,3.49,18.9,False
30105,MT,Valley,21.51875232,15.4,9.0,79703.0,183200.0,675.0,2.3,10.2,False
30107,MT,Wheatland,17.78814124,18.5,9.0,44002.0,163200.0,685.0,3.71,18.7,False
30109,MT,Wibaux,25.83120205,12.7,9.0,56317.0,101800.0,964.0,1.81,20.5,False
30111,MT,Yellowstone,33.92231359,9.9,3.0,78216.0,289300.0,1055.0,3.7,16.2,True
31001,NE,Adams,28.81679389,11.9,4.0,64212.0,166300.0,812.0,2.59,15.2,False
31003,NE,Antelope,19.92096699,10.6,9.0,63250.0,104500.0,732.0,1.65,13.9,False
31005,NE,Arthur,32.73809524,13.3,9.0,57018.0,164300.0,933.0,2.88,19.6,False
31007,NE,Banner,32.63358779,11.6,8.0,66584.0,174200.0,1042.0,2.62,18.8,False
31009,NE,Blaine,25.58139535,16.3,9.0,54936.0,85700.0,788.0,1.56,17.2,False
31011,NE,Boone,18.88412017,9.7,9.0,68533.0,165400.0,687.0,2.41,12.0,False
31013,NE,Box Butte,20.07555316,12.0,7.0,66762.0,161600.0,748.0,2.42,13.4,False
31015,NE,Boyd,19.56856703,12.6,9.0,54443.0,95200.0,656.0,1.75,14.5,False
31017,NE,Brown,21.19979664,11.6,9.0,55394.0,89700.0,926.0,1.62,20.1,False
31019,NE,Buffalo,34.63733461,8.1,4.0,67809.0,218600.0,885.0,3.22,15.7,False
31021,NE,Burt,25.72866429,10.3,8.0,58125.0,123100.0,666.0,2.12,13.7,False
31023,NE,Butler,25.22785899,8.3,8.0,76417.0,150400.0,740.0,1.97,11.6,False
31025,NE,Cass,31.88281376,6.6,2.0,93195.0,234300.0,970.0,2.51,12.5,True
31027,NE,Cedar,24.98655673,8.6,9.0,69033.0,160700.0,681.0,2.33,11.8,False
31029,NE,Chase,24.09542744,9.8,9.0,64985.0,176900.0,748.0,2.72,13.8,False
31031,NE,Cherry,24.20943494,11.0,9.0,58017.0,137300.0,832.0,2.37,17.2,False
31033,NE,Cheyenne,22.09250112,12.3,7.0,56604.0,117300.0,857.0,2.07,18.2,False
31035,NE,Clay,22.86192069,9.6,9.0,64251.0,129600.0,668.0,2.02,12.5,False
31037,NE,Colfax,14.09334353,9.7,7.0,69549.0,103400.0,907.0,1.49,15.6,False
31039,NE,Cuming,24.81812169,8.6,9.0,65809.0,160000.0,782.0,2.43,14.3,False
31041,NE,Custer,25.62175458,8.9,9.0,60328.0,133400.0,765.0,2.21,15.2,False
31043,NE,Dakota,15.12317518,13.6,3.0,65986.0,158700.0,959.0,2.41,17.4,True
31045,NE,Dawes,35.165914,15.6,9.0,52621.0,142100.0,887.0,2.7,20.2,False
31047,NE,Dawson,17.53816174,10.5,7.0,62089.0,136900.0,857.0,2.2,16.6,False
31049,NE,Deuel,22.49637155,11.9,9.0,56099.0,91900.0,778.0,1.64,16.6,False
31051,NE,Dixon,23.74698472,8.4,8.0,61144.0,123500.0,676.0,2.02,13.3,False
31053,NE,Dodge,21.54630763,9.8,4.0,68267.0,168900.0,890.0,2.47,15.6,False
31055,NE,Douglas,42.23655936,11.5,2.0,74424.0,227400.0,1109.0,3.06,17.9,True
31057,NE,Dundy,23.28125,13.5,9.0,58441.0,109900.0,503.0,1.88,10.3,False
31059,NE,Fillmore,21.9364232,8.8,8.0,68532.0,122700.0,643.0,1.79,11.3,False
31061,NE,Franklin,20.00939408,12.6,9.0,59400.0,95400.0,605.0,1.61,12.2,False
31063,NE,Frontier,26.09699769,13.1,9.0,58241.0,124500.0,614.0,2.14,12.7,False
31065,NE,Furnas,22.25619077,12.0,9.0,54213.0,85600.0,870.0,1.58,19.3,False
31067,NE,Gage,22.12785569,10.3,6.0,64406.0,155600.0,725.0,2.42,13.5,False
31069,NE,Garden,20.70626003,15.9,9.0,51734.0,91700.0,733.0,1.77,17.0,False
31071,NE,Garfield,32.6787117,10.9,9.0,51530.0,123500.0,680.0,2.4,15.8,False
31073,NE,Gosper,28.80658436,8.9,9.0,67697.0,192100.0,789.0,2.84,14.0,False
31075,NE,Grant,29.41176471,10.3,9.0,63469.0,104200.0,917.0,1.64,17.3,False
31077,NE,Greeley,18.44850065,10.8,8.0,58561.0,85300.0,603.0,1.46,12.4,False
31079,NE,Hall,21.11330616,10.8,3.0,66277.0,190800.0,886.0,2.88,16.0,True
31081,NE,Hamilton,29.57790192,7.4,8.0,75369.0,201200.0,822.0,2.67,13.1,False
31083,NE,Harlan,24.17530631,10.1,9.0,62104.0,135800.0,689.0,2.19,13.3,False
31085,NE,Hayes,15.9375,13.5,9.0,60141.0,104800.0,488.0,1.74,9.7,False
31087,NE,Hitchcock,19.77186312,14.2,9.0,54488.0,85500.0,734.0,1.57,16.2,False
31089,NE,Holt,27.01408042,11.8,9.0,60502.0,148900.0,741.0,2.46,14.7,False
31091,NE,Hooker,20.74592075,9.6,9.0,53537.0,78300.0,589.0,1.46,13.2,False
31093,NE,Howard,22.96994168,10.1,3.0,69423.0,181600.0,816.0,2.62,14.1,True
31095,NE,Jefferson,19.69817315,11.0,9.0,59478.0,116700.0,681.0,1.96,13.7,False
31097,NE,Johnson,18.97790791,12.9,8.0,60549.0,117300.0,777.0,1.94,15.4,False
31099,NE,Kearney,32.90561114,7.9,9.0,74686.0,203200.0,784.0,2.72,12.6,False
31101,NE,Keith,21.34628045,11.2,9.0,60608.0,158900.0,727.0,2.62,14.4,False
31103,NE,Keya Paha,25.71428571,17.3,9.0,51579.0,109000.0,830.0,2.11,19.3,False
31105,NE,Kimball,14.28571429,12.3,8.0,55797.0,92500.0,807.0,1.66,17.4,False
31107,NE,Knox,19.67927488,13.7,9.0,54880.0,112700.0,666.0,2.05,14.6,False
31109,NE,Lancaster,41.07453279,10.8,2.0,68358.0,239900.0,997.0,3.51,17.5,True
31111,NE,Lincoln,20.41537039,12.5,5.0,62442.0,167900.0,854.0,2.69,16.4,False
31113,NE,Logan,26.72727273,9.2,9.0,68723.0,123600.0,715.0,1.8,12.5,False
31115,NE,Loup,25.95238095,16.6,9.0,60487.0,116500.0,525.0,1.93,10.4,False
31117,NE,McPherson,24.39759036,12.0,9.0,52774.0,105300.0,636.0,2.0,14.5,False
31119,NE,Madison,23.49472778,11.6,5.0,63482.0,187100.0,800.0,2.95,15.1,False
31121,NE,Merrick,17.56007394,9.3,3.0,68754.0,159300.0,707.0,2.32,12.3,True
31123,NE,Morrill,21.81644967,14.5,9.0,58889.0,107700.0,725.0,1.83,14.8,False
31125,NE,Nance,18.40068788,11.3,8.0,62863.0,108000.0,710.0,1.72,13.6,False
31127,NE,Nemaha,29.16215631,11.8,9.0,61933.0,118300.0,657.0,1.91,12.7,False
31129,NE,Nuckolls,26.64941785,10.8,9.0,57278.0,88500.0,614.0,1.55,12.9,False
31131,NE,Otoe,27.18129927,8.0,6.0,70433.0,172500.0,881.0,2.45,15.0,False
31133,NE,Pawnee,20.3756403,13.7,9.0,55584.0,74000.0,586.0,1.33,12.7,False
31135,NE,Perkins,25.72151899,9.3,9.0,67296.0,143300.0,756.0,2.13,13.5,False
31137,NE,Phelps,26.74418605,8.3,7.0,66287.0,161300.0,713.0,2.43,12.9,False
31139,NE,Pierce,22.92298363,9.2,9.0,70906.0,167400.0,788.0,2.36,13.3,False
31141,NE,Platte,24.08664582,8.4,5.0,67132.0,195800.0,872.0,2.92,15.6,False
31143,NE,Polk,18.57968621,7.3,8.0,70813.0,152700.0,636.0,2.16,10.8,False
31145,NE,Red Willow,26.03271417,11.5,7.0,60108.0,144700.0,785.0,2.41,15.7,False
31147,NE,Richardson,22.37762238,11.1,9.0,56121.0,89500.0,700.0,1.59,15.0,False
31149,NE,Rock,29.04255319,13.7,9.0,55648.0,87300.0,554.0,1.57,11.9,False
31151,NE,Saline,20.12667904,10.5,6.0,72948.0,155800.0,763.0,2.14,12.6,False
31153,NE,Sarpy,41.86825337,4.9,2.0,98619.0,263000.0,1203.0,2.67,14.6,True
31155,NE,Saunders,30.30361508,6.5,2.0,86179.0,220600.0,892.0,2.56,12.4,True
31157,NE,Scotts Bluff,25.90235289,15.5,5.0,56853.0,150600.0,876.0,2.65,18.5,False
31159,NE,Seward,31.62123127,6.9,2.0,77778.0,208700.0,916.0,2.68,14.1,True
31161,NE,Sheridan,21.73793103,14.6,9.0,55388.0,96900.0,756.0,1.75,16.4,False
31163,NE,Sherman,18.84939196,12.3,8.0,58456.0,112500.0,808.0,1.92,16.6,False
31165,NE,Sioux,25.05938242,14.4,9.0,60806.0,157800.0,754.0,2.6,14.9,False
31167,NE,Stanton,22.34706617,7.2,9.0,75068.0,170900.0,829.0,2.28,13.3,False
31169,NE,Thayer,23.02178899,9.3,9.0,61125.0,91600.0,719.0,1.5,14.1,False
31171,NE,Thomas,26.93069307,13.0,9.0,58818.0,140600.0,657.0,2.39,13.4,False
31173,NE,Thurston,20.24905252,19.6,8.0,57129.0,90000.0,724.0,1.58,15.2,False
31175,NE,Valley,27.6383637,11.9,9.0,55050.0,125800.0,526.0,2.29,11.5,False
31177,NE,Washington,36.51423401,6.1,2.0,87368.0,265800.0,926.0,3.04,12.7,True
31179,NE,Wayne,29.36435245,12.4,7.0,65664.0,176200.0,764.0,2.68,14.0,False
31181,NE,Webster,21.87629722,12.5,9.0,62679.0,92800.0,604.0,1.48,11.6,False
31183,NE,Wheeler,29.58860759,12.8,9.0,55951.0,101400.0,500.0,1.81,10.7,False
31185,NE,York,23.86268781,9.4,6.0,68440.0,160500.0,842.0,2.35,14.8,False
32001,NV,Churchill,18.608323,10.8,6.0,70149.0,255200.0,1142.0,3.64,19.5,False
32003,NV,Clark,27.30858179,12.9,1.0,70838.0,368800.0,1406.0,5.21,23.8,True
32005,NV,Douglas,32.05157608,8.2,4.0,91960.0,529600.0,1360.0,5.76,17.7,False
32007,NV,Elko,17.53764393,9.0,5.0,88757.0,274200.0,1077.0,3.09,14.6,False
32009,NV,Esmeralda,24.07407407,14.8,9.0,57501.0,95500.0,1312.0,1.66,27.4,False
32011,NV,Eureka,18.13285458,11.5,9.0,80291.0,177400.0,875.0,2.21,13.1,False
32013,NV,Humboldt,19.7978022,10.4,7.0,80255.0,242200.0,927.0,3.02,13.9,False
32015,NV,Lander,16.56804734,11.5,9.0,90190.0,198000.0,869.0,2.2,11.6,False
32017,NV,Lincoln,18.98654989,13.9,8.0,63978.0,171800.0,739.0,2.69,13.9,False
32019,NV,Lyon,17.20576552,9.6,2.0,74741.0,314200.0,1196.0,4.2,19.2,True
32021,NV,Mineral,11.47040879,17.3,8.0,55704.0,153400.0,868.0,2.75,18.7,False
32023,NV,Nye,12.67374517,15.4,4.0,51933.0,235500.0,1004.0,4.53,23.2,False
32027,NV,Pershing,9.348441926,16.8,8.0,65315.0,164400.0,652.0,2.52,12.0,False
32029,NV,Storey,31.63082437,7.4,2.0,90171.0,297800.0,913.0,3.3,12.2,True
32031,NV,Washoe,33.18290048,9.9,2.0,80245.0,460000.0,1401.0,5.73,21.0,True
32033,NV,White Pine,14.15278403,12.1,9.0,67639.0,197600.0,983.0,2.92,17.4,False
32510,NV,Carson City,24.50615381,10.4,3.0,62859.0,390800.0,1127.0,6.22,21.5,True
33001,NH,Belknap,32.5746712,8.0,4.0,77531.0,295900.0,1153.0,3.82,17.8,False
33003,NH,Carroll,38.79496756,8.8,6.0,71981.0,315800.0,1138.0,4.39,19.0,False
33005,NH,Cheshire,35.31541316,9.0,4.0,76227.0,238800.0,1139.0,3.13,17.9,False
33007,NH,Coos,20.16981671,13.5,7.0,52292.0,157900.0,825.0,3.02,18.9,False
33009,NH,Grafton,44.8374674,9.4,5.0,81205.0,273100.0,1197.0,3.36,17.7,False
33011,NH,Hillsborough,40.62034821,6.5,2.0,96415.0,356200.0,1444.0,3.69,18.0,True
33013,NH,Merrimack,38.07981296,7.7,4.0,84898.0,297600.0,1199.0,3.51,16.9,False
33015,NH,Rockingham,44.7805646,5.4,1.0,107445.0,424100.0,1518.0,3.95,17.0,True
33017,NH,Strafford,38.49487476,9.3,1.0,82845.0,300200.0,1308.0,3.62,18.9,True
33019,NH,Sullivan,30.51616045,9.1,7.0,74700.0,211400.0,1118.0,2.83,18.0,False
34001,NJ,Atlantic,31.16130705,11.9,2.0,76108.0,254100.0,1268.0,3.34,20.0,True
34003,NJ,Bergen,52.61504256,6.6,1.0,113885.0,561500.0,1782.0,4.93,18.8,True
34005,NJ,Burlington,41.99622955,6.8,1.0,100188.0,304600.0,1575.0,3.04,18.9,True
34007,NJ,Camden,35.27554408,12.3,1.0,81372.0,241300.0,1264.0,2.97,18.6,True
34009,NJ,Cape May,37.44732421,9.4,2.0,80845.0,372300.0,1285.0,4.61,19.1,True
34011,NJ,Cumberland,17.94214716,17.0,3.0,60892.0,192900.0,1202.0,3.17,23.7,True
34013,NJ,Essex,37.88794211,14.2,1.0,74747.0,466500.0,1404.0,6.24,22.5,True
34015,NJ,Gloucester,35.78302044,8.4,1.0,97851.0,265200.0,1435.0,2.71,17.6,True
34017,NJ,Hudson,47.90299672,15.2,1.0,82361.0,486900.0,1722.0,5.91,25.1,True
34019,NJ,Hunterdon,56.49970311,4.8,1.0,137334.0,478600.0,1627.0,3.48,14.2,True
34021,NJ,Mercer,44.90018457,10.6,2.0,94832.0,327600.0,1454.0,3.45,18.4,True
34023,NJ,Middlesex,45.12754754,8.6,1.0,102073.0,411900.0,1739.0,4.04,20.4,True
34025,NJ,Monmouth,50.60127215,6.7,1.0,117699.0,519300.0,1683.0,4.41,17.2,True
34027,NJ,Morris,57.24733474,4.8,1.0,131562.0,531800.0,1814.0,4.04,16.5,True
34029,NJ,Ocean,33.6962075,10.0,1.0,81152.0,343500.0,1639.0,4.23,24.2,True
34031,NJ,Passaic,30.31106734,13.9,1.0,78779.0,413500.0,1484.0,5.25,22.6,True
34033,NJ,Salem,23.97769107,10.6,1.0,76005.0,208200.0,1165.0,2.74,18.4,True
34035,NJ,Somerset,57.35099175,5.5,1.0,134735.0,489500.0,1846.0,3.63,16.4,True
34037,NJ,Sussex,39.97198667,5.4,1.0,111308.0,322300.0,1501.0,2.9,16.2,True
34039,NJ,Union,38.56379846,8.9,1.0,96483.0,458000.0,1570.0,4.75,19.5,True
34041,NJ,Warren,36.43010699,8.3,2.0,97729.0,302300.0,1292.0,3.09,15.9,True
35001,NM,Bernalillo,37.44285699,13.5,2.0,65034.0,247300.0,1017.0,3.8,18.8,True
35003,NM,Catron,20.67371202,18.6,9.0,44247.0,156400.0,847.0,3.53,23.0,False
35005,NM,Chaves,18.20000476,20.1,5.0,47855.0,133200.0,850.0,2.78,21.3,False
35006,NM,Cibola,18.83432272,23.7,6.0,45674.0,101900.0,753.0,2.23,19.8,False
35007,NM,Colfax,23.99653792,17.8,7.0,49966.0,138400.0,656.0,2.77,15.8,False
35009,NM,Curry,21.29158381,18.9,5.0,52463.0,151300.0,956.0,2.88,21.9,False
35011,NM,De Baca,8.31809872,18.0,9.0,45208.0,219200.0,688.0,4.85,18.3,False
35013,NM,Doña Ana,31.39871768,19.8,3.0,52011.0,187400.0,858.0,3.6,19.8,True
35015,NM,Eddy,19.82151362,16.5,5.0,65063.0,188400.0,1095.0,2.9,20.2,False
35017,NM,Grant,28.75006058,19.9,7.0,47099.0,153900.0,802.0,3.27,20.4,False
35019,NM,Guadalupe,15.51990127,24.9,9.0,43862.0,116400.0,412.0,2.65,11.3,False
35021,NM,Harding,30.31496063,15.1,9.0,45217.0,95500.0,1018.0,2.11,27.0,False
35023,NM,Hidalgo,17.7693107,24.0,9.0,43610.0,102500.0,668.0,2.35,18.4,False
35025,NM,Lea,15.27733321,17.0,5.0,59194.0,162000.0,1031.0,2.74,20.9,False
35027,NM,Lincoln,28.77538071,16.2,7.0,54344.0,195800.0,831.0,3.6,18.3,False
35028,NM,Los Alamos,68.24698368,3.8,6.0,139217.0,412700.0,1235.0,2.96,10.6,False
35029,NM,Luna,14.72655057,26.4,6.0,38796.0,100900.0,572.0,2.6,17.7,False
35031,NM,McKinley,12.46177031,34.3,5.0,43720.0,70200.0,806.0,1.61,22.1,False
35033,NM,Mora,25.39731051,20.9,8.0,45155.0,105600.0,560.0,2.34,14.9,False
35035,NM,Otero,21.59534361,19.4,4.0,52787.0,139100.0,882.0,2.64,20.1,False
35037,NM,Quay,20.41327489,22.8,7.0,39885.0,76800.0,710.0,1.93,21.4,False
35039,NM,Rio Arriba,18.82830168,18.5,6.0,56353.0,212700.0,704.0,3.77,15.0,False
35041,NM,Roosevelt,21.34630837,19.3,7.0,47854.0,128100.0,795.0,2.68,19.9,False
35043,NM,Sandoval,33.39504549,11.7,2.0,82862.0,258100.0,1280.0,3.11,18.5,True
35045,NM,San Juan,16.64608206,19.9,3.0,51898.0,170700.0,894.0,3.29,20.7,True
35047,NM,San Miguel,26.23757405,24.7,6.0,47675.0,150400.0,727.0,3.15,18.3,False
35049,NM,Santa Fe,44.1654457,12.2,3.0,72836.0,374200.0,1252.0,5.14,20.6,True
35051,NM,Sierra,16.33518096,23.5,6.0,40420.0,138400.0,729.0,3.42,21.6,False
35053,NM,Socorro,20.99943321,25.2,6.0,42280.0,132700.0,702.0,3.14,19.9,False
35055,NM,Taos,37.06023554,18.5,7.0,48462.0,313400.0,982.0,6.47,24.3,False
35057,NM,Torrance,14.87466716,23.0,2.0,48322.0,132600.0,731.0,2.74,18.2,True
35059,NM,Union,18.07528409,18.4,9.0,48545.0,126900.0,587.0,2.61,14.5,False
35061,NM,Valencia,20.80956415,17.3,2.0,53275.0,184400.0,873.0,3.46,19.7,True
36001,NY,Albany,45.15350218,12.9,2.0,76997.0,263800.0,1196.0,3.43,18.6,True
36003,NY,Allegany,24.56193353,15.0,7.0,55466.0,93200.0,735.0,1.68,15.9,False
36005,NY,Bronx,21.95612932,27.7,1.0,45864.0,501400.0,1401.0,10.93,36.7,True
36007,NY,Broome,30.58679707,16.8,3.0,60533.0,139200.0,882.0,2.3,17.5,True
36009,NY,Cattaraugus,20.67388552,18.6,4.0,52383.0,105100.0,745.0,2.01,17.1,False
36011,NY,Cayuga,23.87864237,13.3,4.0,64129.0,158900.0,868.0,2.48,16.2,False
36013,NY,Chautauqua,25.0974279,16.7,4.0,55644.0,110900.0,759.0,1.99,16.4,False
36015,NY,Chemung,26.8853076,16.9,3.0,56664.0,128200.0,991.0,2.26,21.0,True
36017,NY,Chenango,19.17836621,14.3,6.0,60755.0,121100.0,798.0,1.99,15.8,False
36019,NY,Clinton,26.82087242,13.7,4.0,65272.0,165200.0,944.0,2.53,17.4,False
36021,NY,Columbia,38.09222328,13.7,6.0,83533.0,283700.0,1114.0,3.4,16.0,False
36023,NY,Cortland,28.33230643,16.0,4.0,58274.0,148200.0,884.0,2.54,18.2,False
36025,NY,Delaware,26.69541356,16.3,8.0,61424.0,160400.0,785.0,2.61,15.3,False
36027,NY,Dutchess,39.72561264,8.0,2.0,90740.0,348700.0,1425.0,3.84,18.8,True
36029,NY,Erie,36.92683166,14.1,1.0,69888.0,197400.0,984.0,2.82,16.9,True
36031,NY,Essex,31.30230306,13.0,6.0,62376.0,189500.0,875.0,3.04,16.8,False
36033,NY,Franklin,23.77098142,14.6,7.0,59192.0,131600.0,788.0,2.22,16.0,False
36035,NY,Fulton,21.15566038,14.0,4.0,61512.0,142000.0,855.0,2.31,16.7,False
36037,NY,Genesee,23.61390405,10.4,4.0,68973.0,148600.0,866.0,2.15,15.1,False
36039,NY,Greene,28.93191032,13.5,6.0,71433.0,229500.0,1013.0,3.21,17.0,False
36041,NY,Hamilton,26.8923821,10.6,8.0,62149.0,204900.0,902.0,3.3,17.4,False
36043,NY,Herkimer,22.61627365,14.1,2.0,62197.0,130900.0,776.0,2.1,15.0,True
36045,NY,Jefferson,25.6745532,13.3,3.0,58763.0,169600.0,1143.0,2.89,23.3,True
36047,NY,Kings,41.32591826,19.1,1.0,73244.0,865300.0,1715.0,11.81,28.1,True
36049,NY,Lewis,19.40791254,11.0,8.0,64452.0,146100.0,768.0,2.27,14.3,False
36051,NY,Livingston,30.59771272,11.3,1.0,75077.0,159900.0,919.0,2.13,14.7,True
36053,NY,Madison,28.01710107,11.0,2.0,69851.0,162800.0,867.0,2.33,14.9,True
36055,NY,Monroe,41.17653766,13.1,1.0,68169.0,182700.0,1085.0,2.68,19.1,True
36057,NY,Montgomery,20.51536754,15.8,4.0,58176.0,132300.0,867.0,2.27,17.9,False
36059,NY,Nassau,48.71380189,5.8,1.0,135528.0,633800.0,2131.0,4.68,18.9,True
36061,NY,New York,64.00278318,16.5,1.0,95514.0,1104000.0,2024.0,11.56,25.4,True
36063,NY,Niagara,27.16351516,13.8,1.0,63565.0,163100.0,823.0,2.57,15.5,True
36065,NY,Oneida,27.7502216,15.7,2.0,63894.0,157600.0,889.0,2.47,16.7,True
36067,NY,Onondaga,38.13416842,13.6,2.0,70939.0,172800.0,1002.0,2.44,16.9,True
36069,NY,Ontario,37.17133848,8.2,1.0,76601.0,192800.0,1061.0,2.52,16.6,True
36071,NY,Orange,32.2423366,12.7,2.0,88532.0,337800.0,1494.0,3.82,20.3,True
36073,NY,Orleans,17.50077179,11.7,1.0,62900.0,122200.0,840.0,1.94,16.0,True
36075,NY,Oswego,21.92422148,14.9,2.0,59335.0,131800.0,899.0,2.22,18.2,True
36077,NY,Otsego,33.8522293,14.2,7.0,68962.0,166500.0,927.0,2.41,16.1,False
36079,NY,Putnam,43.54383055,7.3,1.0,112167.0,421800.0,1691.0,3.76,18.1,True
36081,NY,Queens,35.26114602,13.8,1.0,80180.0,677700.0,1847.0,8.45,27.6,True
36083,NY,Rensselaer,37.2722063,12.4,2.0,80040.0,230800.0,1141.0,2.88,17.1,True
36085,NY,Richmond,35.77553762,13.1,1.0,91582.0,637100.0,1602.0,6.96,21.0,True
36087,NY,Rockland,42.11961993,15.2,1.0,99839.0,528900.0,1755.0,5.3,21.1,True
36089,NY,St. Lawrence,24.6400427,19.0,4.0,59451.0,114700.0,788.0,1.93,15.9,False
36091,NY,Saratoga,43.76616898,7.2,2.0,93341.0,306000.0,1305.0,3.28,16.8,True
36093,NY,Schenectady,35.05889844,14.0,2.0,74206.0,204400.0,1092.0,2.75,17.7,True
36095,NY,Schoharie,25.01275451,13.5,2.0,67975.0,169400.0,883.0,2.49,15.6,True
36097,NY,Schuyler,25.36445351,13.3,8.0,63233.0,151100.0,808.0,2.39,15.3,False
36099,NY,Seneca,24.13620012,14.1,6.0,65354.0,132000.0,871.0,2.02,16.0,False
36101,NY,Steuben,26.02120974,14.2,4.0,60558.0,121000.0,832.0,2.0,16.5,False
36103,NY,Suffolk,39.86180066,7.0,1.0,119253.0,490800.0,2113.0,4.12,21.3,True
36105,NY,Sullivan,29.68562257,14.5,6.0,63733.0,220200.0,996.0,3.46,18.8,False
36107,NY,Tioga,25.59988436,13.3,3.0,76197.0,144200.0,894.0,1.89,14.1,True
36109,NY,Tompkins,59.24992685,15.7,3.0,72025.0,264300.0,1320.0,3.67,22.0,True
36111,NY,Ulster,37.05043737,12.7,3.0,79340.0,288400.0,1269.0,3.63,19.2,True
36113,NY,Warren,34.61538462,10.5,3.0,69849.0,240600.0,1062.0,3.44,18.2,True
36115,NY,Washington,21.22966761,11.5,3.0,67013.0,176900.0,964.0,2.64,17.3,True
36117,NY,Wayne,25.532338,11.0,1.0,70917.0,151900.0,877.0,2.14,14.8,True
36119,NY,Westchester,52.51003296,9.3,1.0,108037.0,619000.0,1796.0,5.73,19.9,True
36121,NY,Wyoming,18.23148523,10.6,8.0,65526.0,143000.0,787.0,2.18,14.4,False
36123,NY,Yates,25.02694934,12.3,6.0,62637.0,159800.0,773.0,2.55,14.8,False
37001,NC,Alamance,27.70895592,12.5,3.0,61034.0,197700.0,959.0,3.24,18.9,True
37003,NC,Alexander,15.40647019,12.4,2.0,67717.0,169300.0,735.0,2.5,13.0,True
37005,NC,Alleghany,22.82432119,16.3,9.0,49524.0,171800.0,708.0,3.47,17.2,False
37007,NC,Anson,10.88291747,24.1,1.0,48284.0,116300.0,818.0,2.41,20.3,True
37009,NC,Ashe,22.40861049,15.3,9.0,54379.0,199200.0,730.0,3.66,16.1,False
37011,NC,Avery,21.87338023,15.9,9.0,53894.0,215900.0,811.0,4.01,18.1,False
37013,NC,Beaufort,20.5857256,19.3,6.0,54415.0,159900.0,835.0,2.94,18.4,False
37015,NC,Bertie,17.84745252,24.3,9.0,44434.0,87500.0,823.0,1.97,22.2,False
37017,NC,Bladen,20.56983028,19.3,8.0,46002.0,115900.0,731.0,2.52,19.1,False
37019,NC,Brunswick,33.22168814,10.3,2.0,73536.0,284100.0,1187.0,3.86,19.4,True
37021,NC,Buncombe,44.62484479,12.9,2.0,67906.0,328900.0,1209.0,4.84,21.4,True
37023,NC,Burke,20.17086345,15.9,2.0,60629.0,155500.0,768.0,2.56,15.2,True
37025,NC,Cabarrus,37.66173752,9.1,1.0,79649.0,281600.0,1185.0,3.54,17.9,True
37027,NC,Caldwell,18.5851011,13.6,2.0,53586.0,158300.0,717.0,2.95,16.1,True
37029,NC,Camden,25.76125034,8.0,1.0,82620.0,261000.0,1151.0,3.16,16.7,True
37031,NC,Carteret,32.33756109,10.6,4.0,67806.0,277400.0,1009.0,4.09,17.9,False
37033,NC,Caswell,16.04789699,16.5,8.0,54215.0,138600.0,678.0,2.56,15.0,False
37035,NC,Catawba,24.93345243,11.9,2.0,63934.0,194000.0,866.0,3.03,16.3,True
37037,NC,Chatham,48.0009012,8.4,2.0,84516.0,373300.0,995.0,4.42,14.1,True
37039,NC,Cherokee,24.20650599,14.6,9.0,51607.0,193500.0,819.0,3.75,19.0,False
37041,NC,Chowan,24.5212918,15.1,8.0,55818.0,181400.0,814.0,3.25,17.5,False
37043,NC,Clay,31.41467828,12.1,9.0,57698.0,251900.0,793.0,4.37,16.5,False
37045,NC,Cleveland,21.07127367,17.2,4.0,53170.0,155000.0,794.0,2.92,17.9,False
37047,NC,Columbus,15.06550218,20.1,6.0,45379.0,119800.0,738.0,2.64,19.5,False
37049,NC,Craven,26.02783555,15.5,4.0,63076.0,194100.0,1056.0,3.08,20.1,False
37051,NC,Cumberland,27.18954186,15.3,2.0,58013.0,166600.0,1098.0,2.87,22.7,True
37053,NC,Currituck,29.28742543,7.8,1.0,76217.0,314100.0,1217.0,4.12,19.2,True
37055,NC,Dare,42.80952882,8.9,4.0,82052.0,386600.0,1259.0,4.71,18.4,False
37057,NC,Davidson,20.72227284,14.0,2.0,63590.0,184300.0,822.0,2.9,15.5,True
37059,NC,Davie,26.76980477,9.7,2.0,63436.0,219400.0,838.0,3.46,15.9,True
37061,NC,Duplin,17.49871799,19.8,8.0,51270.0,112400.0,765.0,2.19,17.9,False
37063,NC,Durham,53.54261071,10.6,2.0,79524.0,311300.0,1301.0,3.91,19.6,True
37065,NC,Edgecombe,16.72666116,22.6,3.0,48770.0,106200.0,779.0,2.18,19.2,True
37067,NC,Forsyth,36.87252077,14.8,2.0,62992.0,205700.0,969.0,3.27,18.5,True
37069,NC,Franklin,24.39392735,11.3,1.0,72415.0,209500.0,971.0,2.89,16.1,True
37071,NC,Gaston,25.96811075,13.5,1.0,65430.0,206700.0,1005.0,3.16,18.4,True
37073,NC,Gates,10.78898597,14.0,1.0,66561.0,153000.0,921.0,2.3,16.6,True
37075,NC,Graham,16.75030282,16.9,9.0,50301.0,134000.0,580.0,2.66,13.8,False
37077,NC,Granville,24.03470716,11.4,6.0,74120.0,208600.0,937.0,2.81,15.2,False
37079,NC,Greene,12.22092464,22.0,8.0,49992.0,108300.0,826.0,2.17,19.8,False
37081,NC,Guilford,38.10167831,14.8,2.0,63822.0,215700.0,1049.0,3.38,19.7,True
37083,NC,Halifax,15.45731265,25.5,4.0,44804.0,98700.0,760.0,2.2,20.4,False
37085,NC,Harnett,23.92306752,13.7,4.0,65242.0,195900.0,1022.0,3.0,18.8,False
37087,NC,Haywood,29.40180706,11.0,4.0,62374.0,227500.0,954.0,3.65,18.4,False
37089,NC,Henderson,35.06130277,10.6,2.0,65252.0,291500.0,1032.0,4.47,19.0,True
37091,NC,Hertford,16.74614306,22.7,8.0,43871.0,103600.0,846.0,2.36,23.1,False
37093,NC,Hoke,21.31604953,18.5,2.0,60903.0,177500.0,1036.0,2.91,20.4,True
37095,NC,Hyde,13.71801851,23.3,9.0,48068.0,105300.0,917.0,2.19,22.9,False
37097,NC,Iredell,33.33133613,9.2,1.0,73446.0,261200.0,1105.0,3.56,18.1,True
37099,NC,Jackson,30.00713776,17.0,7.0,58491.0,240500.0,804.0,4.11,16.5,False
37101,NC,Johnston,27.63038901,10.8,1.0,80612.0,240100.0,970.0,2.98,14.4,True
37103,NC,Jones,17.85092807,19.1,8.0,56079.0,115400.0,680.0,2.06,14.6,False
37105,NC,Lee,21.61384601,14.7,4.0,58244.0,186000.0,923.0,3.19,19.0,False
37107,NC,Lenoir,15.81168576,23.1,4.0,46410.0,101600.0,792.0,2.19,20.5,False
37109,NC,Lincoln,27.02694409,10.7,1.0,78615.0,241200.0,928.0,3.07,14.2,True
37111,NC,McDowell,17.55690162,15.1,6.0,54042.0,153300.0,725.0,2.84,16.1,False
37113,NC,Macon,24.56227405,13.5,7.0,53832.0,210900.0,818.0,3.92,18.2,False
37115,NC,Madison,31.47030803,13.8,2.0,54137.0,236300.0,760.0,4.36,16.8,True
37117,NC,Martin,15.14922554,19.7,6.0,44445.0,99200.0,758.0,2.23,20.5,False
37119,NC,Mecklenburg,48.60848328,10.2,1.0,80645.0,334700.0,1413.0,4.15,21.0,True
37121,NC,Mitchell,23.09619687,14.8,8.0,53555.0,191400.0,701.0,3.57,15.7,False
37123,NC,Montgomery,19.30653212,15.6,8.0,55313.0,139900.0,710.0,2.53,15.4,False
37125,NC,Moore,40.91314452,10.5,3.0,84458.0,284000.0,1084.0,3.36,15.4,True
37127,NC,Nash,21.72325721,14.4,3.0,55406.0,162100.0,879.0,2.93,19.0,True
37129,NC,New Hanover,44.76682844,12.1,2.0,70995.0,320000.0,1249.0,4.51,21.1,True
37131,NC,Northampton,19.04395942,20.7,9.0,51550.0,96000.0,764.0,1.86,17.8,False
37133,NC,Onslow,26.05734704,12.4,3.0,62190.0,196800.0,1132.0,3.16,21.8,True
37135,NC,Orange,61.82293732,11.7,2.0,87780.0,395600.0,1316.0,4.51,18.0,True
37137,NC,Pamlico,25.37678208,15.0,9.0,59845.0,198600.0,830.0,3.32,16.6,False
37139,NC,Pasquotank,26.85548968,15.5,4.0,59066.0,201500.0,1039.0,3.41,21.1,False
37141,NC,Pender,29.82589796,11.4,2.0,73663.0,240800.0,1039.0,3.27,16.9,True
37143,NC,Perquimans,20.40565458,15.1,8.0,60665.0,211100.0,1033.0,3.48,20.4,False
37145,NC,Person,19.83214286,14.3,2.0,61302.0,173200.0,777.0,2.83,15.2,True
37147,NC,Pitt,33.86605784,19.4,3.0,57319.0,178700.0,911.0,3.12,19.1,True
37149,NC,Polk,32.90504947,12.8,8.0,61585.0,255000.0,984.0,4.14,19.2,False
37151,NC,Randolph,17.63013807,15.5,2.0,58037.0,158300.0,813.0,2.73,16.8,True
37153,NC,Richmond,16.18618412,22.6,4.0,44383.0,111900.0,720.0,2.52,19.5,False
37155,NC,Robeson,14.55930041,27.7,4.0,39931.0,87700.0,741.0,2.2,22.3,False
37157,NC,Rockingham,16.12820435,13.6,2.0,52494.0,142900.0,743.0,2.72,17.0,True
37159,NC,Rowan,21.52160753,14.6,1.0,61105.0,187300.0,925.0,3.07,18.2,True
37161,NC,Rutherford,20.6841602,15.2,4.0,53485.0,158200.0,729.0,2.96,16.4,False
37163,NC,Sampson,15.82048957,18.5,6.0,52248.0,116600.0,752.0,2.23,17.3,False
37165,NC,Scotland,14.81179799,28.6,6.0,45996.0,99900.0,736.0,2.17,19.2,False
37167,NC,Stanly,19.69853073,11.0,6.0,58642.0,190700.0,816.0,3.25,16.7,False
37169,NC,Stokes,18.48954416,10.5,2.0,56259.0,168600.0,784.0,3.0,16.7,True
37171,NC,Surry,19.4012779,13.9,6.0,49524.0,153700.0,706.0,3.1,17.1,False
37173,NC,Swain,21.27310062,15.6,9.0,55462.0,178900.0,690.0,3.23,14.9,False
37175,NC,Transylvania,38.64019113,12.5,6.0,62173.0,298600.0,861.0,4.8,16.6,False
37177,NC,Tyrrell,14.72536034,21.4,9.0,42514.0,140500.0,722.0,3.3,20.4,False
37179,NC,Union,39.02742591,8.4,1.0,95079.0,336600.0,1274.0,3.54,16.1,True
37181,NC,Vance,18.47496074,23.2,6.0,49961.0,133000.0,830.0,2.66,19.9,False
37183,NC,Wake,56.27691,7.2,1.0,97099.0,385700.0,1412.0,3.97,17.5,True
37185,NC,Warren,19.04761905,20.3,8.0,47170.0,121300.0,726.0,2.57,18.5,False
37187,NC,Washington,12.17610063,22.6,9.0,46072.0,97800.0,755.0,2.12,19.7,False
37189,NC,Watauga,47.66468985,18.6,5.0,57888.0,283000.0,1067.0,4.89,22.1,False
37191,NC,Wayne,21.33420053,17.1,3.0,55635.0,152300.0,899.0,2.74,19.4,True
37193,NC,Wilkes,16.66771508,16.3,6.0,48229.0,146200.0,712.0,3.03,17.7,False
37195,NC,Wilson,20.26385322,18.8,4.0,51535.0,153800.0,853.0,2.98,19.9,False
37197,NC,Yadkin,15.75186141,12.9,2.0,61464.0,160500.0,711.0,2.61,13.9,True
37199,NC,Yancey,22.99644128,15.9,8.0,54455.0,206100.0,757.0,3.78,16.7,False
38001,ND,Adams,20.75592569,11.8,9.0,57593.0,109600.0,589.0,1.9,12.3,False
38003,ND,Barnes,29.99734184,11.5,6.0,67058.0,157800.0,773.0,2.35,13.8,False
38005,ND,Benson,22.10589291,22.7,9.0,56605.0,79300.0,563.0,1.4,11.9,False
38007,ND,Billings,32.43626062,10.5,9.0,85947.0,237500.0,650.0,2.76,9.1,False
38009,ND,Bottineau,27.43738819,10.8,8.0,69351.0,188500.0,670.0,2.72,11.6,False
38011,ND,Bowman,27.27725236,9.5,9.0,75386.0,168200.0,862.0,2.23,13.7,False
38013,ND,Burke,23.53333333,9.0,8.0,75931.0,135100.0,669.0,1.78,10.6,False
38015,ND,Burleigh,38.7218439,7.7,3.0,83111.0,302300.0,975.0,3.64,14.1,True
38017,ND,Cass,43.28492051,9.7,3.0,70002.0,270300.0,909.0,3.86,15.6,True
38019,ND,Cavalier,22.21788364,9.2,9.0,73221.0,122900.0,731.0,1.68,12.0,False
38021,ND,Dickey,27.06065319,11.5,9.0,56326.0,164700.0,759.0,2.92,16.2,False
38023,ND,Divide,20.35737077,9.8,9.0,70513.0,162900.0,1032.0,2.31,17.6,False
38025,ND,Dunn,20.55084746,11.2,9.0,82490.0,251700.0,906.0,3.05,13.2,False
38027,ND,Eddy,28.19358469,11.5,9.0,58848.0,108400.0,555.0,1.84,11.3,False
38029,ND,Emmons,20.69663832,13.7,8.0,60952.0,110200.0,585.0,1.81,11.5,False
38031,ND,Foster,27.21798475,11.4,9.0,83156.0,160300.0,710.0,1.93,10.2,False
38033,ND,Golden Valley,18.04757998,11.7,9.0,64823.0,142500.0,838.0,2.2,15.5,False
38035,ND,Grand Forks,37.16070809,12.5,3.0,64914.0,235400.0,941.0,3.63,17.4,True
38037,ND,Grant,21.23167155,16.3,8.0,43988.0,88800.0,629.0,2.02,17.2,False
38039,ND,Griggs,27.35346359,11.6,9.0,59332.0,119500.0,499.0,2.01,10.1,False
38041,ND,Hettinger,18.73278237,12.7,9.0,66192.0,111100.0,852.0,1.68,15.4,False
38043,ND,Kidder,21.25075896,14.2,8.0,56951.0,140300.0,740.0,2.46,15.6,False
38045,ND,LaMoure,24.2058011,9.4,9.0,77744.0,116900.0,571.0,1.5,8.8,False
38047,ND,Logan,26.22222222,14.1,9.0,60695.0,94400.0,771.0,1.56,15.2,False
38049,ND,McHenry,20.88709677,12.3,3.0,65378.0,136600.0,753.0,2.09,13.8,True
38051,ND,McIntosh,17.00201207,13.5,9.0,57614.0,83300.0,605.0,1.45,12.6,False
38053,ND,McKenzie,22.7960121,8.1,7.0,84206.0,330200.0,1192.0,3.92,17.0,False
38055,ND,McLean,23.86744966,9.9,8.0,79935.0,222100.0,766.0,2.78,11.5,False
38057,ND,Mercer,22.56704335,8.1,8.0,90092.0,192000.0,1039.0,2.13,13.8,False
38059,ND,Morton,29.25665713,7.9,3.0,75133.0,247200.0,973.0,3.29,15.5,True
38061,ND,Mountrail,22.3662619,11.6,8.0,74094.0,205000.0,929.0,2.77,15.0,False
38063,ND,Nelson,28.15405046,9.8,8.0,59947.0,107400.0,539.0,1.79,10.8,False
38065,ND,Oliver,20.4636291,10.8,3.0,79521.0,226900.0,594.0,2.85,9.0,True
38067,ND,Pembina,22.92980671,8.9,9.0,69141.0,112700.0,658.0,1.63,11.4,False
38069,ND,Pierce,27.91193182,11.0,9.0,59007.0,154400.0,757.0,2.62,15.4,False
38071,ND,Ramsey,27.64513697,12.4,7.0,71307.0,193300.0,663.0,2.71,11.2,False
38073,ND,Ransom,20.95625636,9.3,8.0,76130.0,145900.0,840.0,1.92,13.2,False
38075,ND,Renville,22.03821656,8.3,3.0,71271.0,165500.0,885.0,2.32,14.9,True
38077,ND,Richland,24.98137109,10.9,6.0,74253.0,164500.0,725.0,2.22,11.7,False
38079,ND,Rolette,16.5684624,23.5,9.0,50598.0,90200.0,482.0,1.78,11.4,False
38081,ND,Sargent,19.08698778,8.7,9.0,75325.0,134900.0,837.0,1.79,13.3,False
38083,ND,Sheridan,20.25193798,16.5,8.0,56922.0,108500.0,439.0,1.91,9.3,False
38085,ND,Sioux,11.17021277,34.9,9.0,43721.0,97200.0,430.0,2.22,11.8,False
38087,ND,Slope,22.77867528,14.3,9.0,69249.0,109900.0,531.0,1.59,9.2,False
38089,ND,Stark,27.1667369,9.6,5.0,86963.0,255200.0,988.0,2.93,13.6,False
38091,ND,Steele,29.57969865,8.3,8.0,81081.0,119900.0,594.0,1.48,8.8,False
38093,ND,Stutsman,24.42588727,11.0,7.0,65633.0,191000.0,746.0,2.91,13.6,False
38095,ND,Towner,18.91174519,9.4,9.0,70656.0,127600.0,622.0,1.81,10.6,False
38097,ND,Traill,31.21429888,8.4,8.0,79065.0,172700.0,709.0,2.18,10.8,False
38099,ND,Walsh,19.53865165,9.6,8.0,67249.0,111700.0,695.0,1.66,12.4,False
38101,ND,Ward,29.66397335,7.4,3.0,72091.0,249800.0,1005.0,3.47,16.7,True
38103,ND,Wells,22.25054625,12.1,9.0,66294.0,104200.0,594.0,1.57,10.8,False
38105,ND,Williams,23.74366254,7.7,5.0,84145.0,255000.0,1097.0,3.03,15.6,False
39001,OH,Adams,14.25149063,19.0,8.0,49068.0,138700.0,667.0,2.83,16.3,False
39003,OH,Allen,19.93422014,14.1,3.0,60384.0,147000.0,844.0,2.43,16.8,True
39005,OH,Ashland,22.06422529,13.5,6.0,62037.0,163600.0,815.0,2.64,15.8,False
39007,OH,Ashtabula,15.97084548,17.8,1.0,52468.0,139000.0,811.0,2.65,18.5,True
39009,OH,Athens,35.42646533,25.3,4.0,48265.0,161700.0,907.0,3.35,22.6,False
39011,OH,Auglaize,20.75573293,8.5,4.0,71669.0,168200.0,815.0,2.35,13.6,False
39013,OH,Belmont,18.71861114,15.3,3.0,55573.0,130200.0,754.0,2.34,16.3,True
39015,OH,Brown,15.77810506,15.1,1.0,64034.0,164500.0,785.0,2.57,14.7,True
39017,OH,Butler,32.53044149,11.9,1.0,74841.0,224300.0,1048.0,3.0,16.8,True
39019,OH,Carroll,14.03062549,11.9,2.0,62482.0,157500.0,756.0,2.52,14.5,True
39021,OH,Champaign,19.10741744,8.8,6.0,72784.0,166900.0,856.0,2.29,14.1,False
39023,OH,Clark,18.53585551,15.2,3.0,57264.0,144900.0,820.0,2.53,17.2,True
39025,OH,Clermont,31.3920096,8.9,1.0,79492.0,224800.0,984.0,2.83,14.9,True
39027,OH,Clinton,20.05520756,12.5,6.0,65927.0,172800.0,837.0,2.62,15.2,False
39029,OH,Columbiana,16.03532768,15.7,4.0,54167.0,124400.0,696.0,2.3,15.4,False
39031,OH,Coshocton,16.74789017,16.2,7.0,50731.0,128600.0,694.0,2.53,16.4,False
39033,OH,Crawford,15.50392871,12.4,4.0,55912.0,117000.0,746.0,2.09,16.0,False
39035,OH,Cuyahoga,35.91746048,16.0,1.0,60808.0,168700.0,952.0,2.77,18.8,True
39037,OH,Darke,16.48317525,9.8,6.0,65643.0,157800.0,731.0,2.4,13.4,False
39039,OH,Defiance,20.11697239,8.9,6.0,63904.0,147600.0,808.0,2.31,15.2,False
39041,OH,Delaware,58.03664157,5.0,1.0,121528.0,393000.0,1338.0,3.23,13.2,True
39043,OH,Erie,27.92500783,12.4,3.0,67925.0,169400.0,884.0,2.49,15.6,True
39045,OH,Fairfield,31.90876175,8.4,1.0,82447.0,247800.0,1042.0,3.01,15.2,True
39047,OH,Fayette,13.84172226,14.4,6.0,56901.0,151400.0,772.0,2.66,16.3,False
39049,OH,Franklin,41.9705294,15.1,1.0,69762.0,243100.0,1169.0,3.48,20.1,True
39051,OH,Fulton,18.83766167,8.0,2.0,75383.0,163100.0,807.0,2.16,12.8,True
39053,OH,Gallia,17.9012657,17.4,6.0,51449.0,134000.0,803.0,2.6,18.7,False
39055,OH,Geauga,38.7242947,6.3,1.0,101636.0,288000.0,1009.0,2.83,11.9,True
39057,OH,Greene,41.28698509,9.9,2.0,82769.0,222300.0,1027.0,2.69,14.9,True
39059,OH,Guernsey,15.3494933,15.4,6.0,56004.0,145800.0,801.0,2.6,17.2,False
39061,OH,Hamilton,41.35964451,13.6,1.0,67033.0,205000.0,961.0,3.06,17.2,True
39063,OH,Hancock,29.73230614,10.6,4.0,72658.0,179600.0,877.0,2.47,14.5,False
39065,OH,Hardin,18.87848455,14.8,6.0,58844.0,125600.0,755.0,2.13,15.4,False
39067,OH,Harrison,12.98141406,14.5,8.0,55129.0,112500.0,682.0,2.04,14.8,False
39069,OH,Henry,18.66889912,8.5,6.0,72122.0,157500.0,846.0,2.18,14.1,False
39071,OH,Highland,15.60307609,12.1,6.0,59464.0,146300.0,736.0,2.46,14.9,False
39073,OH,Hocking,14.35556228,15.9,1.0,57353.0,164100.0,773.0,2.86,16.2,True
39075,OH,Holmes,10.95434429,8.8,9.0,75226.0,245800.0,749.0,3.27,11.9,False
39077,OH,Huron,16.94463981,13.2,4.0,61482.0,151600.0,805.0,2.47,15.7,False
39079,OH,Jackson,16.61461587,17.3,7.0,54893.0,127500.0,744.0,2.32,16.3,False
39081,OH,Jefferson,20.55668939,16.1,3.0,54272.0,115100.0,760.0,2.12,16.8,True
39083,OH,Knox,24.34529116,11.4,6.0,68334.0,197400.0,878.0,2.89,15.4,False
39085,OH,Lake,30.52761216,10.1,1.0,76163.0,189600.0,1027.0,2.49,16.2,True
39087,OH,Lawrence,18.57783472,16.9,2.0,51062.0,127900.0,806.0,2.5,18.9,True
39089,OH,Licking,29.28083862,9.7,1.0,76596.0,232200.0,960.0,3.03,15.0,True
39091,OH,Logan,18.29726457,11.2,4.0,62449.0,168300.0,802.0,2.69,15.4,False
39093,OH,Lorain,27.89533179,11.0,1.0,67124.0,191900.0,886.0,2.86,15.8,True
39095,OH,Lucas,28.50027026,18.2,2.0,57971.0,144200.0,879.0,2.49,18.2,True
39097,OH,Madison,22.35110208,9.3,1.0,78533.0,201200.0,899.0,2.56,13.7,True
39099,OH,Mahoning,26.36059967,19.5,2.0,54774.0,132000.0,753.0,2.41,16.5,True
39101,OH,Marion,13.69839163,16.0,4.0,59012.0,135900.0,837.0,2.3,17.0,False
39103,OH,Medina,36.24683022,7.6,1.0,89108.0,249700.0,1053.0,2.8,14.2,True
39105,OH,Meigs,11.78142767,20.8,8.0,46393.0,104400.0,689.0,2.25,17.8,False
39107,OH,Mercer,22.15624553,7.6,7.0,72077.0,192800.0,749.0,2.67,12.5,False
39109,OH,Miami,24.92350925,9.6,2.0,72887.0,190900.0,906.0,2.62,14.9,True
39111,OH,Monroe,10.73322933,14.8,8.0,56384.0,122800.0,668.0,2.18,14.2,False
39113,OH,Montgomery,30.52112014,15.2,2.0,62794.0,154300.0,925.0,2.46,17.7,True
39115,OH,Morgan,14.20310439,15.2,8.0,58803.0,121200.0,689.0,2.06,14.1,False
39117,OH,Morrow,18.19568796,10.8,1.0,71835.0,185800.0,895.0,2.59,15.0,True
39119,OH,Muskingum,20.32421479,17.3,4.0,58791.0,156100.0,776.0,2.66,15.8,False
39121,OH,Noble,13.74576737,15.0,9.0,57054.0,137500.0,716.0,2.41,15.1,False
39123,OH,Ottawa,28.53634578,8.8,3.0,72780.0,179100.0,846.0,2.46,13.9,True
39125,OH,Paulding,15.73396967,10.1,8.0,66332.0,122200.0,718.0,1.84,13.0,False
39127,OH,Perry,15.0384819,13.7,1.0,60448.0,161300.0,695.0,2.67,13.8,True
39129,OH,Pickaway,21.25698055,11.6,1.0,75916.0,219900.0,906.0,2.9,14.3,True
39131,OH,Pike,14.55699607,19.5,9.0,55029.0,131300.0,817.0,2.39,17.8,False
39133,OH,Portage,31.52110186,12.9,2.0,72965.0,197100.0,990.0,2.7,16.3,True
39135,OH,Preble,17.89763807,10.4,6.0,67605.0,158700.0,803.0,2.35,14.3,False
39137,OH,Putnam,26.29932209,6.5,6.0,81780.0,176200.0,807.0,2.15,11.8,False
39139,OH,Richland,17.88139171,14.4,3.0,54906.0,140500.0,768.0,2.56,16.8,True
39141,OH,Ross,17.10579281,16.5,4.0,60352.0,153500.0,827.0,2.54,16.4,False
39143,OH,Sandusky,19.1053301,10.3,4.0,62473.0,142300.0,756.0,2.28,14.5,False
39145,OH,Scioto,17.95103371,18.6,4.0,48465.0,122900.0,723.0,2.54,17.9,False
39147,OH,Seneca,20.71235834,12.8,4.0,63221.0,128100.0,789.0,2.03,15.0,False
39149,OH,Shelby,20.61194634,10.4,4.0,72498.0,174200.0,865.0,2.4,14.3,False
39151,OH,Stark,24.98283255,12.3,2.0,64557.0,164900.0,838.0,2.55,15.6,True
39153,OH,Summit,35.28615446,12.9,2.0,66034.0,182500.0,956.0,2.76,17.4,True
39155,OH,Trumbull,20.29348827,17.2,2.0,54406.0,121400.0,752.0,2.23,16.6,True
39157,OH,Tuscarawas,19.59183673,13.4,4.0,59626.0,163700.0,844.0,2.75,17.0,False
39159,OH,Union,39.10229035,5.4,1.0,104512.0,282900.0,1144.0,2.71,13.1,True
39161,OH,Van Wert,16.99654257,10.9,6.0,59377.0,129300.0,769.0,2.18,15.5,False
39163,OH,Vinton,15.11835641,18.8,8.0,51015.0,123400.0,675.0,2.42,15.9,False
39165,OH,Warren,45.68689524,5.9,1.0,104523.0,290900.0,1254.0,2.78,14.4,True
39167,OH,Washington,20.70269382,12.8,4.0,59196.0,164000.0,794.0,2.77,16.1,False
39169,OH,Wayne,24.71529902,9.2,4.0,70121.0,189800.0,824.0,2.71,14.1,False
39171,OH,Williams,14.23435265,11.1,7.0,60983.0,131100.0,771.0,2.15,15.2,False
39173,OH,Wood,37.36454946,9.8,2.0,67254.0,203300.0,907.0,3.02,16.2,True
39175,OH,Wyandot,20.67585302,8.8,7.0,65631.0,154200.0,753.0,2.35,13.8,False
40001,OK,Adair,11.80245754,23.1,8.0,47799.0,108200.0,608.0,2.26,15.3,False
40003,OK,Alfalfa,20.70474436,19.8,8.0,58045.0,96300.0,654.0,1.66,13.5,False
40005,OK,Atoka,15.32616204,20.0,9.0,46160.0,123000.0,669.0,2.66,17.4,False
40007,OK,Beaver,22.97377831,13.5,9.0,64431.0,106500.0,838.0,1.65,15.6,False
40009,OK,Beckham,13.28883896,21.8,7.0,53119.0,149800.0,793.0,2.82,17.9,False
40011,OK,Blaine,17.98501249,16.3,8.0,54616.0,122800.0,844.0,2.25,18.5,False
40013,OK,Bryan,24.38776483,18.1,6.0,53782.0,151500.0,877.0,2.82,19.6,False
40015,OK,Caddo,15.46930911,21.1,6.0,51071.0,99900.0,686.0,1.96,16.1,False
40017,OK,Canadian,31.75465767,7.9,1.0,81761.0,212700.0,1129.0,2.6,16.6,True
40019,OK,Carter,20.00309789,17.1,5.0,56052.0,144400.0,908.0,2.58,19.4,False
40021,OK,Cherokee,29.4169496,18.7,6.0,49403.0,144600.0,773.0,2.93,18.8,False
40023,OK,Choctaw,15.24132963,23.5,9.0,41999.0,113500.0,662.0,2.7,18.9,False
40025,OK,Cimarron,31.66123779,17.4,9.0,50900.0,77900.0,615.0,1.53,14.5,False
40027,OK,Cleveland,35.62315945,12.9,1.0,70923.0,203900.0,1073.0,2.87,18.2,True
40029,OK,Coal,16.83029453,21.3,9.0,44040.0,90800.0,679.0,2.06,18.5,False
40031,OK,Comanche,24.17077301,19.5,3.0,55600.0,145800.0,903.0,2.62,19.5,True
40033,OK,Cotton,20.94594595,17.3,3.0,51036.0,105500.0,738.0,2.07,17.4,True
40035,OK,Craig,14.87194999,18.8,6.0,48922.0,120000.0,810.0,2.45,19.9,False
40037,OK,Creek,18.40109713,15.7,1.0,57545.0,158900.0,880.0,2.76,18.4,True
40039,OK,Custer,33.32532003,18.2,5.0,54056.0,168700.0,732.0,3.12,16.2,False
40041,OK,Delaware,19.21295525,21.0,6.0,54799.0,152500.0,833.0,2.78,18.2,False
40043,OK,Dewey,19.76825843,13.8,9.0,55444.0,117200.0,844.0,2.11,18.3,False
40045,OK,Ellis,19.97690531,14.0,9.0,54087.0,106800.0,732.0,1.97,16.2,False
40047,OK,Garfield,22.30116098,14.4,3.0,55515.0,142000.0,868.0,2.56,18.8,True
40049,OK,Garvin,17.68275065,18.0,6.0,49245.0,124300.0,791.0,2.52,19.3,False
40051,OK,Grady,21.93985042,13.1,1.0,66930.0,177100.0,841.0,2.65,15.1,True
40053,OK,Grant,22.7367688,14.0,8.0,55657.0,84700.0,830.0,1.52,17.9,False
40055,OK,Greer,15.25721455,25.7,9.0,40545.0,97400.0,641.0,2.4,19.0,False
40057,OK,Harmon,16.2668227,25.1,9.0,41170.0,78500.0,727.0,1.91,21.2,False
40059,OK,Harper,26.64233577,12.5,9.0,65228.0,96700.0,791.0,1.48,14.6,False
40061,OK,Haskell,15.22741433,17.4,8.0,44536.0,109600.0,730.0,2.46,19.7,False
40063,OK,Hughes,15.10299925,24.2,9.0,43773.0,87300.0,604.0,1.99,16.6,False
40065,OK,Jackson,24.19861722,16.5,7.0,53513.0,115200.0,842.0,2.15,18.9,False
40067,OK,Jefferson,15.73617953,24.2,8.0,44188.0,72200.0,566.0,1.63,15.4,False
40069,OK,Johnston,21.34289058,19.9,9.0,48452.0,99100.0,690.0,2.05,17.1,False
40071,OK,Kay,18.52337416,18.8,4.0,53066.0,111600.0,786.0,2.1,17.8,False
40073,OK,Kingfisher,22.82069454,12.0,8.0,73023.0,189000.0,905.0,2.59,14.9,False
40075,OK,Kiowa,18.42465753,21.7,8.0,44959.0,80200.0,572.0,1.78,15.3,False
40077,OK,Latimer,10.40932086,23.1,9.0,42409.0,102400.0,694.0,2.41,19.6,False
40079,OK,Le Flore,14.82782853,21.0,6.0,47026.0,111300.0,753.0,2.37,19.2,False
40081,OK,Lincoln,15.47237534,20.5,1.0,54922.0,141400.0,731.0,2.57,16.0,True
40083,OK,Logan,30.45762316,11.2,1.0,76331.0,221300.0,869.0,2.9,13.7,True
40085,OK,Love,15.96908269,14.4,9.0,64723.0,154500.0,812.0,2.39,15.1,False
40087,OK,McClain,28.04362645,9.5,1.0,75474.0,214400.0,920.0,2.84,14.6,True
40089,OK,McCurtain,15.51647702,22.2,7.0,44465.0,111400.0,677.0,2.51,18.3,False
40091,OK,McIntosh,14.44247788,19.2,8.0,43700.0,121000.0,700.0,2.77,19.2,False
40093,OK,Major,17.9600461,12.3,8.0,63840.0,123200.0,628.0,1.93,11.8,False
40095,OK,Marshall,16.93690355,15.7,9.0,51341.0,136500.0,761.0,2.66,17.8,False
40097,OK,Mayes,16.45868714,16.9,6.0,50174.0,153500.0,788.0,3.06,18.8,False
40099,OK,Murray,17.79864371,12.6,9.0,60307.0,148200.0,824.0,2.46,16.4,False
40101,OK,Muskogee,19.02911744,20.8,4.0,53035.0,128900.0,793.0,2.43,17.9,False
40103,OK,Noble,20.27833002,13.3,8.0,61415.0,140900.0,710.0,2.29,13.9,False
40105,OK,Nowata,16.44423991,17.4,8.0,54339.0,113100.0,741.0,2.08,16.4,False
40107,OK,Okfuskee,13.10082435,25.0,8.0,43544.0,104300.0,677.0,2.4,18.7,False
40109,OK,Oklahoma,35.09476706,16.0,1.0,61580.0,190500.0,1008.0,3.09,19.6,True
40111,OK,Okmulgee,17.29945876,19.3,1.0,45754.0,106300.0,765.0,2.32,20.1,True
40113,OK,Osage,21.49832164,14.2,1.0,58677.0,155200.0,773.0,2.64,15.8,True
40115,OK,Ottawa,14.96896306,21.6,6.0,47855.0,107500.0,742.0,2.25,18.6,False
40117,OK,Pawnee,16.31995582,17.2,1.0,54690.0,115000.0,842.0,2.1,18.5,True
40119,OK,Payne,40.10511014,22.0,4.0,51236.0,196100.0,899.0,3.83,21.1,False
40121,OK,Pittsburg,19.70788513,18.4,7.0,47930.0,135800.0,798.0,2.83,20.0,False
40123,OK,Pontotoc,29.73240833,13.9,7.0,56077.0,151500.0,847.0,2.7,18.1,False
40125,OK,Pottawatomie,20.99856174,17.1,4.0,52695.0,147000.0,848.0,2.79,19.3,False
40127,OK,Pushmataha,14.33752105,23.6,9.0,39267.0,103500.0,557.0,2.64,17.0,False
40129,OK,Roger Mills,23.87483926,18.3,9.0,55183.0,150700.0,679.0,2.73,14.8,False
40131,OK,Rogers,25.60235507,9.6,1.0,72952.0,206300.0,980.0,2.83,16.1,True
40133,OK,Seminole,15.12095487,19.0,7.0,44114.0,88100.0,695.0,2.0,18.9,False
40135,OK,Sequoyah,15.15028131,22.3,3.0,47450.0,118600.0,788.0,2.5,19.9,True
40137,OK,Stephens,19.49042896,14.9,4.0,55309.0,127500.0,831.0,2.31,18.0,False
40139,OK,Texas,24.41704213,11.5,7.0,60719.0,146200.0,865.0,2.41,17.1,False
40141,OK,Tillman,17.27894062,19.7,8.0,44333.0,62900.0,682.0,1.42,18.5,False
40143,OK,Tulsa,33.71583946,15.1,1.0,63442.0,196300.0,1002.0,3.09,19.0,True
40145,OK,Wagoner,26.85983314,10.4,1.0,73851.0,201600.0,1000.0,2.73,16.2,True
40147,OK,Washington,30.4580557,15.1,4.0,61704.0,151000.0,879.0,2.45,17.1,False
40149,OK,Washita,20.38079914,17.4,9.0,54789.0,102600.0,752.0,1.87,16.5,False
40151,OK,Woods,32.53079507,18.0,7.0,54020.0,146700.0,793.0,2.72,17.6,False
40153,OK,Woodward,21.61945093,14.7,7.0,61248.0,161600.0,839.0,2.64,16.4,False
41001,OR,Baker,26.97247706,16.2,7.0,54382.0,231100.0,765.0,4.25,16.9,False
41003,OR,Benton,54.35689533,16.2,3.0,70117.0,442300.0,1315.0,6.31,22.5,True
41005,OR,Clackamas,39.68836384,6.9,1.0,96915.0,532200.0,1605.0,5.49,19.9,True
41007,OR,Clatsop,26.29852378,15.3,4.0,63667.0,407700.0,1096.0,6.4,20.7,False
41009,OR,Columbia,19.17428579,9.8,1.0,77572.0,365100.0,1211.0,4.71,18.7,True
41011,OR,Coos,21.69188979,16.0,5.0,55983.0,276300.0,952.0,4.94,20.4,False
41013,OR,Crook,22.52563298,12.8,3.0,69563.0,368200.0,1129.0,5.29,19.5,True
41015,OR,Curry,24.18321088,15.8,7.0,54595.0,353200.0,1105.0,6.47,24.3,False
41017,OR,Deschutes,43.36590648,8.7,3.0,84281.0,526200.0,1550.0,6.24,22.1,True
41019,OR,Douglas,18.94667228,16.0,4.0,55837.0,262400.0,957.0,4.7,20.6,False
41021,OR,Gilliam,20.9472982,11.8,9.0,69038.0,151500.0,1071.0,2.19,18.6,False
41023,OR,Grant,19.65235899,15.3,9.0,58348.0,185500.0,803.0,3.18,16.5,False
41025,OR,Harney,15.63230797,15.2,9.0,56001.0,174100.0,665.0,3.11,14.2,False
41027,OR,Hood River,39.38177679,10.0,6.0,75818.0,492500.0,1281.0,6.5,20.3,False
41029,OR,Jackson,30.58352104,12.6,3.0,68239.0,369500.0,1208.0,5.41,21.2,True
41031,OR,Jefferson,20.02298851,13.9,3.0,65600.0,307200.0,940.0,4.68,17.2,True
41033,OR,Josephine,19.71391615,15.1,3.0,54983.0,353800.0,1093.0,6.43,23.9,True
41035,OR,Klamath,21.51221686,19.3,5.0,54961.0,234200.0,921.0,4.26,20.1,False
41037,OR,Lake,20.85909535,17.0,9.0,54707.0,169000.0,816.0,3.09,17.9,False
41039,OR,Lane,33.43287609,14.7,2.0,64192.0,363800.0,1210.0,5.67,22.6,True
41041,OR,Lincoln,28.81086,15.4,5.0,57216.0,345300.0,1057.0,6.04,22.2,False
41043,OR,Linn,20.77451648,14.2,3.0,67265.0,319800.0,1160.0,4.75,20.7,True
41045,OR,Malheur,15.45779409,19.7,6.0,49380.0,187500.0,761.0,3.8,18.5,False
41047,OR,Marion,25.98232759,14.1,2.0,70861.0,352500.0,1228.0,4.97,20.8,True
41049,OR,Morrow,9.788741635,13.2,8.0,67524.0,213900.0,837.0,3.17,14.9,False
41051,OR,Multnomah,48.61830743,12.8,1.0,79432.0,492100.0,1515.0,6.2,22.9,True
41053,OR,Polk,30.63208243,11.8,2.0,77156.0,382200.0,1219.0,4.95,19.0,True
41055,OR,Sherman,16.12903226,14.5,9.0,71460.0,186300.0,911.0,2.61,15.3,False
41057,OR,Tillamook,25.09639644,11.5,7.0,64877.0,363100.0,1148.0,5.6,21.2,False
41059,OR,Umatilla,17.99281266,16.5,4.0,71012.0,236800.0,930.0,3.33,15.7,False
41061,OR,Union,24.91315984,13.6,7.0,57091.0,243400.0,930.0,4.26,19.5,False
41063,OR,Wallowa,36.93262411,13.0,9.0,61648.0,336900.0,830.0,5.46,16.2,False
41065,OR,Wasco,21.77860366,13.6,7.0,60506.0,298200.0,925.0,4.93,18.3,False
41067,OR,Washington,46.68987391,8.1,1.0,98706.0,504300.0,1695.0,5.11,20.6,True
41069,OR,Wheeler,20.39757995,18.4,9.0,49716.0,194900.0,730.0,3.92,17.6,False
41071,OR,Yamhill,29.24226686,10.6,1.0,77969.0,408500.0,1302.0,5.24,20.0,True
42001,PA,Adams,24.76590685,9.3,3.0,76554.0,242800.0,1060.0,3.17,16.6,True
42003,PA,Allegheny,44.77672598,11.6,1.0,71973.0,200200.0,1050.0,2.78,17.5,True
42005,PA,Armstrong,18.85773196,11.9,1.0,57609.0,135800.0,777.0,2.36,16.2,True
42007,PA,Beaver,28.29520475,10.4,1.0,67135.0,170900.0,830.0,2.55,14.8,True
42009,PA,Bedford,16.34775136,11.2,8.0,55517.0,165200.0,727.0,2.98,15.7,False
42011,PA,Berks,27.16939162,11.9,2.0,72157.0,225700.0,1078.0,3.13,17.9,True
42013,PA,Blair,24.08435836,14.4,3.0,57884.0,149300.0,838.0,2.58,17.4,True
42015,PA,Bradford,21.20912959,13.9,6.0,63529.0,169700.0,824.0,2.67,15.6,False
42017,PA,Bucks,43.94964001,6.7,1.0,105202.0,395800.0,1461.0,3.76,16.7,True
42019,PA,Butler,38.63873973,9.3,1.0,81507.0,258500.0,978.0,3.17,14.4,True
42021,PA,Cambria,22.99199211,13.2,3.0,54612.0,110900.0,700.0,2.03,15.4,True
42023,PA,Cameron,11.25107358,15.3,9.0,50338.0,85900.0,657.0,1.71,15.7,False
42025,PA,Carbon,18.34253227,12.0,2.0,64766.0,179600.0,941.0,2.77,17.4,True
42027,PA,Centre,46.49672385,17.1,3.0,67654.0,289800.0,1118.0,4.28,19.8,True
42029,PA,Chester,56.58162387,6.2,1.0,117326.0,435000.0,1601.0,3.71,16.4,True
42031,PA,Clarion,23.28707719,14.2,6.0,57844.0,143300.0,754.0,2.48,15.6,False
42033,PA,Clearfield,20.05706328,15.4,4.0,59318.0,118300.0,737.0,1.99,14.9,False
42035,PA,Clinton,21.29003879,15.5,6.0,58892.0,165100.0,840.0,2.8,17.1,False
42037,PA,Columbia,24.87795976,12.6,4.0,59127.0,183200.0,862.0,3.1,17.5,False
42039,PA,Crawford,21.22407344,12.6,4.0,54774.0,136000.0,769.0,2.48,16.8,False
42041,PA,Cumberland,39.56294191,8.2,2.0,81295.0,246200.0,1146.0,3.03,16.9,True
42043,PA,Dauphin,34.28962365,12.9,2.0,67813.0,208200.0,1090.0,3.07,19.3,True
42045,PA,Delaware,41.59693707,10.8,1.0,83856.0,289700.0,1257.0,3.45,18.0,True
42047,PA,Elk,19.94462269,10.0,7.0,57570.0,121900.0,707.0,2.12,14.7,False
42049,PA,Erie,29.62708701,14.5,2.0,56489.0,160200.0,851.0,2.84,18.1,True
42051,PA,Fayette,18.93037961,18.9,1.0,51494.0,121800.0,754.0,2.37,17.6,True
42053,PA,Forest,12.10490921,24.8,9.0,43362.0,102300.0,720.0,2.36,19.9,False
42055,PA,Franklin,23.95240465,8.2,3.0,73709.0,222000.0,1019.0,3.01,16.6,True
42057,PA,Fulton,17.12135466,12.7,8.0,64405.0,188000.0,759.0,2.92,14.1,False
42059,PA,Greene,21.10211337,15.5,6.0,63082.0,140900.0,754.0,2.23,14.3,False
42061,PA,Huntingdon,18.18981496,13.0,6.0,58170.0,169000.0,759.0,2.91,15.7,False
42063,PA,Indiana,26.91855769,16.5,4.0,53040.0,140700.0,771.0,2.65,17.4,False
42065,PA,Jefferson,17.49110998,18.8,7.0,54248.0,121100.0,743.0,2.23,16.4,False
42067,PA,Juniata,14.99847886,10.8,8.0,62661.0,185900.0,715.0,2.97,13.7,False
42069,PA,Lackawanna,30.13579947,16.1,2.0,61168.0,175700.0,917.0,2.87,18.0,True
42071,PA,Lancaster,30.97516012,8.6,2.0,82434.0,263600.0,1221.0,3.2,17.8,True
42073,PA,Lawrence,22.77950235,13.6,1.0,58730.0,130000.0,787.0,2.21,16.1,True
42075,PA,Lebanon,23.95216228,8.7,3.0,69490.0,211400.0,1023.0,3.04,17.7,True
42077,PA,Lehigh,33.37835058,12.1,2.0,72590.0,254500.0,1259.0,3.51,20.8,True
42079,PA,Luzerne,24.98502897,16.4,2.0,59358.0,152400.0,904.0,2.57,18.3,True
42081,PA,Lycoming,24.79902984,12.8,3.0,61729.0,182500.0,886.0,2.96,17.2,True
42083,PA,McKean,20.34757675,15.9,7.0,58112.0,96600.0,756.0,1.66,15.6,False
42085,PA,Mercer,25.07590868,12.6,4.0,57702.0,146100.0,761.0,2.53,15.8,False
42087,PA,Mifflin,13.24216454,15.2,4.0,57096.0,131300.0,763.0,2.3,16.0,False
42089,PA,Monroe,27.87970904,9.6,4.0,79824.0,221100.0,1311.0,2.77,19.7,False
42091,PA,Montgomery,52.2526243,6.9,1.0,106743.0,382300.0,1514.0,3.58,17.0,True
42093,PA,Montour,36.62970506,9.8,6.0,76229.0,227800.0,998.0,2.99,15.7,False
42095,PA,Northampton,33.76766098,9.8,2.0,75468.0,265600.0,1280.0,3.52,20.4,True
42097,PA,Northumberland,19.1732313,12.3,4.0,57822.0,141300.0,751.0,2.44,15.6,False
42099,PA,Perry,18.60353033,10.1,2.0,67834.0,210600.0,803.0,3.1,14.2,True
42101,PA,Philadelphia,34.63927807,20.3,1.0,56385.0,215500.0,1250.0,3.82,26.6,True
42103,PA,Pike,28.87071823,10.0,6.0,81886.0,225100.0,1344.0,2.75,19.7,False
42105,PA,Potter,17.0762392,12.7,9.0,53935.0,135200.0,725.0,2.51,16.1,False
42107,PA,Schuylkill,19.12055431,14.2,4.0,63680.0,127900.0,801.0,2.01,15.1,False
42109,PA,Snyder,21.42241218,10.9,7.0,62382.0,197300.0,849.0,3.16,16.3,False
42111,PA,Somerset,17.28500692,12.0,6.0,50516.0,124500.0,704.0,2.46,16.7,False
42113,PA,Sullivan,19.74979491,13.8,8.0,59957.0,179000.0,688.0,2.99,13.8,False
42115,PA,Susquehanna,19.76715729,12.0,8.0,63413.0,199000.0,855.0,3.14,16.2,False
42117,PA,Tioga,21.47514262,13.0,8.0,61190.0,165000.0,811.0,2.7,15.9,False
42119,PA,Union,26.4247994,11.3,6.0,65521.0,210300.0,899.0,3.21,16.5,False
42121,PA,Venango,19.65274418,13.8,4.0,52449.0,108500.0,740.0,2.07,16.9,False
42123,PA,Warren,19.46890088,11.4,6.0,56707.0,116300.0,728.0,2.05,15.4,False
42125,PA,Washington,32.78518148,9.5,1.0,70751.0,205600.0,879.0,2.91,14.9,True
42127,PA,Wayne,21.58681876,12.8,6.0,56973.0,211000.0,933.0,3.7,19.7,False
42129,PA,Westmoreland,31.84378335,10.8,1.0,71152.0,181600.0,822.0,2.55,13.9,True
42131,PA,Wyoming,21.50148873,13.5,2.0,67643.0,194700.0,876.0,2.88,15.5,True
42133,PA,York,27.21075977,8.5,2.0,79938.0,220700.0,1094.0,2.76,16.4,True
44001,RI,Bristol,51.75320297,7.9,1.0,101158.0,443700.0,1264.0,4.39,15.0,True
44003,RI,Kent,34.29654155,9.0,1.0,84230.0,306000.0,1226.0,3.63,17.5,True
44005,RI,Newport,53.04806289,11.3,1.0,92795.0,503700.0,1544.0,5.43,20.0,True
44007,RI,Providence,32.20101195,12.7,1.0,74190.0,310500.0,1161.0,4.19,18.8,True
44009,RI,Washington,50.48081657,9.1,1.0,99015.0,436000.0,1284.0,4.4,15.6,True
45001,SC,Abbeville,19.32714617,15.3,6.0,50325.0,118400.0,791.0,2.35,18.9,False
45003,SC,Aiken,31.05289532,14.1,2.0,67728.0,181800.0,973.0,2.68,17.2,True
45005,SC,Allendale,13.3321403,32.6,8.0,35249.0,61800.0,713.0,1.75,24.3,False
45007,SC,Anderson,26.41467155,13.5,2.0,62708.0,189400.0,904.0,3.02,17.3,True
45009,SC,Bamberg,18.83312842,27.7,9.0,37952.0,97200.0,772.0,2.56,24.4,False
45011,SC,Barnwell,12.8420599,27.2,8.0,45080.0,97100.0,763.0,2.15,20.3,False
45013,SC,Beaufort,44.77623785,9.5,3.0,83687.0,377900.0,1435.0,4.52,20.6,True
45015,SC,Berkeley,29.94174417,9.8,2.0,79259.0,253100.0,1410.0,3.19,21.3,True
45017,SC,Calhoun,21.76581681,14.6,2.0,55642.0,130900.0,968.0,2.35,20.9,True
45019,SC,Charleston,49.03468575,11.0,2.0,79969.0,415000.0,1427.0,5.19,21.4,True
45021,SC,Cherokee,18.40380715,16.8,6.0,50403.0,124500.0,828.0,2.47,19.7,False
45023,SC,Chester,13.74306634,20.1,1.0,53488.0,133600.0,831.0,2.5,18.6,True
45025,SC,Chesterfield,13.20087722,20.3,6.0,44574.0,91400.0,796.0,2.05,21.4,False
45027,SC,Clarendon,17.66786014,20.0,8.0,46202.0,134000.0,670.0,2.9,17.4,False
45029,SC,Colleton,16.66790133,23.0,6.0,47933.0,127200.0,826.0,2.65,20.7,False
45031,SC,Darlington,19.69942571,22.3,3.0,50427.0,132600.0,804.0,2.63,19.1,True
45033,SC,Dillon,11.68824164,24.4,6.0,37752.0,89500.0,716.0,2.37,22.8,False
45035,SC,Dorchester,29.96749671,10.2,2.0,74730.0,273000.0,1259.0,3.65,20.2,True
45037,SC,Edgefield,21.44129472,16.8,2.0,61318.0,162900.0,786.0,2.66,15.4,True
45039,SC,Fairfield,15.34002084,20.7,2.0,50743.0,123200.0,830.0,2.43,19.6,True
45041,SC,Florence,23.64639452,18.8,3.0,52650.0,157400.0,871.0,2.99,19.9,True
45043,SC,Georgetown,32.4916412,13.8,4.0,59457.0,234600.0,1046.0,3.95,21.1,False
45045,SC,Greenville,40.03225842,11.3,2.0,71833.0,248900.0,1122.0,3.46,18.7,True
45047,SC,Greenwood,25.5655866,16.9,4.0,49867.0,144000.0,849.0,2.89,20.4,False
45049,SC,Hampton,11.7597935,24.2,8.0,43987.0,93900.0,808.0,2.13,22.0,False
45051,SC,Horry,26.59600984,12.9,2.0,61375.0,235000.0,1128.0,3.83,22.1,True
45053,SC,Jasper,25.92791103,16.2,3.0,61838.0,243700.0,1259.0,3.94,24.4,True
45055,SC,Kershaw,22.82667241,12.6,2.0,61015.0,173800.0,844.0,2.85,16.6,True
45057,SC,Lancaster,31.19451115,10.8,1.0,70113.0,272100.0,881.0,3.88,15.1,True
45059,SC,Laurens,17.86779482,16.7,2.0,53847.0,138600.0,826.0,2.57,18.4,True
45061,SC,Lee,12.78496087,24.5,8.0,41583.0,93400.0,753.0,2.25,21.7,False
45063,SC,Lexington,33.10804973,11.2,2.0,73022.0,197600.0,1061.0,2.71,17.4,True
45065,SC,McCormick,23.07692308,17.6,8.0,56636.0,119500.0,736.0,2.11,15.6,False
45067,SC,Marion,13.77755759,25.4,6.0,37244.0,90200.0,643.0,2.42,20.7,False
45069,SC,Marlboro,8.729655464,27.2,6.0,39160.0,77900.0,680.0,1.99,20.8,False
45071,SC,Newberry,23.48016437,17.5,6.0,55050.0,139200.0,855.0,2.53,18.6,False
45073,SC,Oconee,28.51701935,14.6,4.0,61716.0,192800.0,852.0,3.12,16.6,False
45075,SC,Orangeburg,19.36203356,21.7,4.0,42209.0,105500.0,771.0,2.5,21.9,False
45077,SC,Pickens,27.31395515,16.8,2.0,55333.0,196600.0,896.0,3.55,19.4,True
45079,SC,Richland,41.11678563,15.9,2.0,61010.0,201200.0,1142.0,3.3,22.5,True
45081,SC,Saluda,19.84996249,16.1,2.0,57291.0,117800.0,709.0,2.06,14.9,True
45083,SC,Spartanburg,25.73732749,14.0,2.0,58535.0,195800.0,960.0,3.35,19.7,True
45085,SC,Sumter,23.15845486,17.5,3.0,56937.0,146300.0,995.0,2.57,21.0,True
45087,SC,Union,13.45717234,23.4,2.0,46461.0,95300.0,782.0,2.05,20.2,True
45089,SC,Williamsburg,15.36869573,24.8,6.0,39757.0,86900.0,786.0,2.19,23.7,False
45091,SC,York,38.11230159,9.6,1.0,83692.0,287600.0,1204.0,3.44,17.3,True
46003,SD,Aurora,18.67364747,11.0,9.0,61013.0,120800.0,735.0,1.98,14.5,False
46005,SD,Beadle,26.38799225,16.3,7.0,59508.0,152100.0,807.0,2.56,16.3,False
46007,SD,Bennett,20.25862069,27.7,9.0,49152.0,128100.0,621.0,2.61,15.2,False
46009,SD,Bon Homme,20.06190753,13.4,9.0,62963.0,112700.0,702.0,1.79,13.4,False
46011,SD,Brookings,43.966196,11.2,5.0,71166.0,227800.0,870.0,3.2,14.7,False
46013,SD,Brown,33.16831683,10.0,5.0,71731.0,200400.0,748.0,2.79,12.5,False
46015,SD,Brule,30.18080668,12.6,9.0,60133.0,187900.0,755.0,3.12,15.1,False
46017,SD,Buffalo,6.986899563,33.1,9.0,30659.0,103800.0,575.0,3.39,22.5,False
46019,SD,Butte,19.39410707,12.0,7.0,64528.0,189000.0,885.0,2.93,16.5,False
46021,SD,Campbell,29.54747116,11.0,9.0,65591.0,80300.0,713.0,1.22,13.0,False
46023,SD,Charles Mix,25.12297962,21.4,9.0,54367.0,163200.0,713.0,3.0,15.7,False
46025,SD,Clark,16.22995698,11.1,9.0,62559.0,135500.0,684.0,2.17,13.1,False
46027,SD,Clay,45.95324956,17.5,6.0,55263.0,209300.0,758.0,3.79,16.5,False
46029,SD,Codington,20.87906452,11.4,5.0,65009.0,206600.0,863.0,3.18,15.9,False
46031,SD,Corson,19.23979352,33.7,9.0,39329.0,76000.0,515.0,1.93,15.7,False
46033,SD,Custer,32.14485459,8.5,3.0,75336.0,294700.0,948.0,3.91,15.1,True
46035,SD,Davison,24.95730304,9.4,7.0,63753.0,178100.0,772.0,2.79,14.5,False
46037,SD,Day,21.32542548,13.3,9.0,62786.0,134800.0,594.0,2.15,11.4,False
46039,SD,Deuel,24.14144849,9.2,9.0,77694.0,178100.0,628.0,2.29,9.7,False
46041,SD,Dewey,17.28704366,26.2,9.0,50048.0,74800.0,670.0,1.49,16.1,False
46043,SD,Douglas,22.92860865,8.7,9.0,73934.0,120900.0,763.0,1.64,12.4,False
46045,SD,Edmunds,29.51680672,10.2,9.0,72004.0,142300.0,839.0,1.98,14.0,False
46047,SD,Fall River,22.20825853,14.1,9.0,56976.0,158500.0,813.0,2.78,17.1,False
46049,SD,Faulk,18.26989619,13.0,9.0,60853.0,115300.0,775.0,1.89,15.3,False
46051,SD,Grant,25.54368562,9.9,9.0,70409.0,168500.0,493.0,2.39,8.4,False
46053,SD,Gregory,20.94790159,14.5,9.0,49239.0,109100.0,565.0,2.22,13.8,False
46055,SD,Haakon,19.5458232,10.6,9.0,58799.0,139200.0,620.0,2.37,12.7,False
46057,SD,Hamlin,24.44505344,7.2,9.0,73995.0,181800.0,717.0,2.46,11.6,False
46059,SD,Hand,26.21686747,8.5,9.0,64536.0,150000.0,543.0,2.32,10.1,False
46061,SD,Hanson,21.54897494,9.0,8.0,79488.0,171300.0,810.0,2.16,12.2,False
46063,SD,Harding,30.35495716,12.1,9.0,65168.0,128300.0,445.0,1.97,8.2,False
46065,SD,Hughes,35.9443631,8.6,7.0,79301.0,216500.0,920.0,2.73,13.9,False
46067,SD,Hutchinson,25.66941816,9.8,8.0,64422.0,143800.0,660.0,2.23,12.3,False
46069,SD,Hyde,21.11111111,11.2,9.0,64416.0,97300.0,792.0,1.51,14.8,False
46071,SD,Jackson,11.39927624,29.8,9.0,45190.0,108400.0,527.0,2.4,14.0,False
46073,SD,Jerauld,21.13997114,12.7,9.0,57560.0,117600.0,509.0,2.04,10.6,False
46075,SD,Jones,25.34775889,14.1,9.0,60864.0,99000.0,700.0,1.63,13.8,False
46077,SD,Kingsbury,22.2972973,10.0,9.0,64215.0,149300.0,681.0,2.33,12.7,False
46079,SD,Lake,34.67082197,9.4,6.0,74668.0,196600.0,819.0,2.63,13.2,False
46081,SD,Lawrence,34.08732246,11.1,6.0,67606.0,267900.0,888.0,3.96,15.8,False
46083,SD,Lincoln,42.50419604,3.3,2.0,98387.0,292200.0,1206.0,2.97,14.7,True
46085,SD,Lyman,25.25817556,19.3,9.0,54199.0,132100.0,615.0,2.44,13.6,False
46087,SD,McCook,28.65543972,8.0,2.0,70320.0,186100.0,778.0,2.65,13.3,True
46089,SD,McPherson,22.43902439,15.4,9.0,52850.0,77900.0,553.0,1.47,12.6,False
46091,SD,Marshall,22.44619064,11.1,9.0,65643.0,141100.0,690.0,2.15,12.6,False
46093,SD,Meade,26.88376168,7.9,3.0,71106.0,252300.0,1109.0,3.55,18.7,True
46095,SD,Mellette,16.32983023,26.0,9.0,44702.0,60700.0,670.0,1.36,18.0,False
46097,SD,Miner,16.13485852,10.5,8.0,64099.0,93900.0,598.0,1.46,11.2,False
46099,SD,Minnehaha,34.56545339,9.7,2.0,75623.0,246200.0,927.0,3.26,14.7,True
46101,SD,Moody,30.98094566,9.8,8.0,70603.0,194000.0,644.0,2.75,10.9,False
46103,SD,Pennington,34.05527761,11.6,3.0,67573.0,247800.0,996.0,3.67,17.7,True
46105,SD,Perkins,21.76553013,14.5,9.0,57148.0,108900.0,685.0,1.91,14.4,False
46107,SD,Potter,26.62824207,9.2,9.0,72374.0,129800.0,730.0,1.79,12.1,False
46109,SD,Roberts,18.27403482,16.3,9.0,57788.0,127800.0,596.0,2.21,12.4,False
46111,SD,Sanborn,19.24290221,12.4,9.0,63266.0,128800.0,595.0,2.04,11.3,False
46115,SD,Spink,27.1355669,10.7,9.0,61513.0,108200.0,651.0,1.76,12.7,False
46117,SD,Stanley,25.35534159,7.6,9.0,81788.0,170400.0,917.0,2.08,13.5,False
46119,SD,Sully,20.94288305,7.6,9.0,76192.0,190800.0,935.0,2.5,14.7,False
46121,SD,Todd,16.55275523,35.6,9.0,41862.0,40500.0,519.0,0.97,14.9,False
46123,SD,Tripp,19.91150442,16.1,9.0,55946.0,128100.0,800.0,2.29,17.2,False
46125,SD,Turner,26.20793069,8.4,2.0,74511.0,175300.0,691.0,2.35,11.1,True
46127,SD,Union,36.50861699,5.7,3.0,85677.0,254900.0,1008.0,2.98,14.1,True
46129,SD,Walworth,31.05360444,15.8,9.0,57100.0,115900.0,832.0,2.03,17.5,False
46135,SD,Yankton,27.65202496,11.4,7.0,62951.0,190400.0,765.0,3.02,14.6,False
46137,SD,Ziebach,14.06768414,46.2,9.0,40004.0,93000.0,685.0,2.32,20.5,False
47001,TN,Anderson,26.34047657,14.4,2.0,64615.0,193900.0,937.0,3.0,17.4,True
47003,TN,Bedford,16.90924532,13.3,4.0,70185.0,221200.0,863.0,3.15,14.8,False
47005,TN,Benton,12.43608632,17.6,9.0,50635.0,112000.0,779.0,2.21,18.5,False
47007,TN,Bledsoe,8.813646937,21.6,8.0,46207.0,153700.0,751.0,3.33,19.5,False
47009,TN,Blount,26.78928629,9.7,2.0,69713.0,247600.0,957.0,3.55,16.5,True
47011,TN,Bradley,24.63993204,15.0,3.0,62666.0,209800.0,917.0,3.35,17.6,True
47013,TN,Campbell,13.2364754,20.6,2.0,44268.0,142100.0,704.0,3.21,19.1,True
47015,TN,Cannon,16.92795999,14.4,1.0,63155.0,217700.0,689.0,3.45,13.1,True
47017,TN,Carroll,18.85825561,17.4,6.0,52680.0,117500.0,723.0,2.23,16.5,False
47019,TN,Carter,20.657277,16.9,3.0,48912.0,145000.0,727.0,2.96,17.8,True
47021,TN,Cheatham,25.05571689,8.7,1.0,78437.0,262200.0,1190.0,3.34,18.2,True
47023,TN,Chester,19.15789474,16.7,3.0,57732.0,136700.0,658.0,2.37,13.7,True
47025,TN,Claiborne,17.30353592,18.6,6.0,41087.0,135400.0,710.0,3.3,20.7,False
47027,TN,Clay,11.99354607,21.2,8.0,43441.0,132500.0,588.0,3.05,16.2,False
47029,TN,Cocke,11.6454645,20.4,6.0,45361.0,137000.0,763.0,3.02,20.2,False
47031,TN,Coffee,22.93541292,14.5,4.0,56519.0,203400.0,844.0,3.6,17.9,False
47033,TN,Crockett,15.71787359,14.9,3.0,53598.0,127000.0,852.0,2.37,19.1,True
47035,TN,Cumberland,18.49535604,14.6,4.0,53388.0,199800.0,786.0,3.74,17.7,False
47037,TN,Davidson,47.32054526,12.3,1.0,72561.0,354700.0,1394.0,4.89,23.1,True
47039,TN,Decatur,15.01616573,19.2,9.0,52294.0,128600.0,705.0,2.46,16.2,False
47041,TN,DeKalb,19.96422675,16.3,8.0,55392.0,183100.0,745.0,3.31,16.1,False
47043,TN,Dickson,21.35688166,9.9,1.0,70192.0,243800.0,947.0,3.47,16.2,True
47045,TN,Dyer,21.64277443,17.7,6.0,53715.0,148900.0,734.0,2.77,16.4,False
47047,TN,Fayette,26.89819012,12.8,1.0,84328.0,282600.0,871.0,3.35,12.4,True
47049,TN,Fentress,15.27057621,18.9,8.0,41147.0,137000.0,645.0,3.33,18.8,False
47051,TN,Franklin,23.05074567,12.9,7.0,61417.0,192400.0,828.0,3.13,16.2,False
47053,TN,Gibson,19.08039967,14.7,3.0,55608.0,130900.0,756.0,2.35,16.3,True
47055,TN,Giles,19.2372093,15.3,6.0,54684.0,172500.0,817.0,3.15,17.9,False
47057,TN,Grainger,14.92936888,15.5,2.0,51951.0,151200.0,648.0,2.91,15.0,True
47059,TN,Greene,17.67961184,14.8,4.0,50410.0,166500.0,689.0,3.3,16.4,False
47061,TN,Grundy,12.39110382,22.8,8.0,44219.0,126400.0,694.0,2.86,18.8,False
47063,TN,Hamblen,20.05775913,17.3,3.0,56734.0,166300.0,799.0,2.93,16.9,True
47065,TN,Hamilton,36.96496864,12.9,2.0,75127.0,250900.0,1079.0,3.34,17.2,True
47067,TN,Hancock,8.576755749,26.7,8.0,38024.0,112600.0,571.0,2.96,18.0,False
47069,TN,Hardeman,11.2987579,21.5,6.0,44454.0,112700.0,773.0,2.54,20.9,False
47071,TN,Hardin,14.75124251,19.7,6.0,42573.0,142300.0,735.0,3.34,20.7,False
47073,TN,Hawkins,16.78529063,17.2,2.0,52819.0,153800.0,737.0,2.91,16.7,True
47075,TN,Haywood,13.10550496,21.0,6.0,46351.0,116900.0,715.0,2.52,18.5,False
47077,TN,Henderson,14.35559446,14.0,6.0,53822.0,139600.0,759.0,2.59,16.9,False
47079,TN,Henry,18.579725,18.3,7.0,51194.0,141000.0,727.0,2.75,17.0,False
47081,TN,Hickman,13.57237863,15.9,1.0,56917.0,163900.0,796.0,2.88,16.8,True
47083,TN,Houston,13.68349482,17.0,8.0,60581.0,149200.0,719.0,2.46,14.2,False
47085,TN,Humphreys,16.41923333,14.7,8.0,58917.0,175600.0,814.0,2.98,16.6,False
47087,TN,Jackson,13.47748151,20.0,8.0,43306.0,126100.0,777.0,2.91,21.5,False
47089,TN,Jefferson,21.03064067,12.9,3.0,60785.0,183800.0,832.0,3.02,16.4,True
47091,TN,Johnson,15.68826645,20.9,8.0,45495.0,156400.0,647.0,3.44,17.1,False
47093,TN,Knox,40.16151728,13.8,2.0,70013.0,248200.0,1097.0,3.55,18.8,True
47095,TN,Lake,9.382908312,34.0,9.0,38088.0,111900.0,432.0,2.94,13.6,False
47097,TN,Lauderdale,10.91970975,24.6,6.0,47575.0,110800.0,694.0,2.33,17.5,False
47099,TN,Lawrence,15.49920551,14.9,6.0,55562.0,156500.0,715.0,2.82,15.4,False
47101,TN,Lewis,10.93036212,16.1,8.0,53189.0,139100.0,744.0,2.62,16.8,False
47103,TN,Lincoln,19.27701154,14.5,6.0,61591.0,186300.0,755.0,3.02,14.7,False
47105,TN,Loudon,28.55392446,10.5,2.0,79683.0,263800.0,960.0,3.31,14.5,True
47107,TN,McMinn,17.50209074,14.9,4.0,60950.0,173300.0,803.0,2.84,15.8,False
47109,TN,McNairy,11.80745274,15.5,8.0,49706.0,125400.0,706.0,2.52,17.0,False
47111,TN,Macon,11.80624453,16.2,1.0,56817.0,185100.0,789.0,3.26,16.7,True
47113,TN,Madison,25.95032641,18.6,3.0,57070.0,170700.0,994.0,2.99,20.9,True
47115,TN,Marion,16.47194024,15.1,2.0,58686.0,153000.0,824.0,2.61,16.8,True
47117,TN,Marshall,20.99144731,10.7,6.0,64013.0,218500.0,887.0,3.41,16.6,False
47119,TN,Maury,26.47111135,10.7,1.0,70225.0,273400.0,1126.0,3.89,19.2,True
47121,TN,Meigs,11.95286195,15.6,8.0,54257.0,163000.0,832.0,3.0,18.4,False
47123,TN,Monroe,15.80105634,16.0,6.0,56047.0,174800.0,668.0,3.12,14.3,False
47125,TN,Montgomery,31.72030563,12.6,2.0,67478.0,226400.0,1128.0,3.36,20.1,True
47127,TN,Moore,24.66442953,9.9,9.0,68086.0,256700.0,769.0,3.77,13.6,False
47129,TN,Morgan,13.70744578,16.2,2.0,59967.0,133000.0,742.0,2.22,14.8,True
47131,TN,Obion,18.05975003,19.3,7.0,50159.0,119500.0,732.0,2.38,17.5,False
47133,TN,Overton,13.48765432,14.3,9.0,52108.0,156000.0,777.0,2.99,17.9,False
47135,TN,Perry,12.69733492,17.5,9.0,46448.0,122900.0,699.0,2.65,18.1,False
47137,TN,Pickett,17.1661409,16.6,9.0,47932.0,149300.0,720.0,3.11,18.0,False
47139,TN,Polk,14.67065868,15.0,3.0,55146.0,128200.0,678.0,2.32,14.8,True
47141,TN,Putnam,29.19391228,17.3,4.0,54996.0,221200.0,842.0,4.02,18.4,False
47143,TN,Rhea,17.38492731,16.0,6.0,59207.0,155800.0,780.0,2.63,15.8,False
47145,TN,Roane,22.04030227,13.4,2.0,63430.0,193400.0,753.0,3.05,14.2,True
47147,TN,Robertson,21.08624315,9.9,1.0,77326.0,271300.0,1065.0,3.51,16.5,True
47149,TN,Rutherford,34.38854656,9.1,1.0,77320.0,305100.0,1311.0,3.95,20.3,True
47151,TN,Scott,10.19028045,21.0,8.0,44599.0,113900.0,646.0,2.55,17.4,False
47153,TN,Sequatchie,18.89141223,15.1,2.0,56264.0,184600.0,786.0,3.28,16.8,True
47155,TN,Sevier,21.43883878,12.2,4.0,59530.0,239800.0,968.0,4.03,19.5,False
47157,TN,Shelby,34.19779025,18.2,1.0,61452.0,206100.0,1103.0,3.35,21.5,True
47159,TN,Smith,17.94781382,11.7,1.0,63960.0,200500.0,809.0,3.13,15.2,True
47161,TN,Stewart,16.23258631,12.9,2.0,60242.0,163700.0,725.0,2.72,14.4,True
47163,TN,Sullivan,26.61755668,13.5,2.0,54361.0,173000.0,793.0,3.18,17.5,True
47165,TN,Sumner,32.62558708,8.9,1.0,87453.0,332700.0,1245.0,3.8,17.1,True
47167,TN,Tipton,18.47531914,14.8,1.0,68778.0,203500.0,1013.0,2.96,17.7,True
47169,TN,Trousdale,10.12956419,15.8,1.0,58584.0,217400.0,822.0,3.71,16.8,True
47171,TN,Unicoi,20.01367158,12.3,3.0,52260.0,150600.0,664.0,2.88,15.2,True
47173,TN,Union,14.54126197,15.9,2.0,51169.0,164400.0,838.0,3.21,19.7,True
47175,TN,Van Buren,13.98509426,14.7,9.0,50260.0,132700.0,658.0,2.64,15.7,False
47177,TN,Warren,15.11876028,17.6,6.0,52520.0,149700.0,734.0,2.85,16.8,False
47179,TN,Washington,33.52444794,16.3,3.0,64270.0,211100.0,890.0,3.28,16.6,True
47181,TN,Wayne,12.53346313,18.0,8.0,48321.0,129000.0,606.0,2.67,15.0,False
47183,TN,Weakley,21.61253669,18.6,6.0,49815.0,123100.0,723.0,2.47,17.4,False
47185,TN,White,14.17595661,13.7,7.0,49411.0,161500.0,835.0,3.27,20.3,False
47187,TN,Williamson,61.8356998,4.9,1.0,133486.0,611100.0,1817.0,4.58,16.3,True
47189,TN,Wilson,37.22140375,6.6,1.0,88462.0,358900.0,1268.0,4.06,17.2,True
48001,TX,Anderson,14.53687513,21.4,7.0,60800.0,154600.0,972.0,2.54,19.2,False
48003,TX,Andrews,19.94774304,11.4,6.0,68998.0,179300.0,1345.0,2.6,23.4,False
48005,TX,Angelina,18.0127608,17.2,5.0,56825.0,138600.0,985.0,2.44,20.8,False
48007,TX,Aransas,27.62767453,17.1,2.0,60523.0,221500.0,1076.0,3.66,21.3,True
48009,TX,Archer,25.1756249,9.7,3.0,72062.0,157500.0,718.0,2.19,12.0,True
48011,TX,Armstrong,21.41194725,10.5,2.0,67548.0,167600.0,942.0,2.48,16.7,True
48013,TX,Atascosa,15.26655897,18.4,1.0,59817.0,141000.0,977.0,2.36,19.6,True
48015,TX,Austin,23.420249,11.6,1.0,68630.0,240000.0,1046.0,3.5,18.3,True
48017,TX,Bailey,16.73965937,16.4,6.0,52751.0,112400.0,665.0,2.13,15.1,False
48019,TX,Bandera,25.48350398,12.9,1.0,69284.0,237300.0,927.0,3.43,16.1,True
48021,TX,Bastrop,23.34559373,11.3,1.0,73403.0,235900.0,1195.0,3.21,19.5,True
48023,TX,Baylor,28.37022133,17.4,9.0,49059.0,92100.0,568.0,1.88,13.9,False
48025,TX,Bee,11.44917423,24.9,6.0,48176.0,106700.0,985.0,2.21,24.5,False
48027,TX,Bell,27.17803111,11.5,2.0,62412.0,196300.0,1095.0,3.15,21.1,True
48029,TX,Bexar,31.53964555,14.7,1.0,65839.0,222300.0,1212.0,3.38,22.1,True
48031,TX,Blanco,34.3385214,8.5,8.0,82236.0,309800.0,863.0,3.77,12.6,False
48035,TX,Bosque,20.72789521,11.7,2.0,61048.0,151400.0,886.0,2.48,17.4,True
48037,TX,Bowie,22.07138621,14.8,3.0,52460.0,150300.0,900.0,2.87,20.6,True
48039,TX,Brazoria,32.09135189,9.4,1.0,86197.0,256900.0,1333.0,2.98,18.6,True
48041,TX,Brazos,42.53721304,23.7,2.0,60355.0,260800.0,1120.0,4.32,22.3,True
48043,TX,Brewster,45.27064732,13.7,7.0,52388.0,200500.0,780.0,3.83,17.9,False
48045,TX,Briscoe,19.02286902,13.9,8.0,53208.0,77400.0,850.0,1.45,19.2,False
48047,TX,Brooks,14.4407831,29.7,9.0,35359.0,80100.0,391.0,2.27,13.3,False
48049,TX,Brown,19.93702912,14.8,5.0,53455.0,137900.0,862.0,2.58,19.4,False
48051,TX,Burleson,23.10326459,13.9,2.0,62095.0,154700.0,977.0,2.49,18.9,True
48053,TX,Burnet,28.6951799,9.9,6.0,74897.0,268300.0,1232.0,3.58,19.7,False
48055,TX,Caldwell,16.42558051,13.7,1.0,60833.0,185400.0,1084.0,3.05,21.4,True
48057,TX,Calhoun,16.89635372,14.6,6.0,62742.0,128200.0,968.0,2.04,18.5,False
48059,TX,Callahan,23.87800898,12.7,3.0,63836.0,129500.0,888.0,2.03,16.7,True
48061,TX,Cameron,20.55811391,23.5,2.0,49583.0,109600.0,855.0,2.21,20.7,True
48063,TX,Camp,19.69498392,17.6,8.0,52919.0,146600.0,767.0,2.77,17.4,False
48065,TX,Carson,25.87027298,9.1,2.0,71902.0,129700.0,933.0,1.8,15.6,True
48067,TX,Cass,17.5978207,16.5,6.0,54276.0,115600.0,834.0,2.13,18.4,False
48069,TX,Castro,20.99843295,17.7,9.0,59958.0,96400.0,841.0,1.61,16.8,False
48071,TX,Chambers,22.9665836,8.6,1.0,102146.0,279200.0,1339.0,2.73,15.7,True
48073,TX,Cherokee,18.45805389,18.9,6.0,50351.0,138500.0,883.0,2.75,21.0,False
48075,TX,Childress,11.47840195,19.9,9.0,49200.0,111100.0,858.0,2.26,20.9,False
48077,TX,Clay,23.85297185,11.7,3.0,66085.0,139700.0,787.0,2.11,14.3,True
48079,TX,Cochran,10.72077529,22.0,2.0,45766.0,48000.0,702.0,1.05,18.4,True
48081,TX,Coke,21.09343125,13.0,8.0,43774.0,94900.0,681.0,2.17,18.7,False
48083,TX,Coleman,17.92535483,17.7,8.0,45834.0,91800.0,684.0,2.0,17.9,False
48085,TX,Collin,54.913394,6.4,1.0,113943.0,411100.0,1689.0,3.61,17.8,True
48087,TX,Collingsworth,26.04651163,18.9,9.0,52093.0,89500.0,651.0,1.72,15.0,False
48089,TX,Colorado,23.99971873,14.5,8.0,59711.0,172900.0,892.0,2.9,17.9,False
48091,TX,Comal,42.21406837,7.1,1.0,92979.0,369400.0,1390.0,3.97,17.9,True
48093,TX,Comanche,19.97509598,17.6,9.0,51559.0,131800.0,795.0,2.56,18.5,False
48095,TX,Concho,13.15990819,22.2,8.0,51191.0,92900.0,927.0,1.81,21.7,False
48097,TX,Cooke,23.59448928,12.5,6.0,66466.0,207100.0,1064.0,3.12,19.2,False
48099,TX,Coryell,18.65554097,12.2,2.0,63428.0,153300.0,1046.0,2.42,19.8,True
48101,TX,Cottle,21.79487179,20.1,9.0,45351.0,51400.0,375.0,1.13,9.9,False
48103,TX,Crane,14.34482759,11.7,8.0,67889.0,117000.0,913.0,1.72,16.1,False
48105,TX,Crockett,11.00045269,15.3,8.0,71851.0,181300.0,583.0,2.52,9.7,False
48107,TX,Crosby,14.13406127,21.7,2.0,46457.0,69600.0,649.0,1.5,16.8,True
48109,TX,Culberson,16.30367144,20.5,9.0,52160.0,83300.0,918.0,1.6,21.1,False
48111,TX,Dallam,15.7188353,12.2,7.0,61636.0,113800.0,1105.0,1.85,21.5,False
48113,TX,Dallas,34.84724559,13.8,1.0,70871.0,252200.0,1374.0,3.56,23.3,True
48115,TX,Dawson,14.4705736,19.7,6.0,48801.0,95100.0,805.0,1.95,19.8,False
48117,TX,Deaf Smith,11.82096759,16.5,6.0,55565.0,107500.0,842.0,1.93,18.2,False
48119,TX,Delta,19.53624733,15.1,8.0,54587.0,163700.0,875.0,3.0,19.2,False
48121,TX,Denton,48.39235703,6.1,1.0,102711.0,377000.0,1496.0,3.67,17.5,True
48123,TX,DeWitt,15.7483731,18.3,6.0,55525.0,156700.0,931.0,2.82,20.1,False
48125,TX,Dickens,19.11148365,18.4,8.0,47074.0,67000.0,533.0,1.42,13.6,False
48127,TX,Dimmit,11.04448743,27.3,7.0,44312.0,75900.0,664.0,1.71,18.0,False
48129,TX,Donley,16.14654003,16.9,8.0,44866.0,98900.0,711.0,2.2,19.0,False
48131,TX,Duval,6.97034546,29.1,9.0,40539.0,76000.0,870.0,1.87,25.8,False
48133,TX,Eastland,22.21401002,16.3,8.0,53351.0,110500.0,745.0,2.07,16.8,False
48135,TX,Ector,16.6474625,11.7,3.0,64868.0,175600.0,1232.0,2.71,22.8,True
48137,TX,Edwards,25.92190889,19.7,9.0,50752.0,86800.0,680.0,1.71,16.1,False
48139,TX,Ellis,28.60132225,7.4,1.0,89314.0,275800.0,1345.0,3.09,18.1,True
48141,TX,El Paso,25.3611906,18.5,2.0,53441.0,153600.0,978.0,2.87,22.0,True
48143,TX,Erath,32.49512671,15.8,5.0,60093.0,219600.0,1070.0,3.65,21.4,False
48145,TX,Falls,14.95434729,20.1,2.0,47534.0,103400.0,691.0,2.18,17.4,True
48147,TX,Fannin,20.16627997,14.2,6.0,60959.0,193200.0,979.0,3.17,19.3,False
48149,TX,Fayette,27.15702479,9.3,6.0,70476.0,254200.0,885.0,3.61,15.1,False
48151,TX,Fisher,18.22515585,14.3,8.0,57867.0,82700.0,605.0,1.43,12.5,False
48153,TX,Floyd,16.71316964,20.3,8.0,45784.0,90800.0,697.0,1.98,18.3,False
48155,TX,Foard,14.47562777,16.8,9.0,47657.0,65000.0,537.0,1.36,13.5,False
48157,TX,Fort Bend,49.29183763,8.5,1.0,105583.0,329600.0,1669.0,3.12,19.0,True
48159,TX,Franklin,29.31196984,14.1,9.0,56623.0,194800.0,951.0,3.44,20.2,False
48161,TX,Freestone,15.88724717,15.4,9.0,56372.0,154900.0,785.0,2.75,16.7,False
48163,TX,Frio,11.39195758,25.6,6.0,46769.0,98000.0,797.0,2.1,20.4,False
48165,TX,Gaines,8.054943191,13.4,6.0,62465.0,181100.0,711.0,2.9,13.7,False
48167,TX,Galveston,34.25825866,11.5,1.0,75947.0,260600.0,1301.0,3.43,20.6,True
48169,TX,Garza,10.6189968,18.5,2.0,50255.0,87500.0,1048.0,1.74,25.0,True
48171,TX,Gillespie,35.33549784,10.0,7.0,77013.0,399400.0,1275.0,5.19,19.9,False
48175,TX,Goliad,18.98076923,13.8,3.0,62841.0,172400.0,788.0,2.74,15.0,True
48177,TX,Gonzales,12.64226392,17.6,6.0,57523.0,156100.0,895.0,2.71,18.7,False
48179,TX,Gray,15.39952617,17.3,6.0,50648.0,93600.0,846.0,1.85,20.0,False
48181,TX,Grayson,23.73325999,10.9,3.0,66141.0,206900.0,1096.0,3.13,19.9,True
48183,TX,Gregg,22.35810677,16.0,2.0,60932.0,171900.0,1008.0,2.82,19.9,True
48185,TX,Grimes,19.46084969,14.9,6.0,61188.0,212500.0,910.0,3.47,17.8,False
48187,TX,Guadalupe,30.9227787,8.1,1.0,86043.0,258600.0,1278.0,3.01,17.8,True
48189,TX,Hale,15.63188464,19.3,4.0,49571.0,97500.0,757.0,1.97,18.3,False
48191,TX,Hall,17.81888997,22.1,9.0,40677.0,68000.0,554.0,1.67,16.3,False
48193,TX,Hamilton,24.27715997,13.7,8.0,59753.0,122600.0,865.0,2.05,17.4,False
48195,TX,Hansford,30.39975209,11.6,9.0,69064.0,101700.0,823.0,1.47,14.3,False
48197,TX,Hardeman,15.02611491,16.4,9.0,49539.0,65800.0,612.0,1.33,14.8,False
48199,TX,Hardin,20.76622806,11.5,2.0,70432.0,175800.0,955.0,2.5,16.3,True
48201,TX,Harris,33.74654912,16.0,1.0,68748.0,235300.0,1269.0,3.42,22.2,True
48203,TX,Harrison,22.50190197,17.2,2.0,64636.0,164400.0,912.0,2.54,16.9,True
48205,TX,Hartley,23.075,8.5,9.0,84165.0,226500.0,1102.0,2.69,15.7,False
48207,TX,Haskell,22.49808037,19.3,8.0,48587.0,69800.0,862.0,1.44,21.3,False
48209,TX,Hays,41.8774423,9.8,1.0,89074.0,335700.0,1355.0,3.77,18.3,True
48211,TX,Hemphill,24.44545043,10.1,9.0,73212.0,200600.0,1025.0,2.74,16.8,False
48213,TX,Henderson,20.21211917,16.9,4.0,62843.0,159600.0,958.0,2.54,18.3,False
48215,TX,Hidalgo,20.32666694,26.9,2.0,48825.0,112700.0,875.0,2.31,21.5,True
48217,TX,Hill,18.45240467,14.2,6.0,57566.0,142000.0,893.0,2.47,18.6,False
48219,TX,Hockley,18.31325301,15.1,2.0,56923.0,110800.0,765.0,1.95,16.1,True
48221,TX,Hood,32.40689153,8.1,4.0,75545.0,249400.0,1255.0,3.3,19.9,False
48223,TX,Hopkins,20.0285499,13.0,6.0,64249.0,172800.0,958.0,2.69,17.9,False
48225,TX,Houston,15.52379784,21.8,7.0,49741.0,128300.0,819.0,2.58,19.8,False
48227,TX,Howard,15.34068444,18.0,4.0,59598.0,132900.0,981.0,2.23,19.8,False
48229,TX,Hudspeth,12.3857404,32.0,2.0,39582.0,57400.0,531.0,1.45,16.1,True
48231,TX,Hunt,21.89311476,12.7,1.0,68019.0,184000.0,1120.0,2.71,19.8,True
48233,TX,Hutchinson,15.95403328,14.3,6.0,65019.0,96500.0,881.0,1.48,16.3,False
48235,TX,Irion,22.1180881,8.9,3.0,77768.0,149600.0,1145.0,1.92,17.7,True
48237,TX,Jack,15.56274476,13.2,8.0,54132.0,135500.0,889.0,2.5,19.7,False
48239,TX,Jackson,15.8553142,14.0,6.0,61953.0,140300.0,896.0,2.26,17.4,False
48241,TX,Jasper,12.55325691,16.6,6.0,50763.0,117400.0,777.0,2.31,18.4,False
48243,TX,Jeff Davis,30.43478261,12.8,9.0,58285.0,167300.0,1113.0,2.87,22.9,False
48245,TX,Jefferson,19.44985308,20.1,2.0,55065.0,151500.0,1004.0,2.75,21.9,True
48247,TX,Jim Hogg,18.95261845,24.6,8.0,43782.0,115100.0,754.0,2.63,20.7,False
48249,TX,Jim Wells,15.17727052,21.2,6.0,48252.0,91600.0,849.0,1.9,21.1,False
48251,TX,Johnson,23.54165486,9.9,1.0,76747.0,225000.0,1271.0,2.93,19.9,True
48253,TX,Jones,11.22235,20.5,3.0,51894.0,88400.0,954.0,1.7,22.1,True
48255,TX,Karnes,16.015625,23.6,8.0,61860.0,137800.0,868.0,2.23,16.8,False
48257,TX,Kaufman,25.2972109,9.6,1.0,92814.0,256900.0,1286.0,2.77,16.6,True
48259,TX,Kendall,49.11984271,6.9,1.0,120238.0,464100.0,1455.0,3.86,14.5,True
48263,TX,Kent,26.90265487,11.6,9.0,58118.0,76400.0,921.0,1.31,19.0,False
48265,TX,Kerr,31.21320706,12.0,4.0,59619.0,260700.0,1048.0,4.37,21.1,False
48267,TX,Kimble,25.64712883,17.4,9.0,51851.0,189600.0,716.0,3.66,16.6,False
48271,TX,Kinney,19.52175617,21.0,9.0,52609.0,112200.0,728.0,2.13,16.6,False
48273,TX,Kleberg,23.72529815,22.1,4.0,51342.0,128300.0,978.0,2.5,22.9,False
48275,TX,Knox,15.59792028,20.5,9.0,47207.0,55100.0,628.0,1.17,16.0,False
48277,TX,Lamar,20.58301057,19.2,5.0,62620.0,152800.0,847.0,2.44,16.2,False
48279,TX,Lamb,14.25040168,18.3,6.0,53008.0,79300.0,796.0,1.5,18.0,False
48281,TX,Lampasas,21.63988778,11.5,2.0,67917.0,217100.0,867.0,3.2,15.3,True
48283,TX,La Salle,8.096085409,27.1,8.0,40555.0,99400.0,851.0,2.45,25.2,False
48285,TX,Lavaca,20.90181205,12.5,8.0,58400.0,205500.0,871.0,3.52,17.9,False
48287,TX,Lee,18.70041257,11.2,8.0,65911.0,208100.0,1037.0,3.16,18.9,False
48289,TX,Leon,17.05364996,13.7,8.0,56749.0,158700.0,900.0,2.8,19.0,False
48291,TX,Liberty,11.23758859,14.5,1.0,61880.0,145400.0,978.0,2.35,19.0,True
48293,TX,Limestone,19.12691269,18.0,6.0,51357.0,135400.0,784.0,2.64,18.3,False
48295,TX,Lipscomb,25.40453074,12.6,9.0,70236.0,119800.0,836.0,1.71,14.3,False
48297,TX,Live Oak,13.84116304,17.0,8.0,58576.0,143000.0,957.0,2.44,19.6,False
48299,TX,Llano,33.05870237,11.7,7.0,59528.0,287000.0,974.0,4.82,19.6,False
48303,TX,Lubbock,33.32450514,17.1,2.0,59138.0,183700.0,1087.0,3.11,22.1,True
48305,TX,Lynn,24.29881338,16.7,2.0,56754.0,116800.0,887.0,2.06,18.8,True
48307,TX,McCulloch,19.60200855,18.5,9.0,45915.0,98700.0,816.0,2.15,21.3,False
48309,TX,McLennan,27.77164427,16.7,2.0,63160.0,196400.0,1048.0,3.11,19.9,True
48311,TX,McMullen,14.97175141,12.4,8.0,67525.0,105100.0,732.0,1.56,13.0,False
48313,TX,Madison,14.53272051,18.3,8.0,53906.0,139100.0,814.0,2.58,18.1,False
48315,TX,Marion,15.99492672,21.7,8.0,47720.0,103100.0,857.0,2.16,21.6,False
48317,TX,Martin,17.78816199,11.9,3.0,73315.0,143500.0,1009.0,1.96,16.5,True
48319,TX,Mason,40.12944984,12.4,9.0,59129.0,254500.0,818.0,4.3,16.6,False
48321,TX,Matagorda,22.76956305,17.9,6.0,58380.0,155200.0,960.0,2.66,19.7,False
48323,TX,Maverick,15.32717567,22.8,3.0,43407.0,125000.0,757.0,2.88,20.9,True
48325,TX,Medina,22.15802317,13.1,1.0,70313.0,186200.0,1038.0,2.65,17.7,True
48327,TX,Menard,22.90233838,20.0,9.0,44145.0,86500.0,720.0,1.96,19.6,False
48329,TX,Midland,30.94332958,10.9,3.0,81187.0,272900.0,1375.0,3.36,20.3,True
48331,TX,Milam,19.51681396,15.9,6.0,54667.0,149600.0,911.0,2.74,20.0,False
48333,TX,Mills,28.08695652,14.7,9.0,58068.0,188900.0,655.0,3.25,13.5,False
48335,TX,Mitchell,13.91947412,21.1,7.0,48378.0,83900.0,764.0,1.73,19.0,False
48337,TX,Montague,17.84057068,13.4,6.0,57076.0,166900.0,974.0,2.92,20.5,False
48339,TX,Montgomery,37.89510465,10.1,1.0,95241.0,293500.0,1416.0,3.08,17.8,True
48341,TX,Moore,12.04559949,13.5,7.0,66583.0,122700.0,879.0,1.84,15.8,False
48343,TX,Morris,15.53775188,19.3,8.0,49847.0,108600.0,783.0,2.18,18.8,False
48345,TX,Motley,22.03567681,16.8,8.0,46320.0,72100.0,732.0,1.56,19.0,False
48347,TX,Nacogdoches,26.50526149,19.6,5.0,51708.0,150700.0,863.0,2.91,20.0,False
48349,TX,Navarro,17.07195594,15.7,4.0,50822.0,142300.0,978.0,2.8,23.1,False
48351,TX,Newton,6.23017671,18.5,8.0,47804.0,90100.0,876.0,1.88,22.0,False
48353,TX,Nolan,13.72078464,20.4,6.0,50579.0,91300.0,810.0,1.81,19.2,False
48355,TX,Nueces,23.68495354,17.3,2.0,60250.0,177700.0,1175.0,2.95,23.4,True
48357,TX,Ochiltree,19.01408451,11.1,7.0,69383.0,118400.0,858.0,1.71,14.8,False
48359,TX,Oldham,25.2606255,12.3,2.0,66411.0,125000.0,1120.0,1.88,20.2,True
48361,TX,Orange,17.79387088,14.5,2.0,63901.0,152800.0,974.0,2.39,18.3,True
48363,TX,Palo Pinto,18.67651492,16.9,6.0,56809.0,151500.0,963.0,2.67,20.3,False
48365,TX,Panola,17.87470878,13.6,6.0,59772.0,139400.0,799.0,2.33,16.0,False
48367,TX,Parker,31.58184807,8.2,1.0,95277.0,311000.0,1291.0,3.26,16.3,True
48369,TX,Parmer,16.69367909,13.4,9.0,57786.0,134300.0,839.0,2.32,17.4,False
48371,TX,Pecos,13.4175217,21.2,7.0,54003.0,144300.0,986.0,2.67,21.9,False
48373,TX,Polk,13.40729849,18.1,6.0,58894.0,151100.0,920.0,2.57,18.7,False
48375,TX,Potter,17.33556597,17.8,2.0,51028.0,119900.0,943.0,2.35,22.2,True
48377,TX,Presidio,20.19717559,22.9,9.0,43666.0,121000.0,391.0,2.77,10.7,False
48379,TX,Rains,25.15943878,13.8,8.0,45419.0,174000.0,896.0,3.83,23.7,False
48381,TX,Randall,32.05227798,8.7,2.0,77066.0,209200.0,1072.0,2.71,16.7,True
48383,TX,Reagan,17.04863052,10.7,8.0,83195.0,123900.0,1057.0,1.49,15.2,False
48385,TX,Real,19.14565106,15.7,9.0,49467.0,258000.0,836.0,5.22,20.3,False
48387,TX,Red River,15.6374269,18.4,8.0,47081.0,113600.0,688.0,2.41,17.5,False
48389,TX,Reeves,6.871414914,17.6,7.0,53969.0,108800.0,951.0,2.02,21.1,False
48391,TX,Refugio,13.80263718,16.8,8.0,50936.0,92900.0,720.0,1.82,17.0,False
48393,TX,Roberts,22.03065134,9.0,9.0,70814.0,164200.0,554.0,2.32,9.4,False
48395,TX,Robertson,19.13058479,17.0,2.0,57796.0,156800.0,781.0,2.71,16.2,True
48397,TX,Rockwall,43.9721975,5.1,1.0,124291.0,363500.0,1779.0,2.92,17.2,True
48399,TX,Runnels,19.06501096,15.3,8.0,52729.0,89700.0,897.0,1.7,20.4,False
48401,TX,Rusk,17.86029574,14.2,2.0,55085.0,148100.0,963.0,2.69,21.0,True
48403,TX,Sabine,17.82855667,14.5,9.0,50564.0,134300.0,725.0,2.66,17.2,False
48405,TX,San Augustine,11.51850571,20.3,9.0,49591.0,82400.0,718.0,1.66,17.4,False
48407,TX,San Jacinto,15.82162492,16.7,1.0,57855.0,167700.0,992.0,2.9,20.6,True
48409,TX,San Patricio,17.24122788,17.2,2.0,62919.0,163900.0,1265.0,2.6,24.1,True
48411,TX,San Saba,21.66828794,18.4,9.0,51350.0,134300.0,918.0,2.62,21.5,False
48413,TX,Schleicher,24.204947,16.0,8.0,54168.0,96700.0,645.0,1.79,14.3,False
48415,TX,Scurry,17.88304416,15.7,7.0,60387.0,109400.0,1025.0,1.81,20.4,False
48417,TX,Shackelford,34.60490463,12.8,8.0,64690.0,178500.0,486.0,2.76,9.0,False
48419,TX,Shelby,13.73284189,18.0,7.0,51551.0,107400.0,833.0,2.08,19.4,False
48421,TX,Sherman,25.62972292,12.8,9.0,73395.0,108100.0,969.0,1.47,15.8,False
48423,TX,Smith,27.74101779,13.2,3.0,67978.0,201400.0,1129.0,2.96,19.9,True
48425,TX,Somervell,24.97420021,8.8,8.0,75568.0,246600.0,853.0,3.26,13.5,False
48427,TX,Starr,13.29701757,28.8,4.0,35758.0,88300.0,670.0,2.47,22.5,False
48429,TX,Stephens,18.20330969,18.4,7.0,50710.0,98000.0,688.0,1.93,16.3,False
48431,TX,Sterling,24.52350699,11.5,8.0,75895.0,121000.0,882.0,1.59,13.9,False
48433,TX,Stonewall,14.10891089,15.9,9.0,53153.0,54700.0,757.0,1.03,17.1,False
48435,TX,Sutton,15.47785548,13.4,9.0,68838.0,132600.0,701.0,1.93,12.2,False
48437,TX,Swisher,20.13842376,19.4,8.0,52148.0,85300.0,763.0,1.64,17.6,False
48439,TX,Tarrant,34.54800144,11.0,1.0,76285.0,269400.0,1352.0,3.53,21.3,True
48441,TX,Taylor,29.00993452,13.3,3.0,61798.0,169800.0,1063.0,2.75,20.6,True
48445,TX,Terry,10.96520915,19.3,6.0,46998.0,105500.0,763.0,2.24,19.5,False
48447,TX,Throckmorton,24.97801231,13.1,9.0,50997.0,67000.0,536.0,1.31,12.6,False
48449,TX,Titus,15.40151206,15.7,7.0,58411.0,138900.0,808.0,2.38,16.6,False
48451,TX,Tom Green,25.11717004,14.6,3.0,60348.0,177800.0,1024.0,2.95,20.4,True
48453,TX,Travis,55.51476844,10.2,1.0,95151.0,444800.0,1561.0,4.67,19.7,True
48455,TX,Trinity,15.89449768,18.9,8.0,49629.0,104300.0,776.0,2.1,18.8,False
48457,TX,Tyler,11.97592504,18.5,8.0,50722.0,124900.0,927.0,2.46,21.9,False
48459,TX,Upshur,17.48857013,13.9,2.0,59690.0,166600.0,958.0,2.79,19.3,True
48461,TX,Upton,8.808988764,15.3,8.0,61607.0,95600.0,687.0,1.55,13.4,False
48463,TX,Uvalde,20.16378643,21.0,6.0,48427.0,129900.0,1014.0,2.68,25.1,False
48465,TX,Val Verde,21.33222947,20.2,5.0,52593.0,138500.0,913.0,2.63,20.8,False
48467,TX,Van Zandt,18.19973256,12.0,8.0,57706.0,181300.0,981.0,3.14,20.4,False
48469,TX,Victoria,19.68702087,14.1,3.0,67905.0,181200.0,1084.0,2.67,19.2,True
48471,TX,Walker,21.43211573,22.4,4.0,53301.0,187200.0,976.0,3.51,22.0,False
48473,TX,Waller,26.57326328,13.9,1.0,75223.0,268200.0,1109.0,3.57,17.7,True
48475,TX,Ward,10.68670131,14.1,6.0,60775.0,117700.0,1061.0,1.94,20.9,False
48477,TX,Washington,31.00223623,14.5,6.0,66911.0,248300.0,1025.0,3.71,18.4,False
48479,TX,Webb,20.94155631,22.5,2.0,56289.0,161000.0,964.0,2.86,20.6,True
48481,TX,Wharton,19.22546958,15.3,4.0,57487.0,170100.0,894.0,2.96,18.7,False
48483,TX,Wheeler,19.51364176,14.3,9.0,55713.0,105200.0,896.0,1.89,19.3,False
48485,TX,Wichita,24.83562819,17.6,3.0,56634.0,129000.0,937.0,2.28,19.9,True
48487,TX,Wilbarger,17.41143783,16.9,6.0,52983.0,82300.0,795.0,1.55,18.0,False
48489,TX,Willacy,12.18191662,27.8,6.0,41648.0,66900.0,695.0,1.61,20.0,False
48491,TX,Williamson,47.40231583,6.4,1.0,101891.0,370100.0,1597.0,3.63,18.8,True
48493,TX,Wilson,26.27216926,9.9,1.0,79432.0,266600.0,1054.0,3.36,15.9,True
48495,TX,Winkler,10.00638706,13.5,6.0,69775.0,109100.0,902.0,1.56,15.5,False
48497,TX,Wise,20.63897111,9.4,1.0,80096.0,248400.0,1137.0,3.1,17.0,True
48499,TX,Wood,22.26073047,15.2,6.0,57504.0,170700.0,882.0,2.97,18.4,False
48501,TX,Yoakum,14.2,13.0,9.0,62748.0,167900.0,983.0,2.68,18.8,False
48503,TX,Young,23.58232932,14.5,7.0,58297.0,142100.0,823.0,2.44,16.9,False
48505,TX,Zapata,13.28046324,30.4,6.0,39403.0,84800.0,557.0,2.15,17.0,False
48507,TX,Zavala,9.551349457,28.9,7.0,36237.0,77300.0,838.0,2.13,27.8,False
49001,UT,Beaver,22.73655548,9.9,9.0,66394.0,248200.0,948.0,3.74,17.1,False
49003,UT,Box Elder,26.71238605,8.5,4.0,79450.0,308900.0,927.0,3.89,14.0,False
49005,UT,Cache,40.42448034,10.7,3.0,76631.0,351700.0,1025.0,4.59,16.1,True
49007,UT,Carbon,18.41338612,14.0,7.0,59243.0,176400.0,786.0,2.98,15.9,False
49011,UT,Davis,38.68939608,6.0,2.0,103143.0,423200.0,1407.0,4.1,16.4,True
49013,UT,Duchesne,17.00142869,12.4,7.0,67256.0,228600.0,894.0,3.4,16.0,False
49015,UT,Emery,17.16616978,10.8,9.0,64651.0,168700.0,662.0,2.61,12.3,False
49017,UT,Garfield,32.01730665,10.0,9.0,66786.0,237800.0,779.0,3.56,14.0,False
49019,UT,Grand,34.73027842,10.6,7.0,67218.0,426800.0,1020.0,6.35,18.2,False
49021,UT,Iron,30.3062333,11.6,4.0,66499.0,299400.0,935.0,4.5,16.9,False
49023,UT,Juab,20.22889843,8.2,2.0,94181.0,322100.0,969.0,3.42,12.3,True
49025,UT,Kane,32.13913043,8.9,8.0,66609.0,297500.0,1124.0,4.47,20.2,False
49027,UT,Millard,23.05178482,9.3,9.0,67318.0,227000.0,801.0,3.37,14.3,False
49029,UT,Morgan,38.84459365,4.3,2.0,119482.0,556900.0,1276.0,4.66,12.8,True
49031,UT,Piute,19.01893287,14.1,9.0,54495.0,218800.0,594.0,4.02,13.1,False
49033,UT,Rich,24.46941323,7.6,8.0,71800.0,272900.0,663.0,3.8,11.1,False
49035,UT,Salt Lake,38.63020561,9.5,1.0,91713.0,440400.0,1394.0,4.8,18.2,True
49037,UT,San Juan,20.23782814,18.8,9.0,50452.0,177900.0,861.0,3.53,20.5,False
49039,UT,Sanpete,23.17925592,12.9,6.0,65044.0,268600.0,910.0,4.13,16.8,False
49041,UT,Sevier,23.059642,10.7,7.0,73014.0,239400.0,791.0,3.28,13.0,False
49043,UT,Summit,58.06974578,5.1,4.0,132358.0,895100.0,1822.0,6.76,16.5,False
49045,UT,Tooele,23.20170805,6.8,1.0,91353.0,343900.0,1079.0,3.76,14.2,True
49047,UT,Uintah,16.83437962,11.1,7.0,67554.0,253100.0,797.0,3.75,14.2,False
49049,UT,Utah,43.83636656,9.0,2.0,95085.0,443000.0,1330.0,4.66,16.8,True
49051,UT,Wasatch,47.71955252,5.0,4.0,115793.0,620800.0,1586.0,5.36,16.4,False
49053,UT,Washington,33.28757502,10.6,3.0,75572.0,417400.0,1321.0,5.52,21.0,True
49055,UT,Wayne,25.19337017,11.4,9.0,63705.0,316200.0,926.0,4.96,17.4,False
49057,UT,Weber,28.04944026,8.5,2.0,83465.0,346800.0,1188.0,4.16,17.1,True
50001,VT,Addison,43.47229632,8.7,6.0,79526.0,311200.0,1153.0,3.91,17.4,False
50003,VT,Bennington,41.159657,11.9,6.0,69249.0,243000.0,974.0,3.51,16.9,False
50005,VT,Caledonia,31.94657522,14.0,9.0,61554.0,197700.0,919.0,3.21,17.9,False
50007,VT,Chittenden,55.79822324,7.8,3.0,86579.0,378300.0,1511.0,4.37,20.9,True
50009,VT,Essex,21.17750439,14.4,9.0,54570.0,151200.0,911.0,2.77,20.0,False
50011,VT,Franklin,28.80141109,9.9,3.0,76395.0,263200.0,1125.0,3.45,17.7,True
50013,VT,Grand Isle,43.17700987,8.7,3.0,76260.0,339600.0,1206.0,4.45,19.0,True
50015,VT,Lamoille,43.84059909,9.6,8.0,65190.0,270700.0,1066.0,4.15,19.6,False
50017,VT,Orange,36.52008514,9.7,9.0,73057.0,231000.0,1125.0,3.16,18.5,False
50019,VT,Orleans,28.56364537,14.1,9.0,56818.0,196700.0,898.0,3.46,19.0,False
50021,VT,Rutland,33.53452867,11.8,7.0,61290.0,203500.0,891.0,3.32,17.4,False
50023,VT,Washington,47.00537439,8.6,4.0,77432.0,278000.0,1077.0,3.59,16.7,False
50025,VT,Windham,42.35448962,10.1,7.0,61976.0,250000.0,1031.0,4.03,20.0,False
50027,VT,Windsor,41.91159717,9.9,7.0,74244.0,249700.0,1054.0,3.36,17.0,False
51001,VA,Accomack,21.79476663,17.3,9.0,56357.0,184500.0,974.0,3.27,20.7,False
51003,VA,Albemarle,60.60038486,8.0,3.0,94727.0,450200.0,1570.0,4.75,19.9,True
51005,VA,Alleghany,15.56074347,13.9,6.0,52412.0,123600.0,662.0,2.36,15.2,False
51007,VA,Amelia,16.78321678,10.0,1.0,65835.0,233700.0,1249.0,3.55,22.8,True
51009,VA,Amherst,22.97605728,12.5,2.0,61271.0,181600.0,811.0,2.96,15.9,True
51011,VA,Appomattox,20.50554552,11.4,2.0,62375.0,178000.0,861.0,2.85,16.6,True
51013,VA,Arlington,77.10922662,7.1,1.0,131020.0,833300.0,2227.0,6.36,20.4,True
51015,VA,Augusta,23.28240958,8.2,3.0,77487.0,267100.0,1019.0,3.45,15.8,True
51017,VA,Bath,15.55346504,10.5,9.0,59763.0,184900.0,650.0,3.09,13.1,False
51019,VA,Bedford,33.64661334,9.9,2.0,71135.0,263900.0,939.0,3.71,15.8,True
51021,VA,Bland,15.44440016,13.9,8.0,55722.0,132500.0,705.0,2.38,15.2,False
51023,VA,Botetourt,27.51998091,6.3,2.0,81122.0,264200.0,869.0,3.26,12.9,True
51025,VA,Brunswick,15.61616498,20.8,8.0,49080.0,127000.0,841.0,2.59,20.6,False
51027,VA,Buchanan,10.84591547,22.8,9.0,39652.0,84900.0,728.0,2.14,22.0,False
51029,VA,Buckingham,13.49118943,18.1,8.0,55965.0,160800.0,844.0,2.87,18.1,False
51031,VA,Campbell,25.72105788,12.4,2.0,63516.0,183100.0,792.0,2.88,15.0,True
51033,VA,Caroline,23.20765954,9.3,8.0,72210.0,253300.0,1212.0,3.51,20.1,False
51035,VA,Carroll,16.68029064,16.1,6.0,51111.0,139200.0,643.0,2.72,15.1,False
51036,VA,Charles City,16.01064841,11.3,1.0,67596.0,198800.0,927.0,2.94,16.5,True
51037,VA,Charlotte,18.7120743,20.8,8.0,50151.0,137000.0,732.0,2.73,17.5,False
51041,VA,Chesterfield,42.66314718,6.9,1.0,100149.0,306500.0,1460.0,3.06,17.5,True
51043,VA,Clarke,37.28050428,7.3,1.0,106914.0,496600.0,1260.0,4.64,14.1,True
51045,VA,Craig,17.30994152,12.3,2.0,62672.0,184700.0,687.0,2.95,13.2,True
51047,VA,Culpeper,26.40533778,9.6,1.0,94287.0,369600.0,1383.0,3.92,17.6,True
51049,VA,Cumberland,18.16934267,14.2,8.0,55257.0,208600.0,803.0,3.78,17.4,False
51051,VA,Dickenson,10.72015466,19.4,9.0,43271.0,89200.0,680.0,2.06,18.9,False
51053,VA,Dinwiddie,20.45980407,11.8,1.0,72695.0,223800.0,1154.0,3.08,19.0,True
51057,VA,Essex,17.51843706,13.0,8.0,58214.0,217000.0,942.0,3.73,19.4,False
51059,VA,Fairfax,64.2669927,6.1,1.0,144632.0,666900.0,2159.0,4.61,17.9,True
51061,VA,Fauquier,39.67638432,6.1,1.0,120301.0,501200.0,1468.0,4.17,14.6,True
51063,VA,Floyd,23.03341902,11.1,3.0,62561.0,205400.0,809.0,3.28,15.5,True
51065,VA,Fluvanna,35.59843674,7.6,3.0,88162.0,270900.0,1363.0,3.07,18.6,True
51067,VA,Franklin,24.32702143,11.4,2.0,68089.0,207700.0,809.0,3.05,14.3,True
51069,VA,Frederick,30.30899006,7.4,3.0,97091.0,333600.0,1347.0,3.44,16.6,True
51071,VA,Giles,18.01927989,11.3,3.0,62716.0,141900.0,758.0,2.26,14.5,True
51073,VA,Gloucester,25.85655709,7.9,1.0,76960.0,274500.0,1133.0,3.57,17.7,True
51075,VA,Goochland,46.9924812,6.7,1.0,113617.0,433600.0,1407.0,3.82,14.9,True
51077,VA,Grayson,13.94316921,16.4,9.0,45414.0,129100.0,703.0,2.84,18.6,False
51079,VA,Greene,28.50171821,8.9,3.0,82772.0,287800.0,1277.0,3.48,18.5,True
51081,VA,Greensville,13.78182668,27.3,6.0,47596.0,146600.0,979.0,3.08,24.7,False
51083,VA,Halifax,18.19293312,19.7,6.0,50578.0,133200.0,724.0,2.63,17.2,False
51085,VA,Hanover,42.36427298,5.3,1.0,103639.0,347900.0,1392.0,3.36,16.1,True
51087,VA,Henrico,45.74147976,9.4,1.0,82187.0,309700.0,1380.0,3.77,20.1,True
51089,VA,Henry,15.67150072,16.9,4.0,49370.0,111800.0,686.0,2.26,16.7,False
51091,VA,Highland,35.47257876,12.9,8.0,54470.0,182500.0,800.0,3.35,17.6,False
51093,VA,Isle of Wight,29.94414198,7.3,1.0,85227.0,327600.0,1223.0,3.84,17.2,True
51095,VA,James City,50.18457089,7.2,1.0,103070.0,396800.0,1435.0,3.85,16.7,True
51097,VA,King and Queen,19.46360153,12.7,1.0,62180.0,212500.0,1065.0,3.42,20.6,True
51099,VA,King George,35.83148319,6.3,8.0,100092.0,372300.0,1385.0,3.72,16.6,False
51101,VA,King William,24.26239799,7.1,1.0,82715.0,252200.0,1239.0,3.05,18.0,True
51103,VA,Lancaster,37.39586899,12.6,9.0,60857.0,292300.0,959.0,4.8,18.9,False
51105,VA,Lee,12.67164539,25.0,8.0,41573.0,95800.0,651.0,2.3,18.8,False
51107,VA,Loudoun,64.0137464,4.1,1.0,167605.0,657000.0,2195.0,3.92,15.7,True
51109,VA,Louisa,27.65369963,9.4,8.0,72569.0,266700.0,1137.0,3.68,18.8,False
51111,VA,Lunenburg,11.19235096,19.1,9.0,47660.0,139700.0,802.0,2.93,20.2,False
51113,VA,Madison,27.61135199,10.1,8.0,71697.0,311500.0,955.0,4.34,16.0,False
51115,VA,Mathews,30.10555301,9.2,1.0,73827.0,355900.0,966.0,4.82,15.7,True
51117,VA,Mecklenburg,21.17012412,14.6,7.0,52092.0,157800.0,784.0,3.03,18.1,False
51119,VA,Middlesex,31.60804611,12.9,8.0,68881.0,288900.0,1056.0,4.19,18.4,False
51121,VA,Montgomery,48.39536498,23.8,3.0,69668.0,269300.0,1161.0,3.87,20.0,True
51125,VA,Nelson,33.70150862,13.8,3.0,66612.0,275100.0,921.0,4.13,16.6,True
51127,VA,New Kent,35.47265077,5.6,1.0,115627.0,354200.0,1391.0,3.06,14.4,True
51131,VA,Northampton,32.54587408,17.5,8.0,52783.0,246300.0,763.0,4.67,17.3,False
51133,VA,Northumberland,33.88455867,12.1,9.0,67077.0,303700.0,1026.0,4.53,18.4,False
51135,VA,Nottoway,16.77852349,17.8,8.0,50756.0,169500.0,895.0,3.34,21.2,False
51137,VA,Orange,29.44913671,8.0,6.0,81390.0,316000.0,1085.0,3.88,16.0,False
51139,VA,Page,15.22189009,14.2,8.0,60061.0,198000.0,845.0,3.3,16.9,False
51141,VA,Patrick,15.229906,14.4,8.0,49319.0,137200.0,668.0,2.78,16.3,False
51143,VA,Pittsylvania,15.4139106,13.7,4.0,49659.0,144100.0,831.0,2.9,20.1,False
51145,VA,Powhatan,34.22575977,6.1,1.0,105231.0,356500.0,1170.0,3.39,13.3,True
51147,VA,Prince Edward,24.20278638,25.1,6.0,57400.0,193400.0,909.0,3.37,19.0,False
51149,VA,Prince George,23.98245805,11.3,1.0,76571.0,252300.0,1519.0,3.29,23.8,True
51153,VA,Prince William,44.47757374,6.7,1.0,119051.0,472000.0,1907.0,3.96,19.2,True
51155,VA,Pulaski,21.44007542,16.5,3.0,57731.0,181700.0,806.0,3.15,16.8,True
51157,VA,Rappahannock,35.64007748,9.0,1.0,85575.0,509500.0,1179.0,5.95,16.5,True
51159,VA,Richmond,17.35513064,15.6,9.0,60180.0,218600.0,915.0,3.63,18.2,False
51161,VA,Roanoke,37.38384154,7.2,2.0,77010.0,245800.0,1116.0,3.19,17.4,True
51163,VA,Rockbridge,31.45512293,11.4,6.0,64393.0,232100.0,925.0,3.6,17.2,False
51165,VA,Rockingham,28.39889044,10.1,3.0,72921.0,266900.0,1078.0,3.66,17.7,True
51167,VA,Russell,14.10027328,18.5,8.0,49537.0,112000.0,668.0,2.26,16.2,False
51169,VA,Scott,14.24857638,20.5,2.0,43743.0,122300.0,621.0,2.8,17.0,True
51171,VA,Shenandoah,21.37037154,9.9,6.0,65289.0,247600.0,950.0,3.79,17.5,False
51173,VA,Smyth,18.05824348,15.1,7.0,45484.0,120600.0,691.0,2.65,18.2,False
51175,VA,Southampton,18.59398496,13.3,6.0,61246.0,199700.0,881.0,3.26,17.3,False
51177,VA,Spotsylvania,33.7921328,6.6,1.0,96322.0,349900.0,1677.0,3.63,20.9,True
51179,VA,Stafford,43.30813566,5.3,1.0,134456.0,431900.0,1828.0,3.21,16.3,True
51181,VA,Surry,25.40134119,12.4,1.0,65339.0,231400.0,888.0,3.54,16.3,True
51183,VA,Sussex,15.80860085,20.9,1.0,49340.0,151000.0,927.0,3.06,22.5,True
51185,VA,Tazewell,16.39004149,21.0,7.0,48360.0,112200.0,733.0,2.32,18.2,False
51187,VA,Warren,24.53414014,9.3,1.0,79949.0,293400.0,1175.0,3.67,17.6,True
51191,VA,Washington,26.52757449,12.8,2.0,61686.0,181000.0,796.0,2.93,15.5,True
51193,VA,Westmoreland,19.7092654,12.5,8.0,61545.0,244000.0,985.0,3.96,19.2,False
51195,VA,Wise,15.60733917,18.2,7.0,45220.0,108000.0,715.0,2.39,19.0,False
51197,VA,Wythe,19.71926101,13.5,6.0,47257.0,157100.0,668.0,3.32,17.0,False
51199,VA,York,50.02293387,6.5,1.0,111346.0,387200.0,1701.0,3.48,18.3,True
51510,VA,Alexandria,65.75447269,8.5,1.0,110115.0,655700.0,1983.0,5.95,21.6,True
51520,VA,Bristol,23.92015707,21.8,2.0,43123.0,154900.0,784.0,3.59,21.8,True
51530,VA,Buena Vista,24.7311828,14.6,6.0,51030.0,148800.0,953.0,2.92,22.4,False
51540,VA,Charlottesville,60.55131117,19.6,3.0,67903.0,398400.0,1357.0,5.87,24.0,True
51550,VA,Chesapeake,36.42057797,10.0,1.0,87127.0,339500.0,1446.0,3.9,19.9,True
51570,VA,Colonial Heights,29.49112426,10.4,1.0,68456.0,221400.0,1123.0,3.23,19.7,True
51580,VA,Covington,9.59979074,17.7,6.0,46592.0,80100.0,718.0,1.72,18.5,False
51590,VA,Danville,18.30123491,23.4,4.0,40799.0,102000.0,770.0,2.5,22.6,False
51595,VA,Emporia,15.15234697,20.1,6.0,43496.0,129400.0,960.0,2.97,26.5,False
51600,VA,Fairfax,62.34982441,7.4,1.0,122790.0,649600.0,1972.0,5.29,19.3,True
51610,VA,Falls Church,79.72574911,5.1,1.0,142513.0,938500.0,2074.0,6.59,17.5,True
51620,VA,Franklin,26.43163923,19.8,6.0,54594.0,197900.0,925.0,3.62,20.3,False
51630,VA,Fredericksburg,46.78909953,12.7,1.0,71217.0,438400.0,1462.0,6.16,24.6,True
51640,VA,Galax,18.28776333,20.8,6.0,44706.0,109300.0,660.0,2.44,17.7,False
51650,VA,Hampton,27.47944764,13.4,1.0,64086.0,219800.0,1255.0,3.43,23.5,True
51660,VA,Harrisonburg,36.74367016,23.8,3.0,56057.0,263700.0,1060.0,4.7,22.7,True
51670,VA,Hopewell,12.4799143,20.0,1.0,53098.0,151600.0,1033.0,2.86,23.3,True
51678,VA,Lexington,57.30544448,21.4,6.0,62382.0,224700.0,1000.0,3.6,19.2,False
51680,VA,Lynchburg,38.53511766,19.1,2.0,50494.0,196000.0,972.0,3.88,23.1,True
51683,VA,Manassas,33.24767454,10.7,1.0,97722.0,393900.0,1784.0,4.03,21.9,True
51685,VA,Manassas Park,25.47861872,7.7,1.0,90816.0,370700.0,2073.0,4.08,27.4,True
51690,VA,Martinsville,21.24814264,22.5,4.0,41500.0,82800.0,736.0,2.0,21.3,False
51700,VA,Newport News,29.09590908,15.7,1.0,63350.0,233400.0,1209.0,3.68,22.9,True
51710,VA,Norfolk,32.663396,18.3,1.0,60030.0,254200.0,1188.0,4.23,23.7,True
51720,VA,Norton,16.64735419,20.6,7.0,41298.0,104200.0,613.0,2.52,17.8,False
51730,VA,Petersburg,25.01199983,21.2,1.0,42385.0,147200.0,1082.0,3.47,30.6,True
51735,VA,Poquoson,40.06596156,5.8,1.0,109549.0,406700.0,1584.0,3.71,17.4,True
51740,VA,Portsmouth,23.19837258,18.7,1.0,54843.0,213300.0,1225.0,3.89,26.8,True
51750,VA,Radford,39.75121687,26.4,3.0,47892.0,204700.0,967.0,4.27,24.2,True
51760,VA,Richmond,44.0716926,17.6,1.0,58719.0,308300.0,1227.0,5.25,25.1,True
51770,VA,Roanoke,28.89210717,18.4,2.0,50425.0,162000.0,917.0,3.21,21.8,True
51775,VA,Salem,31.14421516,10.4,2.0,63676.0,231900.0,1053.0,3.64,19.8,True
51790,VA,Staunton,35.06993386,11.3,3.0,61917.0,219500.0,984.0,3.55,19.1,True
51800,VA,Suffolk,32.42446239,11.1,1.0,81858.0,314400.0,1376.0,3.84,20.2,True
51810,VA,Virginia Beach,40.41547797,8.7,1.0,83066.0,343700.0,1568.0,4.14,22.7,True
51820,VA,Waynesboro,26.2691227,12.9,3.0,58527.0,226700.0,909.0,3.87,18.6,True
51830,VA,Williamsburg,48.47966302,18.8,1.0,67543.0,385600.0,1274.0,5.71,22.6,True
51840,VA,Winchester,31.63963576,16.2,3.0,60557.0,299900.0,1230.0,4.95,24.4,True
53001,WA,Adams,15.42534416,15.1,6.0,62410.0,216900.0,902.0,3.48,17.3,False
53003,WA,Asotin,24.32745684,14.9,3.0,65625.0,266400.0,941.0,4.06,17.2,True
53005,WA,Benton,32.97526636,11.2,2.0,85144.0,338700.0,1166.0,3.98,16.4,True
53007,WA,Chelan,30.22025793,10.2,3.0,81697.0,412300.0,1142.0,5.05,16.8,True
53009,WA,Clallam,30.69086226,11.9,5.0,66693.0,353600.0,1093.0,5.3,19.7,False
53011,WA,Clark,32.96043439,7.5,1.0,91149.0,453200.0,1572.0,4.97,20.7,True
53013,WA,Columbia,27.21989022,13.6,8.0,62935.0,229600.0,847.0,3.65,16.1,False
53015,WA,Cowlitz,17.0066806,13.2,3.0,71847.0,332200.0,1090.0,4.62,18.2,True
53017,WA,Douglas,21.86300055,11.8,3.0,83870.0,366800.0,1181.0,4.37,16.9,True
53019,WA,Ferry,18.31184884,17.2,8.0,57064.0,252700.0,690.0,4.43,14.5,False
53021,WA,Franklin,20.41592874,12.8,2.0,77820.0,308700.0,1124.0,3.97,17.3,True
53023,WA,Garfield,26.76940639,14.1,8.0,64413.0,190000.0,725.0,2.95,13.5,False
53025,WA,Grant,18.16451306,15.2,5.0,63809.0,244500.0,979.0,3.83,18.4,False
53027,WA,Grays Harbor,17.62111391,15.1,4.0,62258.0,249900.0,943.0,4.01,18.2,False
53029,WA,Island,35.73504594,8.6,4.0,82717.0,480800.0,1517.0,5.81,22.0,False
53031,WA,Jefferson,43.25989941,11.0,6.0,69176.0,449300.0,1169.0,6.5,20.3,False
53033,WA,King,55.929893,8.8,1.0,116044.0,761500.0,1950.0,6.56,20.2,True
53035,WA,Kitsap,36.52506822,8.7,2.0,93794.0,463000.0,1635.0,4.94,20.9,True
53037,WA,Kittitas,35.25413308,15.2,4.0,71737.0,417600.0,1152.0,5.82,19.3,False
53039,WA,Klickitat,31.19439821,11.9,9.0,70371.0,352500.0,986.0,5.01,16.8,False
53041,WA,Lewis,20.15059939,13.7,4.0,67954.0,306600.0,1016.0,4.51,17.9,False
53043,WA,Lincoln,23.69562523,10.7,8.0,68318.0,232500.0,839.0,3.4,14.7,False
53045,WA,Mason,22.00644625,12.0,4.0,78029.0,340300.0,1137.0,4.36,17.5,False
53047,WA,Okanogan,23.98432397,16.7,6.0,58661.0,251100.0,862.0,4.28,17.6,False
53049,WA,Pacific,23.35634626,13.1,7.0,55615.0,252100.0,955.0,4.53,20.6,False
53051,WA,Pend Oreille,20.28255286,14.4,8.0,59332.0,288200.0,793.0,4.86,16.0,False
53053,WA,Pierce,30.14781679,9.9,1.0,92793.0,444600.0,1604.0,4.79,20.7,True
53055,WA,San Juan,53.40796185,9.4,9.0,84024.0,673700.0,1279.0,8.02,18.3,False
53057,WA,Skagit,29.13493625,9.7,3.0,79118.0,444300.0,1350.0,5.62,20.5,True
53059,WA,Skamania,28.15410669,11.0,1.0,82132.0,443000.0,1019.0,5.39,14.9,True
53061,WA,Snohomish,36.84268811,8.8,1.0,101440.0,592800.0,1794.0,5.84,21.2,True
53063,WA,Spokane,32.09995042,12.5,2.0,69079.0,331600.0,1123.0,4.8,19.5,True
53065,WA,Stevens,21.78019296,11.9,2.0,65748.0,277300.0,827.0,4.22,15.1,True
53067,WA,Thurston,37.17542449,9.9,2.0,88560.0,411700.0,1499.0,4.65,20.3,True
53069,WA,Wahkiakum,22.27311766,11.3,8.0,70099.0,319100.0,1110.0,4.55,19.0,False
53071,WA,Walla Walla,30.08780488,14.9,3.0,66542.0,331600.0,1044.0,4.98,18.8,True
53073,WA,Whatcom,38.08601417,12.9,3.0,78796.0,475000.0,1370.0,6.03,20.9,True
53075,WA,Whitman,50.15806544,24.8,4.0,54412.0,298500.0,959.0,5.49,21.1,False
53077,WA,Yakima,18.86505411,16.1,2.0,63058.0,254700.0,1010.0,4.04,19.2,True
54001,WV,Barbour,12.24567408,20.0,9.0,46302.0,119000.0,665.0,2.57,17.2,False
54003,WV,Berkeley,24.34866076,11.3,2.0,70829.0,231600.0,1154.0,3.27,19.6,True
54005,WV,Boone,11.93464052,20.8,3.0,46508.0,87300.0,735.0,1.88,19.0,True
54007,WV,Braxton,11.86109604,19.7,8.0,43328.0,95100.0,595.0,2.19,16.5,False
54009,WV,Brooke,21.90192796,14.1,3.0,61551.0,115000.0,591.0,1.87,11.5,True
54011,WV,Cabell,32.4483491,19.8,2.0,51017.0,144200.0,857.0,2.83,20.2,True
54013,WV,Calhoun,10.10166559,21.3,8.0,43589.0,111000.0,494.0,2.55,13.6,False
54015,WV,Clay,11.77440029,23.5,3.0,42604.0,100800.0,582.0,2.37,16.4,True
54017,WV,Doddridge,12.69977659,18.9,9.0,47755.0,147300.0,556.0,3.08,14.0,False
54019,WV,Fayette,16.09207267,16.7,3.0,48710.0,103200.0,734.0,2.12,18.1,True
54021,WV,Gilmer,19.87275449,26.4,9.0,44938.0,89800.0,670.0,2.0,17.9,False
54023,WV,Grant,17.94302627,16.6,9.0,58150.0,150000.0,648.0,2.58,13.4,False
54025,WV,Greenbrier,22.0714197,18.2,6.0,45137.0,130400.0,790.0,2.89,21.0,False
54027,WV,Hampshire,16.25270594,14.2,3.0,58266.0,184800.0,749.0,3.17,15.4,True
54029,WV,Hancock,20.17165369,14.1,3.0,58077.0,111700.0,731.0,1.92,15.1,True
54031,WV,Hardy,15.66186107,13.8,8.0,53876.0,153300.0,832.0,2.85,18.5,False
54033,WV,Harrison,25.89274232,14.4,5.0,57764.0,146900.0,836.0,2.54,17.4,False
54035,WV,Jackson,19.41737769,14.8,8.0,54735.0,148200.0,700.0,2.71,15.3,False
54037,WV,Jefferson,33.72484039,9.0,1.0,87259.0,303400.0,1073.0,3.48,14.8,True
54039,WV,Kanawha,29.27442696,15.6,3.0,55160.0,131200.0,868.0,2.38,18.9,True
54041,WV,Lewis,17.45952262,16.4,9.0,53283.0,134100.0,726.0,2.52,16.4,False
54043,WV,Lincoln,8.393804075,21.7,8.0,43727.0,94500.0,734.0,2.16,20.1,False
54045,WV,Logan,13.83985005,19.4,6.0,42615.0,101200.0,737.0,2.37,20.8,False
54047,WV,McDowell,5.748537589,36.2,9.0,28972.0,47500.0,601.0,1.64,24.9,False
54049,WV,Marion,25.8392728,14.7,4.0,58855.0,147600.0,870.0,2.51,17.7,False
54051,WV,Marshall,19.07815631,15.1,3.0,51934.0,130500.0,788.0,2.51,18.2,True
54053,WV,Mason,16.22833397,18.0,6.0,48077.0,118100.0,651.0,2.46,16.2,False
54055,WV,Mercer,20.6675593,19.7,4.0,43917.0,115100.0,777.0,2.62,21.2,False
54057,WV,Mineral,22.81105991,13.9,7.0,59669.0,162400.0,713.0,2.72,14.3,False
54059,WV,Mingo,8.325652842,28.8,8.0,35761.0,89700.0,560.0,2.51,18.8,False
54061,WV,Monongalia,47.93676801,18.3,3.0,59094.0,242100.0,929.0,4.1,18.9,True
54063,WV,Monroe,15.42806512,16.4,8.0,53154.0,138400.0,658.0,2.6,14.9,False
54065,WV,Morgan,17.6123021,10.7,2.0,56162.0,212500.0,742.0,3.78,15.9,True
54067,WV,Nicholas,19.04283802,19.3,8.0,46757.0,110600.0,664.0,2.37,17.0,False
54069,WV,Ohio,32.53207841,14.5,3.0,60241.0,153000.0,773.0,2.54,15.4,True
54071,WV,Pendleton,20.45604034,13.9,8.0,52553.0,169200.0,666.0,3.22,15.2,False
54073,WV,Pleasants,14.63725848,14.5,8.0,56391.0,121100.0,640.0,2.15,13.6,False
54075,WV,Pocahontas,15.79473509,19.2,9.0,44553.0,129500.0,678.0,2.91,18.3,False
54077,WV,Preston,17.88841534,17.3,3.0,55965.0,147400.0,738.0,2.63,15.8,True
54079,WV,Putnam,28.40461175,10.3,2.0,80034.0,202300.0,1007.0,2.53,15.1,True
54081,WV,Raleigh,21.62687819,18.2,3.0,51317.0,132300.0,819.0,2.58,19.2,True
54083,WV,Randolph,18.96196824,18.9,7.0,49362.0,128700.0,766.0,2.61,18.6,False
54085,WV,Ritchie,12.84492496,17.7,8.0,51965.0,105200.0,657.0,2.02,15.2,False
54087,WV,Roane,14.19361238,19.6,8.0,42697.0,117700.0,605.0,2.76,17.0,False
54089,WV,Summers,15.9926866,22.6,8.0,40569.0,123400.0,842.0,3.04,24.9,False
54091,WV,Taylor,17.35291691,14.1,6.0,53972.0,138100.0,702.0,2.56,15.6,False
54093,WV,Tucker,24.19475655,17.6,9.0,50444.0,141100.0,783.0,2.8,18.6,False
54095,WV,Tyler,15.66324843,19.0,9.0,57560.0,109800.0,642.0,1.91,13.4,False
54097,WV,Upshur,17.43220132,18.3,7.0,47035.0,153600.0,744.0,3.27,19.0,False
54099,WV,Wayne,17.68209052,18.2,2.0,52540.0,114200.0,865.0,2.17,19.8,True
54101,WV,Webster,12.56414501,26.3,9.0,40598.0,82400.0,678.0,2.03,20.0,False
54103,WV,Wetzel,13.50605852,17.4,7.0,48563.0,106100.0,701.0,2.18,17.3,False
54105,WV,Wirt,16.24229429,17.7,3.0,43441.0,109200.0,490.0,2.51,13.5,True
54107,WV,Wood,22.94522827,13.7,3.0,57599.0,140700.0,780.0,2.44,16.3,True
54109,WV,Wyoming,12.04652997,21.5,8.0,39892.0,74100.0,677.0,1.86,20.4,False
55001,WI,Adams,17.26826963,13.2,8.0,54682.0,168400.0,719.0,3.08,15.8,False
55003,WI,Ashland,22.10310015,14.1,7.0,56848.0,143500.0,658.0,2.52,13.9,False
55005,WI,Barron,22.28216887,10.0,6.0,62344.0,182600.0,814.0,2.93,15.7,False
55007,WI,Bayfield,34.98866036,10.0,8.0,63680.0,214700.0,828.0,3.37,15.6,False
55009,WI,Brown,32.43333902,9.7,2.0,72398.0,226500.0,935.0,3.13,15.5,True
55011,WI,Buffalo,22.0924275,10.2,8.0,63969.0,182900.0,808.0,2.86,15.2,False
55013,WI,Burnett,22.00091227,13.5,8.0,57438.0,200800.0,767.0,3.5,16.0,False
55015,WI,Calumet,32.53457223,4.6,3.0,85589.0,234000.0,948.0,2.73,13.3,True
55017,WI,Chippewa,24.14046584,9.0,3.0,74425.0,215300.0,918.0,2.89,14.8,True
55019,WI,Clark,13.41718105,11.7,8.0,63641.0,153000.0,756.0,2.4,14.3,False
55021,WI,Columbia,25.67837761,7.9,2.0,78767.0,243600.0,911.0,3.09,13.9,True
55023,WI,Crawford,18.28411879,14.0,6.0,63862.0,160300.0,781.0,2.51,14.7,False
55025,WI,Dane,54.44958731,10.0,2.0,85189.0,342900.0,1268.0,4.03,17.9,True
55027,WI,Dodge,19.92200851,8.6,4.0,69681.0,201000.0,929.0,2.88,16.0,False
55029,WI,Door,37.10957285,8.8,6.0,72296.0,273300.0,949.0,3.78,15.8,False
55031,WI,Douglas,27.76179157,9.5,2.0,66180.0,174900.0,833.0,2.64,15.1,True
55033,WI,Dunn,29.23142281,10.9,6.0,71434.0,212000.0,908.0,2.97,15.3,False
55035,WI,Eau Claire,35.65836925,10.8,3.0,70564.0,226400.0,929.0,3.21,15.8,True
55037,WI,Florence,23.12721329,10.7,9.0,64512.0,158400.0,571.0,2.46,10.6,False
55039,WI,Fond du Lac,22.61084081,9.2,3.0,71206.0,195800.0,892.0,2.75,15.0,True
55041,WI,Forest,15.49562682,15.8,9.0,56118.0,160100.0,593.0,2.85,12.7,False
55043,WI,Grant,24.56242707,13.7,6.0,63247.0,173400.0,795.0,2.74,15.1,False
55045,WI,Green,26.97525033,8.3,2.0,79337.0,217000.0,820.0,2.74,12.4,True
55047,WI,Green Lake,22.51675134,10.4,6.0,66070.0,186100.0,781.0,2.82,14.2,False
55049,WI,Iowa,28.47919235,8.4,2.0,76404.0,231300.0,911.0,3.03,14.3,True
55051,WI,Iron,23.37242216,13.5,9.0,60694.0,144100.0,632.0,2.37,12.5,False
55053,WI,Jackson,16.27270299,12.6,8.0,64344.0,170000.0,749.0,2.64,14.0,False
55055,WI,Jefferson,28.12846255,9.3,4.0,78728.0,238300.0,981.0,3.03,15.0,False
55057,WI,Juneau,16.27319145,12.5,8.0,61904.0,153700.0,820.0,2.48,15.9,False
55059,WI,Kenosha,30.76160323,11.3,3.0,75067.0,234700.0,1110.0,3.13,17.7,True
55061,WI,Kewaunee,20.56074766,8.7,2.0,73717.0,191500.0,831.0,2.6,13.5,True
55063,WI,La Crosse,36.08257959,12.1,3.0,70075.0,226600.0,984.0,3.23,16.9,True
55065,WI,Lafayette,20.62219089,11.2,8.0,67311.0,166700.0,796.0,2.48,14.2,False
55067,WI,Langlade,16.18485059,13.6,6.0,57745.0,138000.0,715.0,2.39,14.9,False
55069,WI,Lincoln,19.43152214,9.9,6.0,59637.0,163700.0,706.0,2.74,14.2,False
55071,WI,Manitowoc,22.2318545,9.2,4.0,62910.0,160400.0,747.0,2.55,14.2,False
55073,WI,Marathon,27.27197407,9.6,3.0,70955.0,194500.0,898.0,2.74,15.2,True
55075,WI,Marinette,19.48516496,11.4,6.0,58554.0,142300.0,731.0,2.43,15.0,False
55077,WI,Marquette,15.15766337,11.6,8.0,58197.0,189500.0,773.0,3.26,15.9,False
55078,WI,Menominee,19.60467931,27.4,9.0,51623.0,104300.0,635.0,2.02,14.8,False
55079,WI,Milwaukee,33.89241692,17.1,1.0,58375.0,200000.0,1012.0,3.43,20.8,True
55081,WI,Monroe,19.97627216,12.8,4.0,65232.0,184000.0,919.0,2.82,16.9,False
55083,WI,Oconto,18.6975945,8.6,2.0,68127.0,195200.0,775.0,2.87,13.7,True
55085,WI,Oneida,28.42940315,8.2,7.0,62242.0,214700.0,876.0,3.45,16.9,False
55087,WI,Outagamie,31.98365443,6.3,3.0,78808.0,224100.0,941.0,2.84,14.3,True
55089,WI,Ozaukee,50.36459295,4.8,1.0,97778.0,344900.0,1103.0,3.53,13.5,True
55091,WI,Pepin,23.63602039,10.3,8.0,69535.0,178500.0,778.0,2.57,13.4,False
55093,WI,Pierce,31.98398413,8.3,1.0,85508.0,278700.0,999.0,3.26,14.0,True
55095,WI,Polk,23.66552326,9.1,8.0,73982.0,222800.0,922.0,3.01,15.0,False
55097,WI,Portage,33.69664336,9.8,4.0,71360.0,214700.0,876.0,3.01,14.7,False
55099,WI,Price,17.05800464,12.0,9.0,53883.0,136400.0,759.0,2.53,16.9,False
55101,WI,Racine,27.9861193,10.7,3.0,72331.0,226500.0,985.0,3.13,16.3,True
55103,WI,Richland,20.71903912,13.0,8.0,67086.0,161600.0,755.0,2.41,13.5,False
55105,WI,Rock,25.7341556,11.2,3.0,67430.0,193000.0,981.0,2.86,17.5,True
55107,WI,Rusk,16.30163305,13.7,8.0,56410.0,144800.0,793.0,2.57,16.9,False
55109,WI,St. Croix,39.38824544,5.7,1.0,97589.0,323900.0,1127.0,3.32,13.9,True
55111,WI,Sauk,26.49315838,9.4,4.0,70484.0,227500.0,914.0,3.23,15.6,False
55113,WI,Sawyer,27.20121247,15.0,9.0,60034.0,210700.0,670.0,3.51,13.4,False
55115,WI,Shawano,18.70120171,11.5,6.0,66733.0,166900.0,740.0,2.5,13.3,False
55117,WI,Sheboygan,27.3190251,8.9,3.0,65008.0,198900.0,863.0,3.06,15.9,True
55119,WI,Taylor,16.65473805,11.3,8.0,67544.0,168800.0,750.0,2.5,13.3,False
55121,WI,Trempealeau,20.22988506,11.8,8.0,68184.0,193700.0,864.0,2.84,15.2,False
55123,WI,Vernon,24.84211541,12.5,3.0,67812.0,192800.0,785.0,2.84,13.9,True
55125,WI,Vilas,30.52494436,12.3,9.0,63356.0,255700.0,766.0,4.04,14.5,False
55127,WI,Walworth,32.31722742,10.5,4.0,73723.0,254300.0,1034.0,3.45,16.8,False
55129,WI,Washburn,23.55072464,10.8,8.0,59221.0,196900.0,805.0,3.32,16.3,False
55131,WI,Washington,34.78841371,6.0,1.0,90313.0,293300.0,1073.0,3.25,14.3,True
55133,WI,Waukesha,47.9367623,5.5,1.0,99525.0,352600.0,1235.0,3.54,14.9,True
55135,WI,Waupaca,20.1920017,12.1,6.0,65960.0,178500.0,817.0,2.71,14.9,False
55137,WI,Waushara,17.35967288,10.5,8.0,55982.0,174800.0,779.0,3.12,16.7,False
55139,WI,Winnebago,31.04221975,10.3,3.0,69887.0,190600.0,880.0,2.73,15.1,True
55141,WI,Wood,21.42358029,9.8,4.0,64408.0,156600.0,830.0,2.43,15.5,False
56001,WY,Albany,55.50982226,16.7,4.0,53537.0,291500.0,927.0,5.44,20.8,False
56003,WY,Big Horn,20.88811709,12.6,9.0,59702.0,179800.0,785.0,3.01,15.8,False
56005,WY,Campbell,22.21320258,8.5,5.0,89870.0,247800.0,924.0,2.76,12.3,False
56007,WY,Carbon,22.79252704,11.4,7.0,66225.0,212800.0,825.0,3.21,14.9,False
56009,WY,Converse,22.87609222,10.4,6.0,78015.0,251700.0,928.0,3.23,14.3,False
56011,WY,Crook,23.99686827,7.1,9.0,70196.0,270600.0,778.0,3.85,13.3,False
56013,WY,Fremont,25.25450569,13.5,7.0,55125.0,236700.0,819.0,4.29,17.8,False
56015,WY,Goshen,24.6105919,14.4,7.0,58720.0,217200.0,736.0,3.7,15.0,False
56017,WY,Hot Springs,26.38221154,11.1,9.0,64734.0,191200.0,824.0,2.95,15.3,False
56019,WY,Johnson,30.31408629,8.4,9.0,70067.0,296200.0,932.0,4.23,16.0,False
56021,WY,Laramie,32.04091997,9.6,3.0,71956.0,295800.0,1043.0,4.11,17.4,True
56023,WY,Lincoln,24.12067697,7.0,9.0,93044.0,325500.0,818.0,3.5,10.5,False
56025,WY,Natrona,27.370143,10.5,3.0,70142.0,247600.0,945.0,3.53,16.2,True
56027,WY,Niobrara,19.58224543,15.8,9.0,54573.0,195600.0,951.0,3.58,20.9,False
56029,WY,Park,34.95593596,9.7,7.0,69802.0,329500.0,877.0,4.72,15.1,False
56031,WY,Platte,19.51256664,11.0,8.0,61185.0,237100.0,788.0,3.88,15.5,False
56033,WY,Sheridan,33.37504469,9.4,7.0,70224.0,342400.0,919.0,4.88,15.7,False
56035,WY,Sublette,31.08898372,7.6,9.0,85649.0,339400.0,985.0,3.96,13.8,False
56037,WY,Sweetwater,20.37579042,10.0,5.0,75779.0,240300.0,899.0,3.17,14.2,False
56039,WY,Teton,61.21971596,6.2,7.0,127677.0,1137500.0,1511.0,8.91,14.2,False
56041,WY,Uinta,21.31919026,10.3,7.0,73072.0,224800.0,790.0,3.08,13.0,False
56043,WY,Washakie,22.03235775,12.3,9.0,60699.0,194000.0,689.0,3.2,13.6,False
56045,WY,Weston,18.04347826,11.4,9.0,67677.0,208900.0,767.0,3.09,13.6,False
