FIPS,State,County,pct_bachelors_or_higher,poverty_rate,rucc_code
01001,AL,Autauga,28.28267962,11.7,2.0
01003,AL,Baldwin,32.79763704,10.0,3.0
01005,AL,Barbour,11.46471523,25.5,6.0
01007,AL,Bibb,11.46820664,19.4,1.0
01009,AL,Blount,15.57902954,12.8,1.0
01011,AL,Bullock,8.999728924,33.6,8.0
01013,AL,Butler,13.76481313,23.6,6.0
01015,AL,Calhoun,20.54510537,20.1,3.0
01017,AL,Chambers,14.58503512,17.1,6.0
01019,AL,Cherokee,15.94503914,15.6,8.0
01021,AL,Chilton,15.24701597,15.3,1.0
01023,AL,Choctaw,13.91420316,24.8,9.0
01025,AL,Clarke,15.42653138,19.0,9.0
01027,AL,Clay,15.23540306,16.9,9.0
01029,AL,Cleburne,18.21195102,15.8,8.0
01031,AL,Coffee,21.52883156,16.5,4.0
01033,AL,Colbert,20.27185319,15.4,3.0
01035,AL,Conecuh,13.12907592,26.5,9.0
01037,AL,Coosa,14.87082546,18.2,8.0
01039,AL,Covington,17.17751994,16.7,6.0
01041,AL,Crenshaw,16.80579965,19.5,8.0
01043,AL,Cullman,19.08653846,15.5,4.0
01045,AL,Dale,19.32785528,16.6,4.0
01047,AL,Dallas,17.00709609,31.4,4.0
01049,AL,DeKalb,13.88040607,21.6,6.0
01051,AL,Elmore,24.39434072,12.5,2.0
01053,AL,Escambia,12.49068591,21.3,6.0
01055,AL,Etowah,17.47691884,19.6,3.0
01057,AL,Fayette,15.59714795,16.2,8.0
01059,AL,Franklin,14.88939308,22.5,6.0
01061,AL,Geneva,13.3164637,19.2,3.0
01063,AL,Greene,12.47629882,31.0,2.0
01065,AL,Hale,16.77367576,23.0,2.0
01067,AL,Henry,21.67898129,16.4,3.0
01069,AL,Houston,22.7681568,16.5,3.0
01071,AL,Jackson,15.55027712,16.0,6.0
01073,AL,Jefferson,35.93676101,16.0,1.0
01075,AL,Lamar,11.5916955,16.4,8.0
01077,AL,Lauderdale,27.08413547,13.6,3.0
01079,AL,Lawrence,15.6201882,14.2,3.0
01081,AL,Lee,41.33333333,17.9,3.0
01083,AL,Limestone,30.3913009,8.6,2.0
01085,AL,Lowndes,13.87341049,29.4,2.0
01087,AL,Macon,20.73578595,28.8,3.0
01089,AL,Madison,45.69029091,10.5,2.0
01091,AL,Marengo,20.41447572,23.5,6.0
01093,AL,Marion,12.83187973,19.0,9.0
01095,AL,Marshall,21.32640991,16.5,4.0
01097,AL,Mobile,25.15022409,16.3,2.0
01099,AL,Monroe,11.357915,19.1,8.0
01101,AL,Montgomery,34.27402754,18.3,2.0
01103,AL,Morgan,23.24045456,12.0,3.0
01105,AL,Perry,16.84897333,33.8,8.0
01107,AL,Pickens,13.7452248,21.5,2.0
01109,AL,Pike,27.3150062,23.8,6.0
01111,AL,Randolph,20.51625239,15.9,8.0
01113,AL,Russell,16.8519953,18.9,2.0
01115,AL,St. Clair,19.94308097,10.8,1.0
01117,AL,Shelby,46.19852639,8.4,1.0
01119,AL,Sumter,19.02822637,33.5,8.0
01121,AL,Talladega,16.82385049,17.0,4.0
01123,AL,Tallapoosa,18.72500588,15.1,6.0
01125,AL,Tuscaloosa,31.377681,19.2,2.0
01127,AL,Walker,16.00240604,17.5,1.0
01129,AL,Washington,16.20413485,18.7,8.0
01131,AL,Wilcox,12.33588227,32.7,9.0
01133,AL,Winston,13.37202486,16.6,8.0
02013,AK,Aleutians East,18.14345992,18.0,9.0
02016,AK,Aleutians West,17.52104055,10.0,9.0
02020,AK,Anchorage,37.67890075,8.9,2.0
02050,AK,Bethel,10.39190649,29.3,7.0
02060,AK,Bristol Bay,25.14367816,11.7,9.0
02068,AK,Denali,23.63199038,7.8,9.0
02070,AK,Dillingham,19.35033182,23.4,9.0
02090,AK,Fairbanks North Star,33.70856275,7.6,3.0
02100,AK,Haines,36.93864643,10.0,9.0
02105,AK,Hoonah-Angoon,23.29545455,17.2,9.0
02110,AK,Juneau,40.45768189,9.1,5.0
02122,AK,Kenai Peninsula,29.39084142,11.5,7.0
02130,AK,Ketchikan Gateway,26.97045568,9.3,7.0
02150,AK,Kodiak Island,28.60690634,8.5,7.0
02164,AK,Lake and Peninsula,18.40490798,20.4,9.0
02170,AK,Matanuska-Susitna,24.28031961,9.7,2.0
02180,AK,Nome,17.45087435,20.7,9.0
02185,AK,North Slope,14.92741715,12.0,9.0
02188,AK,Northwest Arctic,12.38981391,19.1,9.0
02195,AK,Petersburg,27.45336577,8.4,9.0
02198,AK,Prince of Wales-Hyder,16.98389458,15.7,9.0
02220,AK,Sitka,34.37141452,9.3,7.0
02230,AK,Skagway,27.74566474,5.9,9.0
02240,AK,Southeast Fairbanks,19.57637997,12.2,9.0
02275,AK,Wrangell,18.87788779,11.7,9.0
02282,AK,Yakutat,14.8241206,15.3,9.0
02290,AK,Yukon-Koyukuk,12.79103191,21.9,8.0
04001,AZ,Apache,15.26852353,29.6,8.0
04003,AZ,Cochise,27.65771519,16.3,3.0
04005,AZ,Coconino,39.61938901,17.8,3.0
04007,AZ,Gila,18.847189,17.7,4.0
04009,AZ,Graham,14.5913219,17.3,7.0
04011,AZ,Greenlee,20.4145937,9.7,9.0
04012,AZ,La Paz,13.85510312,18.7,6.0
04013,AZ,Maricopa,35.8580058,11.1,1.0
04015,AZ,Mohave,14.88545564,16.8,3.0
04017,AZ,Navajo,17.63149466,24.7,4.0
04019,AZ,Pima,35.87062743,14.0,1.0
04021,AZ,Pinal,22.15021581,11.8,1.0
04023,AZ,Santa Cruz,24.06951855,20.1,6.0
04025,AZ,Yavapai,29.60225254,12.8,3.0
04027,AZ,Yuma,16.67198836,15.9,3.0
05001,AR,Arkansas,15.32646048,16.8,6.0
05003,AR,Ashley,12.17811159,18.4,7.0
05005,AR,Baxter,18.74863949,16.0,7.0
05007,AR,Benton,36.60753299,7.8,2.0
05009,AR,Boone,16.31032146,14.9,7.0
05011,AR,Bradley,15.76745528,23.2,7.0
05013,AR,Calhoun,18.10395747,14.3,9.0
05015,AR,Carroll,21.11782923,14.8,6.0
05017,AR,Chicot,17.22803497,29.7,9.0
05019,AR,Clark,25.49082976,18.9,7.0
05021,AR,Clay,15.62134788,17.5,9.0
05023,AR,Cleburne,18.26979629,13.5,6.0
05025,AR,Cleveland,16.2479062,15.7,8.0
05027,AR,Columbia,20.38193951,23.3,7.0
05029,AR,Conway,18.16560335,17.1,6.0
05031,AR,Craighead,27.76662204,16.1,3.0
05033,AR,Crawford,19.30261218,13.3,3.0
05035,AR,Crittenden,17.19515,20.6,1.0
05037,AR,Cross,14.83420593,19.1,6.0
05039,AR,Dallas,11.13285497,19.6,8.0
05041,AR,Desha,13.03478609,25.0,9.0
05043,AR,Drew,23.33150985,20.6,7.0
05045,AR,Faulkner,33.19694073,12.9,2.0
05047,AR,Franklin,13.16137566,19.0,8.0
05049,AR,Fulton,15.72130415,17.5,9.0
05051,AR,Garland,26.24650321,18.9,3.0
05053,AR,Grant,20.93059813,11.1,2.0
05055,AR,Greene,16.48897,16.2,4.0
05057,AR,Hempstead,14.59561602,16.6,6.0
05059,AR,Hot Spring,15.78442814,16.9,6.0
05061,AR,Howard,16.67855445,17.8,8.0
05063,AR,Independence,16.87103261,13.5,7.0
05065,AR,Izard,18.71016836,20.3,9.0
05067,AR,Jackson,13.2559305,24.6,6.0
05069,AR,Jefferson,20.64117111,24.3,4.0
05071,AR,Johnson,18.07736721,17.1,7.0
05073,AR,Lafayette,9.210233593,22.8,8.0
05075,AR,Lawrence,14.03733529,18.3,6.0
05077,AR,Lee,6.865177833,38.7,8.0
05079,AR,Lincoln,10.87644118,26.2,9.0
05081,AR,Little River,17.44117299,17.7,3.0
05083,AR,Logan,15.54898093,16.6,8.0
05085,AR,Lonoke,20.99421137,9.6,2.0
05087,AR,Madison,12.83851555,14.8,2.0
05089,AR,Marion,15.43897381,17.4,9.0
05091,AR,Miller,16.04724464,21.5,3.0
05093,AR,Mississippi,14.17826976,24.9,4.0
05095,AR,Monroe,15.63820795,26.3,9.0
05097,AR,Montgomery,16.84598832,18.8,8.0
05099,AR,Nevada,11.67023555,23.2,9.0
05101,AR,Newton,14.25291754,18.8,9.0
05103,AR,Ouachita,15.09482153,18.8,7.0
05105,AR,Perry,17.13180437,14.1,2.0
05107,AR,Phillips,14.53220859,34.2,7.0
05109,AR,Pike,19.56000564,18.2,9.0
05111,AR,Poinsett,11.92494338,19.1,3.0
05113,AR,Polk,17.20191953,18.8,7.0
05115,AR,Pope,24.63614458,13.5,5.0
05117,AR,Prairie,16.70600135,15.4,8.0
05119,AR,Pulaski,37.36105309,15.7,2.0
05121,AR,Randolph,14.47914221,18.5,7.0
05123,AR,St. Francis,12.90342563,34.3,6.0
05125,AR,Saline,28.49960398,9.3,2.0
05127,AR,Scott,10.82802548,19.5,8.0
05129,AR,Searcy,13.68861024,20.2,9.0
05131,AR,Sebastian,24.38304814,12.8,3.0
05133,AR,Sevier,10.92936028,18.7,6.0
05135,AR,Sharp,11.9284762,19.7,9.0
05137,AR,Stone,15.38293217,17.7,9.0
05139,AR,Union,18.91933145,19.0,7.0
05141,AR,Van Buren,15.78061911,16.5,8.0
05143,AR,Washington,34.61428867,13.5,2.0
05145,AR,White,19.80297113,15.7,4.0
05147,AR,Woodruff,15.89085072,24.4,9.0
05149,AR,Yell,14.31790101,16.5,9.0
06001,CA,Alameda,51.4693647,9.5,1.0
06003,CA,Alpine,42.10526316,15.6,8.0
06005,CA,Amador,22.44339158,11.7,6.0
06007,CA,Butte,31.72056427,19.9,3.0
06009,CA,Calaveras,22.18580154,12.2,6.0
06011,CA,Colusa,14.52397996,12.3,6.0
06013,CA,Contra Costa,44.91015897,8.3,1.0
06015,CA,Del Norte,20.97416008,13.8,7.0
06017,CA,El Dorado,38.82410175,7.0,1.0
06019,CA,Fresno,23.85449591,17.7,1.0
06021,CA,Glenn,16.48233652,13.5,6.0
06023,CA,Humboldt,32.08513824,16.7,5.0
06025,CA,Imperial,16.10026948,17.3,3.0
06027,CA,Inyo,31.81981723,11.8,6.0
06029,CA,Kern,18.57357599,19.0,2.0
06031,CA,Kings,13.91909571,17.5,3.0
06033,CA,Lake,17.74394605,17.6,4.0
06035,CA,Lassen,13.212724,17.1,7.0
06037,CA,Los Angeles,35.47099242,13.7,1.0
06039,CA,Madera,17.12878493,18.0,1.0
06041,CA,Marin,60.45916621,8.7,1.0
06043,CA,Mariposa,30.86170848,17.3,8.0
06045,CA,Mendocino,24.92368578,13.9,4.0
06047,CA,Merced,14.78021529,18.6,2.0
06049,CA,Modoc,23.00403852,20.1,8.0
06051,CA,Mono,34.32124352,7.8,7.0
06053,CA,Monterey,27.88372709,14.0,2.0
06055,CA,Napa,38.51712542,8.9,3.0
06057,CA,Nevada,39.46003256,10.9,4.0
06059,CA,Orange,43.40103767,9.2,1.0
06061,CA,Placer,42.89064399,6.5,1.0
06063,CA,Plumas,20.46291426,12.7,9.0
06065,CA,Riverside,25.08401769,11.3,1.0
06067,CA,Sacramento,33.28378227,11.9,1.0
06069,CA,San Benito,22.38665132,9.1,1.0
06071,CA,San Bernardino,22.90144034,13.2,1.0
06073,CA,San Diego,42.08987125,10.1,1.0
06075,CA,San Francisco,60.12076421,11.9,1.0
06077,CA,San Joaquin,21.57295804,12.6,2.0
06079,CA,San Luis Obispo,39.20140039,12.8,2.0
06081,CA,San Mateo,53.07123407,7.3,1.0
06083,CA,Santa Barbara,35.86993995,14.9,2.0
06085,CA,Santa Clara,55.86562705,7.6,1.0
06087,CA,Santa Cruz,43.55796468,12.6,2.0
06089,CA,Shasta,23.26668579,13.2,3.0
06091,CA,Sierra,24.4047619,12.6,8.0
06093,CA,Siskiyou,23.08361557,17.1,7.0
06095,CA,Solano,28.36704144,10.3,2.0
06097,CA,Sonoma,37.84693852,9.1,2.0
06099,CA,Stanislaus,19.1369457,12.6,2.0
06101,CA,Sutter,20.20745235,15.3,3.0
06103,CA,Tehama,18.84319224,15.0,4.0
06105,CA,Trinity,18.04651919,20.8,8.0
06107,CA,Tulare,15.83949091,17.5,2.0
06109,CA,Tuolumne,23.9444683,10.5,4.0
06111,CA,Ventura,35.6657604,9.8,2.0
06113,CA,Yolo,44.08385081,15.3,1.0
06115,CA,Yuba,17.89640712,15.4,3.0
08001,CO,Adams,28.02254992,9.7,1.0
08003,CO,Alamosa,29.30637574,21.7,7.0
08005,CO,Arapahoe,45.74243117,10.1,1.0
08007,CO,Archuleta,40.71008094,11.2,7.0
08009,CO,Baca,24.07704655,20.2,9.0
08011,CO,Bent,14.17359187,28.6,9.0
08013,CO,Boulder,63.90899548,11.0,2.0
08014,CO,Broomfield,58.64371179,5.1,1.0
08015,CO,Chaffee,45.42469214,9.4,6.0
08017,CO,Cheyenne,24.39613527,13.3,9.0
08019,CO,Clear Creek,56.26255861,7.7,1.0
08021,CO,Conejos,23.27979377,18.1,9.0
08023,CO,Costilla,27.84810127,22.6,9.0
08025,CO,Crowley,12.65613952,37.5,8.0
08027,CO,Custer,35.26785714,11.8,8.0
08029,CO,Delta,25.6812195,12.9,6.0
08031,CO,Denver,55.64666503,10.5,1.0
08033,CO,Dolores,24.70767666,13.5,9.0
08035,CO,Douglas,60.93381556,3.7,1.0
08037,CO,Eagle,50.26926834,6.6,5.0
08039,CO,Elbert,35.17234346,5.8,1.0
08041,CO,El Paso,41.12205226,7.3,2.0
08043,CO,Fremont,21.03674404,18.4,4.0
08045,CO,Garfield,33.4088936,9.1,5.0
08047,CO,Gilpin,48.37764287,7.2,1.0
08049,CO,Grand,41.78009618,8.2,9.0
08051,CO,Gunnison,59.26542777,10.7,7.0
08053,CO,Hinsdale,47.05128205,5.3,9.0
08055,CO,Huerfano,27.0612708,18.3,8.0
08057,CO,Jackson,27.53888381,13.3,9.0
08059,CO,Jefferson,50.74602398,7.4,1.0
08061,CO,Kiowa,20.63492063,13.6,9.0
08063,CO,Kit Carson,18.43610935,12.3,9.0
08065,CO,Lake,46.07824244,11.4,9.0
08067,CO,La Plata,47.25968717,11.5,6.0
08069,CO,Larimer,51.73804084,10.2,2.0
08071,CO,Las Animas,17.26598441,17.1,7.0
08073,CO,Lincoln,25.71564885,14.8,8.0
08075,CO,Logan,18.90750759,14.0,6.0
08077,CO,Mesa,30.62717676,11.9,3.0
08079,CO,Mineral,54.53216374,9.7,9.0
08081,CO,Moffat,21.00496963,10.8,7.0
08083,CO,Montezuma,30.81438004,14.0,6.0
08085,CO,Montrose,28.26628352,10.7,5.0
08087,CO,Morgan,17.56522652,12.5,6.0
08089,CO,Otero,18.80206267,20.1,6.0
08091,CO,Ouray,53.96270396,7.4,9.0
08093,CO,Park,38.82613817,8.1,1.0
08095,CO,Phillips,25.6546238,12.1,9.0
08097,CO,Pitkin,63.96954542,6.4,7.0
08099,CO,Prowers,18.83905013,20.1,7.0
08101,CO,Pueblo,25.01743879,13.5,3.0
08103,CO,Rio Blanco,26.58986175,10.8,9.0
08105,CO,Rio Grande,31.10735418,17.8,9.0
08107,CO,Routt,52.12259157,5.6,7.0
08109,CO,Saguache,30.71146245,20.6,9.0
08111,CO,San Juan,47.22719141,12.3,9.0
08113,CO,San Miguel,65.20638937,7.9,9.0
08115,CO,Sedgwick,27.3989137,14.7,9.0
08117,CO,Summit,52.46638638,7.3,5.0
08119,CO,Teller,37.82983719,8.3,2.0
08121,CO,Washington,24.88276671,14.2,9.0
08123,CO,Weld,31.95622435,9.1,2.0
08125,CO,Yuma,25.968523,12.7,9.0
10001,DE,Kent,26.73821258,11.7,3.0
10003,DE,New Castle,39.2211129,10.9,1.0
10005,DE,Sussex,32.5661846,10.1,4.0
11001,DC,District of Columbia,63.56362225,15.2,1.0
12001,FL,Alachua,47.66993398,18.5,2.0
12003,FL,Baker,15.33558108,12.5,1.0
12005,FL,Bay,28.04132925,11.8,3.0
12007,FL,Bradford,14.99431846,15.4,6.0
12009,FL,Brevard,33.53988572,10.3,2.0
12011,FL,Broward,35.79891533,12.7,1.0
12013,FL,Calhoun,13.10074402,22.9,8.0
12015,FL,Charlotte,25.31037541,9.1,3.0
12017,FL,Citrus,20.40040387,15.7,3.0
12019,FL,Clay,28.69454156,7.9,1.0
12021,FL,Collier,39.54141632,10.5,2.0
12023,FL,Columbia,16.34514063,17.0,4.0
12027,FL,DeSoto,10.97870678,18.8,6.0
12029,FL,Dixie,8.086400499,23.7,8.0
12031,FL,Duval,33.0908046,14.5,1.0
12033,FL,Escambia,28.92978714,14.0,2.0
12035,FL,Flagler,30.43925075,8.9,2.0
12037,FL,Franklin,25.28503683,16.6,8.0
12039,FL,Gadsden,20.08236909,21.5,2.0
12041,FL,Gilchrist,14.52152746,13.5,2.0
12043,FL,Glades,12.70983213,16.9,8.0
12045,FL,Gulf,24.48735475,14.9,8.0
12047,FL,Hamilton,11.20592166,21.9,8.0
12049,FL,Hardee,12.25428691,20.5,6.0
12051,FL,Hendry,10.72913885,22.1,4.0
12053,FL,Hernando,20.43796104,12.1,1.0
12055,FL,Highlands,19.72793341,18.6,3.0
12057,FL,Hillsborough,37.15522282,13.2,1.0
12059,FL,Holmes,12.05115593,18.2,8.0
12061,FL,Indian River,33.43323084,11.3,3.0
12063,FL,Jackson,14.6448432,20.6,6.0
12065,FL,Jefferson,18.84296012,23.5,2.0
12067,FL,Lafayette,7.899216888,18.9,9.0
12069,FL,Lake,26.78251197,10.7,1.0
12071,FL,Lee,30.75932003,12.1,2.0
12073,FL,Leon,48.58254115,17.6,2.0
12075,FL,Levy,16.17534515,18.3,2.0
12077,FL,Liberty,15.76363636,20.8,8.0
12079,FL,Madison,12.49816742,19.8,8.0
12081,FL,Manatee,34.34397545,10.4,2.0
12083,FL,Marion,22.37578412,15.0,2.0
12085,FL,Martin,36.63733284,13.1,2.0
12086,FL,Miami-Dade,33.20621452,14.1,1.0
12087,FL,Monroe,37.80058606,10.0,4.0
12089,FL,Nassau,34.51724726,9.5,1.0
12091,FL,Okaloosa,34.22132535,10.1,2.0
12093,FL,Okeechobee,16.10202017,17.0,4.0
12095,FL,Orange,38.40842509,12.4,1.0
12097,FL,Osceola,28.25542831,10.9,1.0
12099,FL,Palm Beach,39.55163728,10.8,1.0
12101,FL,Pasco,28.03698255,10.5,1.0
12103,FL,Pinellas,35.84493698,11.3,1.0
12105,FL,Polk,22.64090849,13.0,2.0
12107,FL,Putnam,14.09466765,21.1,4.0
12109,FL,St. Johns,48.61000225,6.1,1.0
12111,FL,St. Lucie,25.36970471,10.4,2.0
12113,FL,Santa Rosa,30.97987559,8.1,2.0
12115,FL,Sarasota,39.65769602,9.5,2.0
12117,FL,Seminole,42.38489098,9.2,1.0
12119,FL,Sumter,35.06630914,9.7,3.0
12121,FL,Suwannee,16.43273179,17.3,6.0
12123,FL,Taylor,15.05974059,19.7,6.0
12125,FL,Union,10.00089373,19.4,8.0
12127,FL,Volusia,27.18496115,11.9,2.0
12129,FL,Wakulla,21.27617228,10.4,2.0
12131,FL,Walton,34.22987484,10.9,2.0
12133,FL,Washington,12.48585439,16.8,3.0
13001,GA,Appling,9.948709599,21.1,7.0
13003,GA,Atkinson,9.815390239,22.4,9.0
13005,GA,Bacon,11.02373068,22.9,9.0
13007,GA,Baker,16.87804878,26.2,8.0
13009,GA,Baldwin,24.12839362,21.4,4.0
13011,GA,Banks,17.34147629,12.2,8.0
13013,GA,Barrow,21.02218604,11.2,1.0
13015,GA,Bartow,22.93848689,9.7,1.0
13017,GA,Ben Hill,12.10797589,24.4,7.0
13019,GA,Berrien,12.79778393,18.8,8.0
13021,GA,Bibb,25.98713173,22.1,3.0
13023,GA,Bleckley,18.28543112,18.2,6.0
13025,GA,Brantley,10.89799477,17.8,3.0
13027,GA,Brooks,13.56626296,22.8,3.0
13029,GA,Bryan,34.63673831,8.2,2.0
13031,GA,Bulloch,30.80114078,23.7,4.0
13033,GA,Burke,14.26007819,21.2,2.0
13035,GA,Butts,13.90271926,15.5,1.0
13037,GA,Calhoun,12.14353612,35.5,8.0
13039,GA,Camden,22.43317718,11.6,4.0
13043,GA,Candler,13.63573883,21.5,9.0
13045,GA,Carroll,22.43089962,14.3,1.0
13047,GA,Catoosa,24.47093827,10.7,2.0
13049,GA,Charlton,11.39710145,26.2,8.0
13051,GA,Chatham,36.75391491,15.2,2.0
13053,GA,Chattahoochee,27.58053139,16.3,2.0
13055,GA,Chattooga,10.72692,20.7,6.0
13057,GA,Cherokee,39.45306891,6.6,1.0
13059,GA,Clarke,48.67085028,24.1,3.0
13061,GA,Clay,22.55600815,26.4,9.0
13063,GA,Clayton,21.34284805,17.3,1.0
13065,GA,Clinch,13.02016302,23.3,8.0
13067,GA,Cobb,50.38274926,8.8,1.0
13069,GA,Coffee,13.50843625,22.5,7.0
13071,GA,Colquitt,15.69647948,23.4,6.0
13073,GA,Columbia,37.83581741,6.8,2.0
13075,GA,Cook,16.74859551,19.9,6.0
13077,GA,Coweta,34.65822785,9.9,1.0
13079,GA,Crawford,14.01028278,15.8,3.0
13081,GA,Crisp,15.51487083,26.0,6.0
13083,GA,Dade,19.00884336,14.1,2.0
13085,GA,Dawson,35.7547581,8.0,1.0
13087,GA,Decatur,14.63666391,22.3,6.0
13089,GA,DeKalb,46.74763068,13.3,1.0
13091,GA,Dodge,15.23603654,23.5,7.0
13093,GA,Dooly,13.38407494,22.5,8.0
13095,GA,Dougherty,23.23826879,26.4,3.0
13097,GA,Douglas,30.80470153,11.9,1.0
13099,GA,Early,16.10508281,25.5,8.0
13101,GA,Echols,14.40972222,21.6,3.0
13103,GA,Effingham,26.79779986,8.5,2.0
13105,GA,Elbert,14.85955257,18.0,6.0
13107,GA,Emanuel,12.84211901,26.1,7.0
13109,GA,Evans,15.09272468,23.7,8.0
13111,GA,Fannin,22.59774023,13.9,8.0
13113,GA,Fayette,48.09078418,5.8,1.0
13115,GA,Floyd,24.9461256,17.0,3.0
13117,GA,Forsyth,56.6030472,5.1,1.0
13119,GA,Franklin,16.92659983,16.9,8.0
13121,GA,Fulton,57.99513888,13.0,1.0
13123,GA,Gilmer,22.73276904,13.6,6.0
13125,GA,Glascock,14.86005089,15.7,9.0
13127,GA,Glynn,30.44181746,15.7,3.0
13129,GA,Gordon,17.65194622,12.9,4.0
13131,GA,Grady,15.29438431,19.7,6.0
13133,GA,Greene,36.42420496,14.1,8.0
13135,GA,Gwinnett,38.72829859,11.4,1.0
13137,GA,Habersham,24.24563591,13.5,6.0
13139,GA,Hall,26.73172557,11.0,3.0
13141,GA,Hancock,8.364903773,30.3,9.0
13143,GA,Haralson,17.42503074,16.3,1.0
13145,GA,Harris,34.65207632,8.6,2.0
13147,GA,Hart,18.08362189,14.9,6.0
13149,GA,Heard,11.36591479,16.5,1.0
13151,GA,Henry,28.03661916,10.3,1.0
13153,GA,Houston,32.25738934,12.8,3.0
13155,GA,Irwin,16.62781663,19.4,9.0
13157,GA,Jackson,27.30871198,8.3,4.0
13159,GA,Jasper,19.85210466,14.8,1.0
13161,GA,Jeff Davis,11.45768351,19.7,9.0
13163,GA,Jefferson,11.18389822,22.5,8.0
13165,GA,Jenkins,7.817243473,28.9,9.0
13167,GA,Johnson,9.120187381,26.2,9.0
13169,GA,Jones,18.40487707,12.7,3.0
13171,GA,Lamar,19.51504756,14.2,6.0
13173,GA,Lanier,19.05826255,17.5,3.0
13175,GA,Laurens,17.81335252,19.2,4.0
13177,GA,Lee,33.50669674,9.0,3.0
13179,GA,Liberty,19.88305607,16.2,3.0
13181,GA,Lincoln,16.14906832,15.1,2.0
13183,GA,Long,12.82307972,15.1,3.0
13185,GA,Lowndes,27.12481719,19.5,3.0
13187,GA,Lumpkin,31.49473684,15.1,1.0
13189,GA,McDuffie,17.84209811,19.1,2.0
13191,GA,McIntosh,18.63389216,18.7,3.0
13193,GA,Macon,10.99735419,31.6,8.0
13195,GA,Madison,20.18357216,13.0,3.0
13197,GA,Marion,13.62886976,24.2,2.0
13199,GA,Meriwether,13.03699688,15.9,1.0
13201,GA,Miller,21.91304348,21.1,9.0
13205,GA,Mitchell,12.85980534,23.8,6.0
13207,GA,Monroe,28.6825161,11.7,3.0
13209,GA,Montgomery,20.23292195,20.7,9.0
13211,GA,Morgan,30.13503427,11.2,1.0
13213,GA,Murray,13.67259576,14.4,3.0
13215,GA,Muscogee,29.73829528,20.7,2.0
13217,GA,Newton,23.57639028,11.8,1.0
13219,GA,Oconee,54.8601386,7.5,3.0
13221,GA,Oglethorpe,24.54910756,13.1,3.0
13223,GA,Paulding,27.4257012,7.7,1.0
13225,GA,Peach,24.31665666,17.3,3.0
13227,GA,Pickens,24.88170347,10.1,1.0
13229,GA,Pierce,18.25337888,16.2,8.0
13231,GA,Pike,21.41515812,11.2,1.0
13233,GA,Polk,14.46935311,17.3,4.0
13235,GA,Pulaski,12.00105042,23.0,8.0
13237,GA,Putnam,28.27740222,15.6,8.0
13239,GA,Quitman,8.952380952,23.7,8.0
13241,GA,Rabun,29.9355328,13.0,9.0
13243,GA,Randolph,15.01296253,26.7,8.0
13245,GA,Richmond,24.06032159,22.2,2.0
13247,GA,Rockdale,29.10319352,13.0,1.0
13249,GA,Schley,19.03545193,15.3,8.0
13251,GA,Screven,14.74420387,22.5,8.0
13253,GA,Seminole,15.81526582,22.3,8.0
13255,GA,Spalding,17.86704192,16.3,1.0
13257,GA,Stephens,14.87913763,15.6,7.0
13259,GA,Stewart,12.32634504,32.5,2.0
13261,GA,Sumter,21.28132798,26.3,6.0
13263,GA,Talbot,15.04687857,27.3,2.0
13265,GA,Taliaferro,9.92248062,24.5,8.0
13267,GA,Tattnall,14.64289916,25.7,8.0
13269,GA,Taylor,18.1492751,26.6,8.0
13271,GA,Telfair,10.0738271,30.1,9.0
13273,GA,Terrell,11.53036437,28.1,3.0
13275,GA,Thomas,23.63782051,18.4,4.0
13277,GA,Tift,20.19230769,19.2,5.0
13279,GA,Toombs,19.4735007,22.8,7.0
13281,GA,Towns,32.84589426,11.6,9.0
13283,GA,Treutlen,12.82173499,24.0,9.0
13285,GA,Troup,22.47357249,18.1,4.0
13287,GA,Turner,11.08382449,23.9,9.0
13289,GA,Twiggs,10.91091091,21.3,3.0
13291,GA,Union,25.71711667,10.7,8.0
13293,GA,Upson,14.83004529,17.5,6.0
13295,GA,Walker,20.07232152,15.1,2.0
13297,GA,Walton,24.92196168,10.1,1.0
13299,GA,Ware,15.01525019,19.9,5.0
13301,GA,Warren,12.67379679,24.2,8.0
13303,GA,Washington,17.47288813,21.6,7.0
13305,GA,Wayne,14.01081502,19.7,6.0
13307,GA,Webster,11.33603239,20.7,8.0
13309,GA,Wheeler,12.21166893,36.3,9.0
13311,GA,White,24.27324139,10.8,8.0
13313,GA,Whitfield,19.34722243,15.5,3.0
13315,GA,Wilcox,14.07942238,28.4,9.0
13317,GA,Wilkes,15.74624752,17.8,8.0
13319,GA,Wilkinson,12.68680962,20.6,8.0
13321,GA,Worth,11.29343629,21.4,3.0
15001,HI,Hawaii,30.90440361,16.5,5.0
15003,HI,Honolulu,37.72299534,9.1,1.0
15005,HI,Kalawao,32.55813953,,3.0
15007,HI,Kauai,30.23588816,9.4,5.0
15009,HI,Maui,30.07366421,9.4,3.0
16001,ID,Ada,43.900882,8.0,2.0
16003,ID,Adams,21.30325815,12.2,9.0
16005,ID,Bannock,30.20585278,11.9,3.0
16007,ID,Bear Lake,20.33224146,10.1,9.0
16009,ID,Benewah,19.80464326,13.0,8.0
16011,ID,Bingham,20.78720787,11.1,6.0
16013,ID,Blaine,45.52859135,6.9,7.0
16015,ID,Boise,29.94979605,10.1,2.0
16017,ID,Bonner,28.93056341,10.5,6.0
16019,ID,Bonneville,32.21352496,10.2,3.0
16021,ID,Boundary,19.57587504,11.5,9.0
16023,ID,Butte,13.81838691,14.6,3.0
16025,ID,Camas,27.40841248,8.2,9.0
16027,ID,Canyon,22.83043278,10.1,2.0
16029,ID,Caribou,15.52401747,9.7,8.0
16031,ID,Cassia,20.89871136,11.5,6.0
16033,ID,Clark,17.29957806,15.3,8.0
16035,ID,Clearwater,19.44992948,14.5,8.0
16037,ID,Custer,25.19642373,14.6,8.0
16039,ID,Elmore,21.20277146,11.8,6.0
16041,ID,Franklin,21.47468569,7.1,3.0
16043,ID,Fremont,21.75457481,11.2,8.0
16045,ID,Gem,22.28034972,10.9,2.0
16047,ID,Gooding,17.05028154,12.8,8.0
16049,ID,Idaho,21.99842644,13.7,8.0
16051,ID,Jefferson,27.18099306,7.8,3.0
16053,ID,Jerome,13.36003151,12.3,3.0
16055,ID,Kootenai,28.75957931,9.3,3.0
16057,ID,Latah,44.89985633,14.3,4.0
16059,ID,Lemhi,22.92011932,13.0,9.0
16061,ID,Lewis,19.98494543,13.5,8.0
16063,ID,Lincoln,11.62524993,12.1,8.0
16065,ID,Madison,40.32043464,20.6,4.0
16067,ID,Minidoka,16.83553598,11.2,7.0
16069,ID,Nez Perce,26.75748402,11.0,3.0
16071,ID,Oneida,26.17870096,10.0,8.0
16073,ID,Owyhee,13.67895826,11.8,2.0
16075,ID,Payette,19.63053766,11.2,6.0
16077,ID,Power,16.67332268,12.4,8.0
16079,ID,Shoshone,11.52945965,15.7,8.0
16081,ID,Teton,48.25471698,6.6,9.0
16083,ID,Twin Falls,23.0037959,10.5,3.0
16085,ID,Valley,35.35642411,7.8,9.0
16087,ID,Washington,19.03699816,13.5,6.0
17001,IL,Adams,26.9571378,12.2,5.0
17003,IL,Alexander,12.55617978,25.8,3.0
17005,IL,Bond,21.24079916,13.6,1.0
17007,IL,Boone,23.2352028,10.8,2.0
17009,IL,Brown,15.08037225,13.7,9.0
17011,IL,Bureau,21.41825902,11.4,7.0
17013,IL,Calhoun,18.37320574,9.9,1.0
17015,IL,Carroll,18.15967994,12.9,9.0
17017,IL,Cass,19.97698504,11.6,6.0
17019,IL,Champaign,46.55708869,16.2,3.0
17021,IL,Christian,16.54841488,12.1,6.0
17023,IL,Clark,24.27247451,12.0,8.0
17025,IL,Clay,15.57821653,14.9,9.0
17027,IL,Clinton,24.44562374,7.5,1.0
17029,IL,Coles,27.14431867,17.3,5.0
17031,IL,Cook,41.94868973,13.2,1.0
17033,IL,Crawford,20.63878439,14.2,6.0
17035,IL,Cumberland,18.60240298,11.2,9.0
17037,IL,DeKalb,32.67014839,12.5,1.0
17039,IL,De Witt,21.36968928,10.8,6.0
17041,IL,Douglas,20.19752714,9.0,8.0
17043,IL,DuPage,51.44684929,6.6,1.0
17045,IL,Edgar,20.14511658,13.6,6.0
17047,IL,Edwards,13.91848078,13.9,9.0
17049,IL,Effingham,26.00042167,9.8,7.0
17051,IL,Fayette,16.61483491,17.0,6.0
17053,IL,Ford,19.43846816,11.0,3.0
17055,IL,Franklin,17.12315865,17.9,7.0
17057,IL,Fulton,17.63906617,11.8,6.0
17059,IL,Gallatin,15.30754244,17.5,8.0
17061,IL,Greene,16.33112269,13.8,8.0
17063,IL,Grundy,24.22340848,6.8,1.0
17065,IL,Hamilton,18.49023091,11.3,9.0
17067,IL,Hancock,24.18726651,13.0,9.0
17069,IL,Hardin,12.18120805,19.2,9.0
17071,IL,Henderson,19.23809524,13.2,9.0
17073,IL,Henry,24.34138782,9.6,2.0
17075,IL,Iroquois,16.73104397,12.3,8.0
17077,IL,Jackson,35.05219469,20.7,5.0
17079,IL,Jasper,20.56693884,9.4,9.0
17081,IL,Jefferson,18.37319093,15.4,7.0
17083,IL,Jersey,20.50751252,10.8,1.0
17085,IL,Jo Daviess,28.76108865,8.6,8.0
17087,IL,Johnson,18.81320949,15.2,8.0
17089,IL,Kane,37.4790962,8.4,1.0
17091,IL,Kankakee,20.38269782,11.5,3.0
17093,IL,Kendall,36.44464426,5.1,1.0
17095,IL,Knox,20.29594023,16.3,4.0
17097,IL,Lake,46.95393034,8.2,1.0
17099,IL,LaSalle,18.74676401,11.6,4.0
17101,IL,Lawrence,14.59728507,18.3,9.0
17103,IL,Lee,19.35342072,10.1,6.0
17105,IL,Livingston,18.47113513,11.1,6.0
17107,IL,Logan,19.86832704,14.4,6.0
17109,IL,McDonough,31.80431792,19.9,7.0
17111,IL,McHenry,35.19117119,6.3,1.0
17113,IL,McLean,46.87393559,11.0,3.0
17115,IL,Macon,24.12657118,15.7,3.0
17117,IL,Macoupin,18.77699193,13.0,1.0
17119,IL,Madison,30.78407459,11.1,1.0
17121,IL,Marion,17.28968346,16.0,7.0
17123,IL,Marshall,18.71984939,10.2,2.0
17125,IL,Mason,17.0697774,14.9,8.0
17127,IL,Massac,16.27216005,17.7,3.0
17129,IL,Menard,26.46135967,10.3,3.0
17131,IL,Mercer,18.92934003,9.8,2.0
17133,IL,Monroe,38.23104113,4.9,1.0
17135,IL,Montgomery,18.20273114,14.7,6.0
17137,IL,Morgan,23.25954861,13.9,4.0
17139,IL,Moultrie,18.7847008,11.0,8.0
17141,IL,Ogle,24.04140464,9.2,6.0
17143,IL,Peoria,34.46672503,16.8,2.0
17145,IL,Perry,12.26058718,17.0,7.0
17147,IL,Piatt,31.88344949,6.8,3.0
17149,IL,Pike,18.83816614,15.0,9.0
17151,IL,Pope,16.84687827,16.1,8.0
17153,IL,Pulaski,11.91885038,22.4,8.0
17155,IL,Putnam,24.56437561,8.8,8.0
17157,IL,Randolph,14.21038151,11.8,6.0
17159,IL,Richland,18.86274151,13.1,7.0
17161,IL,Rock Island,24.06398599,14.8,2.0
17163,IL,St. Clair,30.74347719,13.4,1.0
17165,IL,Saline,20.23487962,18.5,7.0
17167,IL,Sangamon,35.11987891,11.9,3.0
17169,IL,Schuyler,18.92863903,13.7,9.0
17171,IL,Scott,22.22545878,11.4,9.0
17173,IL,Shelby,17.59124088,10.6,8.0
17175,IL,Stark,19.27138332,11.3,2.0
17177,IL,Stephenson,21.73220825,12.7,4.0
17179,IL,Tazewell,28.35369502,8.9,2.0
17181,IL,Union,20.89540023,15.9,6.0
17183,IL,Vermilion,16.2329394,19.5,4.0
17185,IL,Wabash,18.70189841,14.4,7.0
17187,IL,Warren,22.03045685,12.1,6.0
17189,IL,Washington,24.40312913,8.7,8.0
17191,IL,Wayne,16.20879121,12.7,9.0
17193,IL,White,14.92355979,14.9,6.0
17195,IL,Whiteside,20.07212777,11.4,4.0
17197,IL,Will,36.45855835,7.2,1.0
17199,IL,Williamson,27.45726718,16.8,5.0
17201,IL,Winnebago,24.59591173,14.7,2.0
17203,IL,Woodford,36.07936998,6.9,2.0
18001,IN,Adams,15.23181881,11.4,6.0
18003,IN,Allen,31.13484038,13.0,2.0
18005,IN,Bartholomew,35.38049781,10.0,3.0
18007,IN,Benton,18.80414473,9.9,3.0
18009,IN,Blackford,13.49196907,15.7,6.0
18011,IN,Boone,50.48679579,4.7,1.0
18013,IN,Brown,25.97994531,9.9,1.0
18015,IN,Carroll,15.47206433,9.2,3.0
18017,IN,Cass,15.64048396,13.1,4.0
18019,IN,Clark,25.46146948,9.4,1.0
18021,IN,Clay,17.00776288,12.6,3.0
18023,IN,Clinton,16.71284339,11.4,6.0
18025,IN,Crawford,11.14493713,17.7,8.0
18027,IN,Daviess,15.11025887,10.6,7.0
18029,IN,Dearborn,26.03731239,7.9,1.0
18031,IN,Decatur,20.07640773,10.6,6.0
18033,IN,DeKalb,20.14079264,11.3,4.0
18035,IN,Delaware,25.69047789,19.4,3.0
18037,IN,Dubois,24.31095406,7.7,5.0
18039,IN,Elkhart,19.73180223,11.7,3.0
18041,IN,Fayette,16.44087538,16.1,6.0
18043,IN,Floyd,31.30816821,10.2,1.0
18045,IN,Fountain,13.67462635,10.6,8.0
18047,IN,Franklin,19.48708349,8.8,1.0
18049,IN,Fulton,16.23998298,11.0,7.0
18051,IN,Gibson,18.98649849,11.0,6.0
18053,IN,Grant,20.38148012,20.0,4.0
18055,IN,Greene,14.63636778,11.9,6.0
18057,IN,Hamilton,61.83441579,4.8,1.0
18059,IN,Hancock,34.19659037,5.7,1.0
18061,IN,Harrison,22.00824332,8.6,1.0
18063,IN,Hendricks,39.58417691,5.6,1.0
18065,IN,Henry,16.69668125,12.7,6.0
18067,IN,Howard,19.97961088,12.7,3.0
18069,IN,Huntington,23.1142114,8.9,6.0
18071,IN,Jackson,20.27441485,10.1,4.0
18073,IN,Jasper,18.08259845,8.7,1.0
18075,IN,Jay,12.68623361,13.4,6.0
18077,IN,Jefferson,18.10274297,12.1,6.0
18079,IN,Jennings,13.62563592,13.4,6.0
18081,IN,Johnson,33.31461081,7.2,1.0
18083,IN,Knox,17.78731128,15.7,7.0
18085,IN,Kosciusko,24.62388645,9.4,4.0
18087,IN,LaGrange,11.09291682,8.4,8.0
18089,IN,Lake,24.89602825,14.3,1.0
18091,IN,LaPorte,21.70821651,14.3,3.0
18093,IN,Lawrence,20.46902323,12.1,6.0
18095,IN,Madison,20.05047154,13.0,1.0
18097,IN,Marion,34.06121356,15.6,1.0
18099,IN,Marshall,20.44948892,10.6,6.0
18101,IN,Martin,13.15444072,13.2,9.0
18103,IN,Miami,16.11274549,15.2,6.0
18105,IN,Monroe,49.12037928,17.7,3.0
18107,IN,Montgomery,19.53810624,10.9,6.0
18109,IN,Morgan,20.56141323,9.8,1.0
18111,IN,Newton,13.66827116,10.2,1.0
18113,IN,Noble,17.77791684,10.6,6.0
18115,IN,Ohio,18.95454545,9.2,1.0
18117,IN,Orange,15.1940125,13.7,8.0
18119,IN,Owen,16.99488491,12.5,3.0
18121,IN,Parke,14.21267008,15.2,8.0
18123,IN,Perry,16.48152182,14.3,7.0
18125,IN,Pike,15.72378397,10.8,8.0
18127,IN,Porter,30.08082474,9.3,1.0
18129,IN,Posey,25.27619685,9.3,2.0
18131,IN,Pulaski,13.65355956,11.3,8.0
18133,IN,Putnam,19.88246431,10.8,6.0
18135,IN,Randolph,14.4065308,14.6,6.0
18137,IN,Ripley,19.35776579,10.3,6.0
18139,IN,Rush,16.76006113,10.8,6.0
18141,IN,St. Joseph,32.62437238,14.2,2.0
18143,IN,Scott,12.3655598,14.5,6.0
18145,IN,Shelby,19.41808982,11.2,1.0
18147,IN,Spencer,21.24443817,8.7,8.0
18149,IN,Starke,12.55751181,13.1,8.0
18151,IN,Steuben,24.67494214,10.2,7.0
18153,IN,Sullivan,14.28948933,15.6,3.0
18155,IN,Switzerland,9.995609542,12.8,8.0
18157,IN,Tippecanoe,40.06417296,17.1,3.0
18159,IN,Tipton,24.88216099,9.0,1.0
18161,IN,Union,20.58063233,11.2,8.0
18163,IN,Vanderburgh,27.08232132,13.8,2.0
18165,IN,Vermillion,17.19369411,12.5,3.0
18167,IN,Vigo,25.87146845,20.2,3.0
18169,IN,Wabash,21.60125734,11.8,6.0
18171,IN,Warren,17.23509934,9.6,3.0
18173,IN,Warrick,35.50224486,8.3,2.0
18175,IN,Washington,13.82031051,13.0,1.0
18177,IN,Wayne,20.21584163,17.3,5.0
18179,IN,Wells,18.86010906,8.6,2.0
18181,IN,White,18.31723976,10.8,6.0
18183,IN,Whitley,22.77571148,8.5,2.0
19001,IA,Adair,20.01141335,9.8,8.0
19003,IA,Adams,24.46287222,11.6,9.0
19005,IA,Allamakee,19.85522234,11.1,8.0
19007,IA,Appanoose,19.34053439,16.1,7.0
19009,IA,Audubon,20.62391681,10.2,9.0
19011,IA,Benton,24.93036212,8.0,2.0
19013,IA,Black Hawk,30.13706873,14.2,3.0
19015,IA,Boone,28.73521097,8.2,3.0
19017,IA,Bremer,35.22562741,7.8,3.0
19019,IA,Buchanan,22.31994809,8.8,6.0
19021,IA,Buena Vista,22.07007344,12.2,7.0
19023,IA,Butler,20.44062438,7.9,8.0
19025,IA,Calhoun,21.4953271,11.6,9.0
19027,IA,Carroll,23.39668304,9.3,7.0
19029,IA,Cass,21.56671013,14.8,6.0
19031,IA,Cedar,21.47985791,7.9,8.0
19033,IA,Cerro Gordo,24.26477788,10.7,5.0
19035,IA,Cherokee,21.63103531,9.9,9.0
19037,IA,Chickasaw,19.08602151,8.8,8.0
19039,IA,Clarke,16.01745092,10.5,6.0
19041,IA,Clay,26.03846492,10.5,7.0
19043,IA,Clayton,15.74165029,10.5,8.0
19045,IA,Clinton,22.0994818,13.3,4.0
19047,IA,Crawford,18.26479721,11.2,7.0
19049,IA,Dallas,51.62640761,6.0,2.0
19051,IA,Davis,17.62438683,11.6,9.0
19053,IA,Decatur,24.26085133,18.3,9.0
19055,IA,Delaware,19.73889482,8.7,8.0
19057,IA,Des Moines,23.836023,14.3,5.0
19059,IA,Dickinson,32.31011708,7.9,7.0
19061,IA,Dubuque,32.86459038,9.6,3.0
19063,IA,Emmet,15.65296527,9.8,7.0
19065,IA,Fayette,18.18919118,13.9,6.0
19067,IA,Floyd,18.49801642,11.5,7.0
19069,IA,Franklin,18.23253083,11.3,9.0
19071,IA,Fremont,21.1477152,9.8,8.0
19073,IA,Greene,19.80102696,10.7,8.0
19075,IA,Grundy,24.69437653,6.7,3.0
19077,IA,Guthrie,24.26767348,9.9,2.0
19079,IA,Hamilton,21.96940727,8.5,6.0
19081,IA,Hancock,21.37841352,9.9,9.0
19083,IA,Hardin,21.1922699,10.4,6.0
19085,IA,Harrison,21.22905028,9.8,2.0
19087,IA,Henry,22.5307303,12.7,6.0
19089,IA,Howard,18.71262197,9.9,8.0
19091,IA,Humboldt,19.26605505,9.6,7.0
19093,IA,Ida,20.69550466,9.4,8.0
19095,IA,Iowa,24.24816889,7.6,8.0
19097,IA,Jackson,18.35727761,9.3,6.0
19099,IA,Jasper,19.91364746,9.6,2.0
19101,IA,Jefferson,41.63053643,14.1,7.0
19103,IA,Johnson,54.56850317,15.5,3.0
19105,IA,Jones,20.74793718,10.3,2.0
19107,IA,Keokuk,15.88530466,11.1,8.0
19109,IA,Kossuth,22.15586167,10.2,7.0
19111,IA,Lee,21.03933294,14.4,7.0
19113,IA,Linn,34.83299598,9.9,2.0
19115,IA,Louisa,16.46008263,9.8,8.0
19117,IA,Lucas,14.47778324,13.7,8.0
19119,IA,Lyon,20.76813656,7.8,8.0
19121,IA,Madison,25.49500613,7.0,2.0
19123,IA,Mahaska,22.99958966,11.7,7.0
19125,IA,Marion,33.06632059,8.0,6.0
19127,IA,Marshall,21.44715508,12.0,4.0
19129,IA,Mills,32.04776821,8.5,2.0
19131,IA,Mitchell,22.71219242,9.2,9.0
19133,IA,Monona,18.74491953,12.6,8.0
19135,IA,Monroe,19.98464197,10.2,9.0
19137,IA,Montgomery,18.72493431,13.0,6.0
19139,IA,Muscatine,22.71420157,11.7,4.0
19141,IA,O'Brien,22.4606136,9.1,7.0
19143,IA,Osceola,15.35423926,10.5,9.0
19145,IA,Page,18.80969225,13.8,6.0
19147,IA,Palo Alto,20.52969238,10.7,9.0
19149,IA,Plymouth,23.87991291,8.7,6.0
19151,IA,Pocahontas,18.65136298,11.1,9.0
19153,IA,Polk,39.54552309,11.5,2.0
19155,IA,Pottawattamie,23.54001442,11.6,2.0
19157,IA,Poweshiek,28.16219322,10.3,6.0
19159,IA,Ringgold,25.23191095,14.1,9.0
19161,IA,Sac,21.18582791,10.0,9.0
19163,IA,Scott,36.22728802,11.0,2.0
19165,IA,Shelby,23.32202568,8.8,8.0
19167,IA,Sioux,30.38751699,6.9,6.0
19169,IA,Story,53.33752189,14.9,3.0
19171,IA,Tama,19.40005128,12.3,6.0
19173,IA,Taylor,15.48747873,13.0,9.0
19175,IA,Union,24.10231185,13.7,6.0
19177,IA,Van Buren,19.36821323,14.8,9.0
19179,IA,Wapello,19.42616807,13.8,5.0
19181,IA,Warren,32.68418979,5.8,2.0
19183,IA,Washington,24.89867957,9.5,3.0
19185,IA,Wayne,16.04118993,14.7,9.0
19187,IA,Webster,20.51137508,14.0,5.0
19189,IA,Winnebago,25.11421847,11.4,9.0
19191,IA,Winneshiek,31.52360355,7.9,7.0
19193,IA,Woodbury,23.39811002,12.9,3.0
19195,IA,Worth,20.06713913,9.2,9.0
19197,IA,Wright,23.50750611,11.0,9.0
20001,KS,Allen,21.27236581,16.0,7.0
20003,KS,Anderson,15.80868229,11.6,8.0
20005,KS,Atchison,22.92001608,13.6,6.0
20007,KS,Barber,27.12464589,11.7,9.0
20009,KS,Barton,21.67229533,15.0,7.0
20011,KS,Bourbon,24.31114879,15.4,6.0
20013,KS,Brown,18.3011583,12.2,8.0
20015,KS,Butler,32.57053988,9.2,2.0
20017,KS,Chase,29.27350427,11.4,8.0
20019,KS,Chautauqua,18.34786218,14.7,9.0
20021,KS,Cherokee,20.11976048,15.2,3.0
20023,KS,Cheyenne,21.61290323,12.2,9.0
20025,KS,Clark,30.9575234,12.2,9.0
20027,KS,Clay,23.35497456,11.0,8.0
20029,KS,Cloud,22.40161453,12.1,7.0
20031,KS,Coffey,21.2187711,9.8,8.0
20033,KS,Comanche,19.19111816,12.1,9.0
20035,KS,Cowley,24.25668543,15.2,4.0
20037,KS,Crawford,31.97421228,17.3,4.0
20039,KS,Decatur,27.80847145,13.9,9.0
20041,KS,Dickinson,21.93083353,10.5,6.0
20043,KS,Doniphan,21.49607883,12.3,3.0
20045,KS,Douglas,52.03068273,13.3,3.0
20047,KS,Edwards,20.69311904,12.0,9.0
20049,KS,Elk,20.58003346,17.1,8.0
20051,KS,Ellis,39.54658493,15.6,5.0
20053,KS,Ellsworth,22.05762987,12.3,9.0
20055,KS,Finney,19.73520526,11.9,5.0
20057,KS,Ford,20.71382413,11.6,5.0
20059,KS,Franklin,25.29615145,11.1,6.0
20061,KS,Geary,24.37841425,11.0,3.0
20063,KS,Gove,20.95238095,9.4,9.0
20065,KS,Graham,27.38707833,12.7,9.0
20067,KS,Grant,25.57550645,11.2,7.0
20069,KS,Gray,24.93723849,8.7,9.0
20071,KS,Greeley,33.4939759,11.1,9.0
20073,KS,Greenwood,18.98617512,14.3,8.0
20075,KS,Hamilton,20.8168643,11.5,9.0
20077,KS,Harper,21.66938554,14.1,8.0
20079,KS,Harvey,31.48954895,8.2,2.0
20081,KS,Haskell,22.21746575,10.8,9.0
20083,KS,Hodgeman,28.3982684,10.4,9.0
20085,KS,Jackson,21.02512786,10.5,3.0
20087,KS,Jefferson,24.56382002,8.3,3.0
20089,KS,Jewell,18.82086168,12.1,9.0
20091,KS,Johnson,56.87513859,5.3,1.0
20093,KS,Kearny,14.64315012,10.2,9.0
20095,KS,Kingman,23.82720876,11.9,8.0
20097,KS,Kiowa,27.59036145,12.1,9.0
20099,KS,Labette,21.07038123,15.5,7.0
20101,KS,Lane,24.62546816,10.2,9.0
20103,KS,Leavenworth,36.61451737,8.3,1.0
20105,KS,Lincoln,21.53406384,11.8,9.0
20107,KS,Linn,22.48589206,11.0,1.0
20109,KS,Logan,26.6562337,10.2,9.0
20111,KS,Lyon,27.71437384,13.7,4.0
20113,KS,McPherson,33.08540908,8.3,7.0
20115,KS,Marion,28.76729403,10.9,8.0
20117,KS,Marshall,18.87909866,9.2,8.0
20119,KS,Meade,22.75049116,9.6,9.0
20121,KS,Miami,32.14693808,7.0,1.0
20123,KS,Mitchell,25.43191057,10.5,9.0
20125,KS,Montgomery,21.30756383,17.3,7.0
20127,KS,Morris,27.31597396,11.7,8.0
20129,KS,Morton,16.58589122,12.0,9.0
20131,KS,Nemaha,30.12975256,8.4,9.0
20133,KS,Neosho,21.8061674,14.9,7.0
20135,KS,Ness,23.00981461,10.2,9.0
20137,KS,Norton,19.42828232,13.9,9.0
20139,KS,Osage,20.99763765,10.8,3.0
20141,KS,Osborne,23.04313099,12.1,9.0
20143,KS,Ottawa,24.27232363,10.2,9.0
20145,KS,Pawnee,18.7756779,12.8,9.0
20147,KS,Phillips,22.32639906,10.1,9.0
20149,KS,Pottawatomie,36.54196526,7.9,3.0
20151,KS,Pratt,26.55928718,9.5,7.0
20153,KS,Rawlins,17.29405346,10.9,9.0
20155,KS,Reno,20.54897892,11.8,4.0
20157,KS,Republic,25.37268026,11.9,9.0
20159,KS,Rice,24.26929392,10.6,9.0
20161,KS,Riley,47.97643088,18.0,3.0
20163,KS,Rooks,24.02015677,11.2,9.0
20165,KS,Rush,21.51600753,12.4,9.0
20167,KS,Russell,18.07580175,13.1,9.0
20169,KS,Saline,29.08643998,11.5,5.0
20171,KS,Scott,33.3915575,7.9,9.0
20173,KS,Sedgwick,31.58549374,13.6,2.0
20175,KS,Seward,12.66213224,14.4,7.0
20177,KS,Shawnee,32.33406297,12.6,3.0
20179,KS,Sheridan,24.25531915,11.0,9.0
20181,KS,Sherman,25.13804891,13.7,9.0
20183,KS,Smith,24.55876831,11.9,9.0
20185,KS,Stafford,26.33490737,14.0,9.0
20187,KS,Stanton,23.69631902,10.7,9.0
20189,KS,Stevens,16.231973,10.5,9.0
20191,KS,Sumner,26.71634901,11.2,2.0
20193,KS,Thomas,30.2471637,9.4,7.0
20195,KS,Trego,28.74589009,10.7,9.0
20197,KS,Wabaunsee,26.64576803,9.0,3.0
20199,KS,Wallace,22.67326733,13.4,9.0
20201,KS,Washington,23.30452998,11.3,9.0
20203,KS,Wichita,18.83959044,10.5,9.0
20205,KS,Wilson,21.25546954,14.3,9.0
20207,KS,Woodson,22.60390161,13.9,9.0
20209,KS,Wyandotte,20.47053277,17.1,1.0
21001,KY,Adair,18.75683273,22.1,7.0
21003,KY,Allen,17.38002594,16.4,3.0
21005,KY,Anderson,25.71634097,9.0,6.0
21007,KY,Ballard,18.65021771,14.4,3.0
21009,KY,Barren,17.81039399,18.0,6.0
21011,KY,Bath,14.39971834,17.8,8.0
21013,KY,Bell,13.94310878,28.9,7.0
21015,KY,Boone,35.37601391,7.4,1.0
21017,KY,Bourbon,25.45912856,14.2,2.0
21019,KY,Boyd,19.37514572,18.1,2.0
21021,KY,Boyle,27.37101211,14.7,7.0
21023,KY,Bracken,16.99828473,14.3,1.0
21025,KY,Breathitt,16.52263374,30.3,9.0
21027,KY,Breckinridge,14.91461366,16.5,8.0
21029,KY,Bullitt,18.9064292,8.4,1.0
21031,KY,Butler,9.518322194,15.0,3.0
21033,KY,Caldwell,18.06927882,15.8,7.0
21035,KY,Calloway,32.32249786,17.6,7.0
21037,KY,Campbell,39.45498174,10.3,1.0
21039,KY,Carlisle,14.6179402,12.9,3.0
21041,KY,Carroll,8.863763261,16.2,6.0
21043,KY,Carter,15.43091655,19.2,2.0
21045,KY,Casey,11.80467476,21.1,9.0
21047,KY,Christian,19.97449348,17.8,2.0
21049,KY,Clark,22.2380421,10.8,2.0
21051,KY,Clay,16.57606826,37.2,9.0
21053,KY,Clinton,16.50957738,23.6,9.0
21055,KY,Crittenden,12.56114881,17.9,8.0
21057,KY,Cumberland,17.45152355,23.1,9.0
21059,KY,Daviess,25.24151455,16.2,3.0
21061,KY,Edmonson,10.30848611,16.0,3.0
21063,KY,Elliott,6.224362404,25.8,8.0
21065,KY,Estill,9.857213195,22.7,8.0
21067,KY,Fayette,47.31032442,15.7,2.0
21069,KY,Fleming,16.36907634,18.1,9.0
21071,KY,Floyd,15.08656884,26.5,7.0
21073,KY,Franklin,31.8318484,11.8,4.0
21075,KY,Fulton,17.26730046,25.9,9.0
21077,KY,Gallatin,13.1934033,13.1,1.0
21079,KY,Garrard,19.07233214,17.6,8.0
21081,KY,Grant,15.1131333,13.0,1.0
21083,KY,Graves,17.43078716,17.6,6.0
21085,KY,Grayson,14.63001421,17.8,6.0
21087,KY,Green,16.60768761,17.6,8.0
21089,KY,Greenup,18.32294484,15.9,2.0
21091,KY,Hancock,16.796875,11.9,8.0
21093,KY,Hardin,24.42470025,14.2,3.0
21095,KY,Harlan,12.70135969,29.7,7.0
21097,KY,Harrison,20.13065937,13.9,6.0
21099,KY,Hart,10.71347335,17.7,8.0
21101,KY,Henderson,19.03184304,13.2,4.0
21103,KY,Henry,14.81276517,14.6,1.0
21105,KY,Hickman,14.35552841,18.7,8.0
21107,KY,Hopkins,16.62738854,16.0,5.0
21109,KY,Jackson,10.33568905,23.9,9.0
21111,KY,Jefferson,36.57785935,16.2,1.0
21113,KY,Jessamine,32.4103784,10.3,2.0
21115,KY,Johnson,16.59499115,25.0,7.0
21117,KY,Kenton,37.60024092,10.6,1.0
21119,KY,Knott,17.84913354,26.1,9.0
21121,KY,Knox,13.54538782,35.0,7.0
21123,KY,Larue,15.62351148,16.1,3.0
21125,KY,Laurel,16.52183908,21.8,5.0
21127,KY,Lawrence,14.19182948,20.6,2.0
21129,KY,Lee,7.534866872,31.1,9.0
21131,KY,Leslie,10.42751439,26.7,9.0
21133,KY,Letcher,13.67290459,23.8,9.0
21135,KY,Lewis,11.28961268,22.1,8.0
21137,KY,Lincoln,15.24278176,19.1,9.0
21139,KY,Livingston,13.90482096,14.3,3.0
21141,KY,Logan,16.56786108,14.8,6.0
21143,KY,Lyon,16.30481056,15.9,8.0
21145,KY,McCracken,27.93907563,15.7,3.0
21147,KY,McCreary,9.134453782,35.9,9.0
21149,KY,McLean,18.4222957,14.7,3.0
21151,KY,Madison,34.17974709,13.8,4.0
21153,KY,Magoffin,13.18938927,29.2,9.0
21155,KY,Marion,12.72700097,14.6,6.0
21157,KY,Marshall,21.0460124,13.8,8.0
21159,KY,Martin,10.73301622,48.1,8.0
21161,KY,Mason,21.06630899,17.0,6.0
21163,KY,Meade,18.41565259,11.7,1.0
21165,KY,Menifee,10.86519115,25.1,9.0
21167,KY,Mercer,22.45154005,13.4,6.0
21169,KY,Metcalfe,13.09358512,24.2,9.0
21171,KY,Monroe,14.87179487,23.7,8.0
21173,KY,Montgomery,20.82345666,14.6,6.0
21175,KY,Morgan,17.58295222,24.7,9.0
21177,KY,Muhlenberg,12.97149373,20.2,6.0
21179,KY,Nelson,22.83209335,12.9,1.0
21181,KY,Nicholas,9.461285963,17.2,8.0
21183,KY,Ohio,14.17826952,16.0,6.0
21185,KY,Oldham,45.6266789,5.8,1.0
21187,KY,Owen,17.27595837,15.4,8.0
21189,KY,Owsley,11.4064603,33.1,9.0
21191,KY,Pendleton,16.5550522,13.2,1.0
21193,KY,Perry,14.23813915,29.7,7.0
21195,KY,Pike,16.01031982,23.4,7.0
21197,KY,Powell,17.31704558,22.1,8.0
21199,KY,Pulaski,17.91311847,17.0,5.0
21201,KY,Robertson,13.54029062,19.6,8.0
21203,KY,Rockcastle,13.69410127,21.8,9.0
21205,KY,Rowan,27.02198258,24.0,6.0
21207,KY,Russell,15.80420699,22.3,9.0
21209,KY,Scott,33.2457122,10.0,2.0
21211,KY,Shelby,31.04469654,11.6,1.0
21213,KY,Simpson,16.75263512,13.7,6.0
21215,KY,Spencer,22.1043578,7.0,1.0
21217,KY,Taylor,21.97527999,19.4,7.0
21219,KY,Todd,15.9376947,16.3,8.0
21221,KY,Trigg,20.30341838,13.6,2.0
21223,KY,Trimble,14.69367425,13.2,8.0
21225,KY,Union,11.79345516,14.5,8.0
21227,KY,Warren,33.35939258,14.2,3.0
21229,KY,Washington,18.88823182,13.1,8.0
21231,KY,Wayne,13.72131031,25.0,7.0
21233,KY,Webster,12.59743237,15.4,9.0
21235,KY,Whitley,19.81140237,26.9,7.0
21237,KY,Wolfe,7.393428064,28.6,9.0
21239,KY,Woodford,41.71197101,10.6,2.0
22001,LA,Acadia,13.42635495,25.0,2.0
22003,LA,Allen,11.62384635,20.1,6.0
22005,LA,Ascension,28.47335419,10.7,2.0
22007,LA,Assumption,13.65210895,18.3,2.0
22009,LA,Avoyelles,10.92310585,27.0,6.0
22011,LA,Beauregard,17.83293868,15.7,6.0
22013,LA,Bienville,13.50689809,25.3,8.0
22015,LA,Bossier,27.31905628,13.8,2.0
22017,LA,Caddo,25.2887996,22.8,2.0
22019,LA,Calcasieu,24.70529816,17.6,2.0
22021,LA,Caldwell,10.72409308,20.3,8.0
22023,LA,Cameron,15.04840941,13.8,2.0
22025,LA,Catahoula,16.59657069,30.0,9.0
22027,LA,Claiborne,10.99361532,29.2,9.0
22029,LA,Concordia,17.37395129,25.2,6.0
22031,LA,De Soto,14.89361702,17.7,2.0
22033,LA,East Baton Rouge,38.23044339,20.0,2.0
22035,LA,East Carroll,10.95058626,46.5,8.0
22037,LA,East Feliciana,17.0343052,19.9,2.0
22039,LA,Evangeline,12.57066844,22.2,6.0
22041,LA,Franklin,16.19756116,23.9,6.0
22043,LA,Grant,12.77028746,20.4,3.0
22045,LA,Iberia,14.65431909,22.1,4.0
22047,LA,Iberville,16.64307286,20.2,2.0
22049,LA,Jackson,13.3553563,19.4,6.0
22051,LA,Jefferson,29.94595164,17.1,1.0
22053,LA,Jefferson Davis,14.99533147,17.8,2.0
22055,LA,Lafayette,34.85704637,16.9,2.0
22057,LA,Lafourche,20.44385075,19.4,3.0
22059,LA,La Salle,17.35150925,20.0,8.0
22061,LA,Lincoln,35.95092954,28.4,4.0
22063,LA,Livingston,20.28000332,14.1,2.0
22065,LA,Madison,12.79546171,34.1,6.0
22067,LA,Morehouse,12.69230769,31.3,3.0
22069,LA,Natchitoches,25.61355932,24.3,6.0
22071,LA,Orleans,41.95147978,23.1,1.0
22073,LA,Ouachita,27.54424991,21.4,3.0
22075,LA,Plaquemines,19.84708093,15.6,1.0
22077,LA,Pointe Coupee,15.50554017,20.1,2.0
22079,LA,Rapides,22.41916475,19.9,3.0
22081,LA,Red River,11.17274168,24.5,8.0
22083,LA,Richland,18.10632461,25.1,3.0
22085,LA,Sabine,14.4716844,19.3,8.0
22087,LA,St. Bernard,17.19071811,18.0,1.0
22089,LA,St. Charles,27.21446881,12.9,1.0
22091,LA,St. Helena,11.74979995,22.8,2.0
22093,LA,St. James,20.19466474,15.1,1.0
22095,LA,St. John the Baptist,18.7166358,16.8,1.0
22097,LA,St. Landry,14.32986215,23.2,4.0
22099,LA,St. Martin,15.34325301,18.1,2.0
22101,LA,St. Mary,13.12156791,21.4,4.0
22103,LA,St. Tammany,36.56543699,11.9,2.0
22105,LA,Tangipahoa,22.22837073,19.0,3.0
22107,LA,Tensas,13.14147018,30.8,9.0
22109,LA,Terrebonne,17.73819178,16.1,3.0
22111,LA,Union,15.96361186,18.3,3.0
22113,LA,Vermilion,16.84449011,17.5,2.0
22115,LA,Vernon,19.08836652,16.7,4.0
22117,LA,Washington,12.71044314,23.3,6.0
22119,LA,Webster,12.79868936,20.3,6.0
22121,LA,West Baton Rouge,23.05792777,13.6,2.0
22123,LA,West Carroll,14.12412561,19.6,8.0
22125,LA,West Feliciana,22.56322332,22.3,2.0
22127,LA,Winn,16.10265963,24.2,8.0
23001,ME,Androscoggin,23.44035934,13.0,3.0
23003,ME,Aroostook,22.37381986,12.1,7.0
23005,ME,Cumberland,52.16354177,6.9,2.0
23007,ME,Franklin,29.90207347,13.6,8.0
23009,ME,Hancock,39.17598092,10.1,8.0
23011,ME,Kennebec,30.89320731,11.5,4.0
23013,ME,Knox,39.10289062,8.6,7.0
23015,ME,Lincoln,40.03759398,9.8,8.0
23017,ME,Oxford,22.49882469,14.5,6.0
23019,ME,Penobscot,30.47624203,12.6,3.0
23021,ME,Piscataquis,21.80696931,15.3,8.0
23023,ME,Sagadahoc,41.11319486,8.7,2.0
23025,ME,Somerset,20.31048885,13.3,6.0
23027,ME,Waldo,34.81874624,12.7,8.0
23029,ME,Washington,24.91054106,20.1,9.0
23031,ME,York,34.57061989,8.1,2.0
24001,MD,Allegany,21.12367521,18.8,4.0
24003,MD,Anne Arundel,45.2402944,6.3,1.0
24005,MD,Baltimore,41.42213879,9.8,1.0
24009,MD,Calvert,35.26277586,4.9,3.0
24011,MD,Caroline,17.57313015,13.3,6.0
24013,MD,Carroll,39.74110885,6.4,1.0
24015,MD,Cecil,26.90086556,10.0,1.0
24017,MD,Charles,31.63794311,7.8,1.0
24019,MD,Dorchester,18.8040745,15.7,6.0
24021,MD,Frederick,44.88263401,6.4,1.0
24023,MD,Garrett,24.63950135,10.8,8.0
24025,MD,Harford,39.48278397,7.3,1.0
24027,MD,Howard,64.47539159,5.6,1.0
24029,MD,Kent,37.92163054,13.0,6.0
24031,MD,Montgomery,60.28579691,7.2,1.0
24033,MD,Prince George's,36.07875395,11.0,1.0
24035,MD,Queen Anne's,37.22942541,6.5,1.0
24037,MD,St. Mary's,35.1002175,8.4,3.0
24039,MD,Somerset,17.12824131,22.9,3.0
24041,MD,Talbot,41.32585058,10.1,6.0
24043,MD,Washington,23.5213395,11.5,2.0
24045,MD,Wicomico,29.13661434,15.4,3.0
24047,MD,Worcester,32.6735117,10.1,4.0
24510,MD,Baltimore,35.42740539,20.2,1.0
25001,MA,Barnstable,47.40566556,8.9,3.0
25003,MA,Berkshire,38.26007957,12.5,3.0
25005,MA,Bristol,30.63198461,12.7,1.0
25007,MA,Dukes,49.02784747,8.5,7.0
25009,MA,Essex,42.31410411,9.6,1.0
25011,MA,Franklin,40.30131827,11.9,4.0
25013,MA,Hampden,28.92509019,17.6,2.0
25015,MA,Hampshire,51.12008961,12.4,3.0
25017,MA,Middlesex,58.98671735,7.7,1.0
25019,MA,Nantucket,58.38277512,6.5,7.0
25021,MA,Norfolk,57.64559746,7.7,1.0
25023,MA,Plymouth,41.2099349,8.0,1.0
25025,MA,Suffolk,49.89227678,15.1,1.0
25027,MA,Worcester,39.02564537,10.9,2.0
26001,MI,Alcona,20.64758329,15.8,9.0
26003,MI,Alger,20.25446037,12.9,9.0
26005,MI,Allegan,26.06627671,9.9,4.0
26007,MI,Alpena,17.73752722,15.9,7.0
26009,MI,Antrim,34.3385054,10.1,8.0
26011,MI,Arenac,15.80246914,15.0,8.0
26013,MI,Baraga,16.11656738,15.6,9.0
26015,MI,Barry,24.25631347,8.3,1.0
26017,MI,Bay,21.40309789,12.8,3.0
26019,MI,Benzie,34.34227514,9.7,3.0
26021,MI,Berrien,30.24921253,13.6,3.0
26023,MI,Branch,16.89605157,14.9,6.0
26025,MI,Calhoun,22.20404781,14.0,3.0
26027,MI,Cass,21.56201069,12.3,2.0
26029,MI,Charlevoix,33.86769481,9.1,7.0
26031,MI,Cheboygan,22.94712598,14.0,7.0
26033,MI,Chippewa,21.85324259,13.6,7.0
26035,MI,Clare,12.9885408,21.1,8.0
26037,MI,Clinton,34.23528567,7.0,2.0
26039,MI,Crawford,20.20033389,14.0,9.0
26041,MI,Delta,20.0176205,14.1,5.0
26043,MI,Dickinson,24.32036038,11.8,7.0
26045,MI,Eaton,30.40608353,10.1,2.0
26047,MI,Emmet,40.24294053,9.4,7.0
26049,MI,Genesee,22.83822921,17.9,2.0
26051,MI,Gladwin,15.44617638,14.2,8.0
26053,MI,Gogebic,21.90790648,17.3,7.0
26055,MI,Grand Traverse,40.26393172,7.4,3.0
26057,MI,Gratiot,19.01941543,16.3,6.0
26059,MI,Hillsdale,20.63033612,14.8,6.0
26061,MI,Houghton,36.59758283,17.1,5.0
26063,MI,Huron,17.62038437,14.3,9.0
26065,MI,Ingham,41.25294427,16.2,2.0
26067,MI,Ionia,18.02236964,13.3,1.0
26069,MI,Iosco,17.5787221,18.8,7.0
26071,MI,Iron,20.58041648,17.9,9.0
26073,MI,Isabella,30.80400209,21.0,4.0
26075,MI,Jackson,22.98902742,13.7,3.0
26077,MI,Kalamazoo,40.84325522,13.0,2.0
26079,MI,Kalkaska,18.24089467,14.0,3.0
26081,MI,Kent,39.63175637,10.5,1.0
26083,MI,Keweenaw,43.55655599,12.0,9.0
26085,MI,Lake,12.49220536,21.2,9.0
26087,MI,Lapeer,19.80432849,9.4,1.0
26089,MI,Leelanau,49.89339019,7.2,3.0
26091,MI,Lenawee,22.27321115,10.6,4.0
26093,MI,Livingston,39.20047477,5.6,1.0
26095,MI,Luce,19.31374563,20.2,9.0
26097,MI,Mackinac,23.46486108,13.6,9.0
26099,MI,Macomb,27.16925613,10.6,1.0
26101,MI,Manistee,23.38918192,14.1,6.0
26103,MI,Marquette,35.83194563,14.3,5.0
26105,MI,Mason,25.03151113,14.6,7.0
26107,MI,Mecosta,22.72218073,18.4,6.0
26109,MI,Menominee,17.99189451,14.8,7.0
26111,MI,Midland,36.34928631,12.1,3.0
26113,MI,Missaukee,17.95038558,11.5,8.0
26115,MI,Monroe,23.40928438,11.3,3.0
26117,MI,Montcalm,14.88656854,13.8,1.0
26119,MI,Montmorency,16.02477781,17.7,9.0
26121,MI,Muskegon,21.44569184,14.0,3.0
26123,MI,Newaygo,18.40585399,14.0,6.0
26125,MI,Oakland,50.20817878,8.3,1.0
26127,MI,Oceana,20.97810065,14.8,8.0
26129,MI,Ogemaw,15.87614446,15.7,9.0
26131,MI,Ontonagon,16.6837677,13.0,9.0
26133,MI,Osceola,16.35351001,16.8,9.0
26135,MI,Oscoda,14.84638893,18.7,9.0
26137,MI,Otsego,25.84662443,10.4,7.0
26139,MI,Ottawa,37.52117507,9.0,1.0
26141,MI,Presque Isle,20.15585915,13.1,9.0
26143,MI,Roscommon,20.32004197,15.7,7.0
26145,MI,Saginaw,23.44664008,16.2,3.0
26147,MI,St. Clair,20.32574026,11.7,1.0
26149,MI,St. Joseph,17.12554532,11.7,4.0
26151,MI,Sanilac,15.9833385,13.3,8.0
26153,MI,Schoolcraft,20.65584311,14.5,9.0
26155,MI,Shiawassee,19.48941598,12.2,4.0
26157,MI,Tuscola,15.53171642,14.3,6.0
26159,MI,Van Buren,22.88280744,14.7,6.0
26161,MI,Washtenaw,58.13050563,14.6,2.0
26163,MI,Wayne,26.8874402,20.6,1.0
26165,MI,Wexford,21.17661933,13.4,6.0
27001,MN,Aitkin,18.95367412,12.1,8.0
27003,MN,Anoka,31.66066446,6.5,1.0
27005,MN,Becker,27.53765553,11.8,6.0
27007,MN,Beltrami,32.28932341,17.1,7.0
27009,MN,Benton,24.49749655,13.7,3.0
27011,MN,Big Stone,21.33655395,11.8,9.0
27013,MN,Blue Earth,34.48529232,14.3,3.0
27015,MN,Brown,24.19309412,8.1,6.0
27017,MN,Carlton,25.49786904,9.1,2.0
27019,MN,Carver,50.47798498,4.6,1.0
27021,MN,Cass,25.43848023,14.7,9.0
27023,MN,Chippewa,19.63991527,13.5,7.0
27025,MN,Chisago,23.98879746,5.6,1.0
27027,MN,Clay,39.04636289,13.1,3.0
27029,MN,Clearwater,18.27054795,13.0,8.0
27031,MN,Cook,45.63713457,10.7,9.0
27033,MN,Cottonwood,22.87632326,11.2,9.0
27035,MN,Crow Wing,28.57640097,9.2,4.0
27037,MN,Dakota,44.60812476,6.0,1.0
27039,MN,Dodge,29.74593206,7.4,3.0
27041,MN,Douglas,29.03626428,8.7,6.0
27043,MN,Faribault,21.56051277,11.3,8.0
27045,MN,Fillmore,23.72546347,9.6,3.0
27047,MN,Freeborn,18.08806753,10.5,7.0
27049,MN,Goodhue,27.89786783,7.3,6.0
27051,MN,Grant,19.05202312,10.7,9.0
27053,MN,Hennepin,53.32582538,10.1,1.0
27055,MN,Houston,27.99256506,7.8,3.0
27057,MN,Hubbard,30.45704533,10.7,9.0
27059,MN,Isanti,19.60421168,7.7,1.0
27061,MN,Itasca,25.14602185,12.7,6.0
27063,MN,Jackson,24.90523656,8.0,9.0
27065,MN,Kanabec,15.7776627,10.0,8.0
27067,MN,Kandiyohi,27.09762444,12.1,4.0
27069,MN,Kittson,27.99325464,9.2,9.0
27071,MN,Koochiching,20.33130867,12.4,7.0
27073,MN,Lac qui Parle,22.09830648,9.5,9.0
27075,MN,Lake,25.77545311,8.7,8.0
27077,MN,Lake of the Woods,21.41350211,10.5,9.0
27079,MN,Le Sueur,25.39273502,7.4,1.0
27081,MN,Lincoln,24.40385591,9.7,9.0
27083,MN,Lyon,28.64901147,11.2,7.0
27085,MN,McLeod,19.5923913,7.9,4.0
27087,MN,Mahnomen,14.28571429,19.3,8.0
27089,MN,Marshall,18.87301587,9.1,8.0
27091,MN,Martin,23.78920418,13.2,6.0
27093,MN,Meeker,20.36402169,8.4,6.0
27095,MN,Mille Lacs,17.55492596,10.7,1.0
27097,MN,Morrison,18.98967861,10.2,6.0
27099,MN,Mower,23.46781181,13.1,4.0
27101,MN,Murray,23.9145417,10.5,9.0
27103,MN,Nicollet,35.68060498,8.7,3.0
27105,MN,Nobles,17.70613492,11.3,7.0
27107,MN,Norman,20.89018117,12.3,8.0
27109,MN,Olmsted,48.5244778,8.0,3.0
27111,MN,Otter Tail,27.36937187,10.6,6.0
27113,MN,Pennington,19.33547252,10.3,6.0
27115,MN,Pine,16.34972277,11.3,8.0
27117,MN,Pipestone,21.57238734,10.3,8.0
27119,MN,Polk,28.10008645,10.7,3.0
27121,MN,Pope,23.84998179,8.7,8.0
27123,MN,Ramsey,45.51693125,11.9,1.0
27125,MN,Red Lake,17.62773723,9.9,8.0
27127,MN,Redwood,20.79226868,11.9,9.0
27129,MN,Renville,18.39159466,11.2,9.0
27131,MN,Rice,29.69895167,10.3,4.0
27133,MN,Rock,26.32864997,9.8,2.0
27135,MN,Roseau,20.48923865,9.0,9.0
27137,MN,St. Louis,32.50076018,13.3,2.0
27139,MN,Scott,43.07746057,5.3,1.0
27141,MN,Sherburne,28.12523923,5.7,1.0
27143,MN,Sibley,18.56842508,8.8,8.0
27145,MN,Stearns,28.58807319,11.0,3.0
27147,MN,Steele,29.68203435,7.8,5.0
27149,MN,Stevens,30.77319588,8.9,7.0
27151,MN,Swift,22.95714074,10.5,9.0
27153,MN,Todd,15.15753619,11.7,8.0
27155,MN,Traverse,17.45755333,13.6,9.0
27157,MN,Wabasha,26.56532988,8.1,3.0
27159,MN,Wadena,17.49234182,13.5,9.0
27161,MN,Waseca,20.92422285,9.4,6.0
27163,MN,Washington,48.87828034,5.0,1.0
27165,MN,Watonwan,18.18911328,10.0,8.0
27167,MN,Wilkin,21.525764,10.1,8.0
27169,MN,Winona,32.05793758,12.1,4.0
27171,MN,Wright,34.00871964,5.4,1.0
27173,MN,Yellow Medicine,18.98120073,9.7,9.0
28001,MS,Adams,19.30420234,25.2,7.0
28003,MS,Alcorn,18.43561473,18.7,7.0
28005,MS,Amite,7.985460954,22.8,8.0
28007,MS,Attala,15.76742198,19.4,6.0
28009,MS,Benton,12.11174416,20.0,1.0
28011,MS,Bolivar,26.55135791,38.7,7.0
28013,MS,Calhoun,13.07516589,17.5,9.0
28015,MS,Carroll,18.49269143,17.2,8.0
28017,MS,Chickasaw,12.39858907,19.6,9.0
28019,MS,Choctaw,18.58237548,17.1,9.0
28021,MS,Claiborne,20.56545314,32.7,8.0
28023,MS,Clarke,15.10958395,18.3,9.0
28025,MS,Clay,18.20902575,20.7,7.0
28027,MS,Coahoma,18.97314617,30.8,6.0
28029,MS,Copiah,20.32665907,21.4,2.0
28031,MS,Covington,15.91169256,19.3,8.0
28033,MS,DeSoto,28.31594156,9.2,1.0
28035,MS,Forrest,29.46227032,19.0,3.0
28037,MS,Franklin,18.06524609,18.7,9.0
28039,MS,George,17.14250478,14.4,8.0
28041,MS,Greene,11.91627999,22.1,8.0
28043,MS,Grenada,23.66202974,20.9,7.0
28045,MS,Hancock,24.59035788,15.6,2.0
28047,MS,Harrison,25.47183188,16.0,2.0
28049,MS,Hinds,31.0589703,21.0,2.0
28051,MS,Holmes,13.72309428,35.6,2.0
28053,MS,Humphreys,19.41105769,32.8,8.0
28055,MS,Issaquena,4.402515723,49.6,9.0
28057,MS,Itawamba,14.76746341,14.0,9.0
28059,MS,Jackson,24.8988584,13.4,2.0
28061,MS,Jasper,12.99651879,20.1,8.0
28063,MS,Jefferson,19.93334722,30.2,9.0
28065,MS,Jefferson Davis,13.54401806,25.0,8.0
28067,MS,Jones,20.02514573,19.0,4.0
28069,MS,Kemper,17.75997329,25.9,9.0
28071,MS,Lafayette,44.27905851,14.1,4.0
28073,MS,Lamar,33.23823435,13.1,3.0
28075,MS,Lauderdale,21.69817079,23.6,5.0
28077,MS,Lawrence,12.69416858,19.0,8.0
28079,MS,Leake,17.74669665,20.6,8.0
28081,MS,Lee,28.74909617,13.5,5.0
28083,MS,Leflore,19.98835178,28.8,6.0
28085,MS,Lincoln,18.40723454,18.9,6.0
28087,MS,Lowndes,26.55555556,19.9,5.0
28089,MS,Madison,48.85064453,10.0,2.0
28091,MS,Marion,12.47838789,21.5,6.0
28093,MS,Marshall,14.53281329,21.1,1.0
28095,MS,Monroe,16.39655609,17.3,7.0
28097,MS,Montgomery,20.59919511,21.6,9.0
28099,MS,Neshoba,16.34484634,20.5,7.0
28101,MS,Newton,17.53061075,18.3,8.0
28103,MS,Noxubee,11.14569438,28.9,9.0
28105,MS,Oktibbeha,45.75930144,25.5,5.0
28107,MS,Panola,15.49462561,26.2,6.0
28109,MS,Pearl River,15.95862104,18.9,6.0
28111,MS,Perry,11.38821733,19.6,3.0
28113,MS,Pike,15.87689681,23.6,6.0
28115,MS,Pontotoc,17.71309165,13.3,9.0
28117,MS,Prentiss,18.55750722,17.7,7.0
28119,MS,Quitman,15.24090462,32.1,8.0
28121,MS,Rankin,32.78667672,9.8,2.0
28123,MS,Scott,12.08240851,21.1,2.0
28125,MS,Sharkey,15.44448996,34.5,8.0
28127,MS,Simpson,16.50165017,20.1,2.0
28129,MS,Smith,14.04264043,16.8,8.0
28131,MS,Stone,14.58589838,15.6,2.0
28133,MS,Sunflower,16.90238411,32.5,7.0
28135,MS,Tallahatchie,11.91907514,31.2,9.0
28137,MS,Tate,20.91981647,15.1,1.0
28139,MS,Tippah,16.36325445,17.3,8.0
28141,MS,Tishomingo,16.3815642,15.4,8.0
28143,MS,Tunica,16.05924447,27.6,1.0
28145,MS,Union,17.08894879,14.9,7.0
28147,MS,Walthall,13.1612628,20.6,9.0
28149,MS,Warren,26.47187532,20.8,4.0
28151,MS,Washington,20.53457051,35.5,5.0
28153,MS,Wayne,16.70725002,21.0,9.0
28155,MS,Webster,20.09435353,16.4,9.0
28157,MS,Wilkinson,11.58536585,32.2,8.0
28159,MS,Winston,18.56247939,27.4,9.0
28161,MS,Yalobusha,12.3272403,20.7,9.0
28163,MS,Yazoo,13.25243237,30.9,2.0
29001,MO,Adair,35.04846066,18.2,7.0
29003,MO,Andrew,26.92247332,8.4,3.0
29005,MO,Atchison,22.04497908,11.3,9.0
29007,MO,Audrain,16.12020267,15.1,6.0
29009,MO,Barry,13.38080039,15.5,6.0
29011,MO,Barton,17.95604123,15.5,8.0
29013,MO,Bates,15.2721729,13.9,1.0
29015,MO,Benton,15.18954418,18.1,9.0
29017,MO,Bollinger,14.17406279,14.6,3.0
29019,MO,Boone,51.00433974,14.4,3.0
29021,MO,Buchanan,23.34615385,15.1,3.0
29023,MO,Butler,15.22811131,18.6,5.0
29025,MO,Caldwell,18.38778526,11.5,1.0
29027,MO,Callaway,25.36302033,13.0,3.0
29029,MO,Camden,24.4611649,10.9,7.0
29031,MO,Cape Girardeau,33.87379574,12.6,3.0
29033,MO,Carroll,20.23809524,12.9,8.0
29035,MO,Carter,13.34080717,19.4,9.0
29037,MO,Cass,28.8499129,7.0,1.0
29039,MO,Cedar,17.75710284,15.0,8.0
29041,MO,Chariton,19.37354988,10.4,8.0
29043,MO,Christian,32.57258391,7.4,2.0
29045,MO,Clark,12.25668449,14.5,9.0
29047,MO,Clay,36.0055623,7.8,1.0
29049,MO,Clinton,22.73065225,9.7,1.0
29051,MO,Cole,37.46784098,9.4,3.0
29053,MO,Cooper,24.03563397,10.2,3.0
29055,MO,Crawford,12.7625302,14.7,8.0
29057,MO,Dade,15.20446766,14.2,8.0
29059,MO,Dallas,14.79574892,15.9,2.0
29061,MO,Daviess,18.407173,12.8,8.0
29063,MO,DeKalb,14.81706576,11.6,3.0
29065,MO,Dent,18.12067453,17.5,9.0
29067,MO,Douglas,15.52355094,16.3,8.0
29069,MO,Dunklin,12.63760218,23.0,7.0
29071,MO,Franklin,22.9584435,9.8,1.0
29073,MO,Gasconade,18.55621965,10.5,8.0
29075,MO,Gentry,20.47878644,14.5,8.0
29077,MO,Greene,32.42787712,14.1,2.0
29079,MO,Grundy,15.903942,16.0,7.0
29081,MO,Harrison,17.56587202,16.2,9.0
29083,MO,Henry,16.12903226,16.3,6.0
29085,MO,Hickory,11.99316452,17.5,8.0
29087,MO,Holt,20.48309179,12.2,8.0
29089,MO,Howard,27.98094653,12.0,3.0
29091,MO,Howell,17.51755413,16.7,7.0
29093,MO,Iron,18.31293706,19.0,9.0
29095,MO,Jackson,33.45699196,12.0,1.0
29097,MO,Jasper,25.14681802,15.5,3.0
29099,MO,Jefferson,23.61540589,9.2,1.0
29101,MO,Johnson,29.1016475,13.6,4.0
29103,MO,Knox,16.89243028,16.6,9.0
29105,MO,Laclede,15.65652457,17.0,6.0
29107,MO,Lafayette,24.41774411,11.2,1.0
29109,MO,Lawrence,16.59161217,14.9,6.0
29111,MO,Lewis,16.53730398,15.3,9.0
29113,MO,Lincoln,18.43485373,8.4,1.0
29115,MO,Linn,20.07093933,15.3,9.0
29117,MO,Livingston,18.31222794,13.9,7.0
29119,MO,McDonald,13.42127169,18.2,8.0
29121,MO,Macon,18.47826087,12.5,7.0
29123,MO,Madison,15.32671912,16.0,9.0
29125,MO,Maries,16.00587372,11.8,8.0
29127,MO,Marion,25.7415474,12.4,7.0
29129,MO,Mercer,17.94117647,12.8,9.0
29131,MO,Miller,20.97648144,14.4,6.0
29133,MO,Mississippi,14.06634627,20.5,8.0
29135,MO,Moniteau,17.19417476,10.2,3.0
29137,MO,Monroe,17.36099854,12.3,9.0
29139,MO,Montgomery,16.49368513,14.7,8.0
29141,MO,Morgan,14.90094746,14.9,8.0
29143,MO,New Madrid,13.25432009,19.9,9.0
29145,MO,Newton,23.00332985,13.0,3.0
29147,MO,Nodaway,25.59661585,15.1,6.0
29149,MO,Oregon,14.43029709,18.9,9.0
29151,MO,Osage,24.81227915,10.5,3.0
29153,MO,Ozark,12.37593985,20.2,9.0
29155,MO,Pemiscot,12.76574408,27.4,7.0
29157,MO,Perry,22.05613179,10.0,6.0
29159,MO,Pettis,18.62881852,14.0,5.0
29161,MO,Phelps,31.54343449,15.8,5.0
29163,MO,Pike,16.60693924,14.6,8.0
29165,MO,Platte,45.59973271,6.1,1.0
29167,MO,Polk,21.01938058,14.6,2.0
29169,MO,Pulaski,27.89654352,11.4,5.0
29171,MO,Putnam,19.28948914,15.3,9.0
29173,MO,Ralls,17.52426539,10.0,9.0
29175,MO,Randolph,17.09566334,13.8,6.0
29177,MO,Ray,15.0357848,9.9,1.0
29179,MO,Reynolds,15.43264942,19.8,9.0
29181,MO,Ripley,12.93069044,20.5,9.0
29183,MO,St. Charles,42.39777858,5.5,1.0
29185,MO,St. Clair,13.66875091,18.2,8.0
29186,MO,Ste. Genevieve,18.41467111,9.6,8.0
29187,MO,St. Francois,15.98376334,15.3,4.0
29189,MO,St. Louis,46.9270282,9.7,1.0
29195,MO,Saline,26.03389831,17.6,7.0
29197,MO,Schuyler,10.64885496,14.5,9.0
29199,MO,Scotland,14.4843962,13.1,9.0
29201,MO,Scott,21.67503015,15.1,4.0
29203,MO,Shannon,14.56424254,22.9,9.0
29205,MO,Shelby,18.00720288,15.3,9.0
29207,MO,Stoddard,16.37780331,13.7,6.0
29209,MO,Stone,22.98920542,12.3,6.0
29211,MO,Sullivan,14.68531469,12.9,9.0
29213,MO,Taney,25.37867079,13.6,4.0
29215,MO,Texas,15.75415844,20.3,9.0
29217,MO,Vernon,18.03315412,16.9,6.0
29219,MO,Warren,19.58242195,8.6,1.0
29221,MO,Washington,12.39321455,19.7,8.0
29223,MO,Wayne,10.96453018,22.4,9.0
29225,MO,Webster,18.63583366,12.9,2.0
29227,MO,Worth,17.59656652,13.4,9.0
29229,MO,Wright,14.26040744,17.5,8.0
29510,MO,St. Louis,40.17424385,20.1,1.0
30001,MT,Beaverhead,35.50929368,12.9,9.0
30003,MT,Big Horn,20.87677092,21.7,8.0
30005,MT,Blaine,25.84373555,20.5,9.0
30007,MT,Broadwater,26.34741442,8.7,3.0
30009,MT,Carbon,30.27840841,10.6,3.0
30011,MT,Carter,20.29411765,13.7,9.0
30013,MT,Cascade,28.73687833,12.1,3.0
30015,MT,Chouteau,22.62650602,15.0,8.0
30017,MT,Custer,29.79539642,13.6,7.0
30019,MT,Daniels,27.52858399,10.7,9.0
30021,MT,Dawson,25.53225548,12.7,7.0
30023,MT,Deer Lodge,22.27644421,13.0,7.0
30025,MT,Fallon,16.52173913,9.1,9.0
30027,MT,Fergus,23.76517741,11.2,7.0
30029,MT,Flathead,36.03414534,9.9,5.0
30031,MT,Gallatin,53.14217141,8.8,3.0
30033,MT,Garfield,21.32132132,16.9,9.0
30035,MT,Glacier,18.05505469,28.0,9.0
30037,MT,Golden Valley,18.95522388,16.4,8.0
30039,MT,Granite,31.2305296,11.6,8.0
30041,MT,Hill,25.58116332,19.0,7.0
30043,MT,Jefferson,32.67639373,8.5,3.0
30045,MT,Judith Basin,28.26379542,13.7,8.0
30047,MT,Lake,30.5156008,13.9,6.0
30049,MT,Lewis and Clark,42.81138997,9.3,3.0
30051,MT,Liberty,27.34785875,16.5,9.0
30053,MT,Lincoln,18.04586868,15.2,9.0
30055,MT,McCone,21.36563877,14.6,9.0
30057,MT,Madison,34.33385247,9.1,8.0
30059,MT,Meagher,28.54343566,13.8,8.0
30061,MT,Mineral,26.57946006,13.4,3.0
30063,MT,Missoula,45.89398984,11.4,3.0
30065,MT,Musselshell,21.93074502,16.3,8.0
30067,MT,Park,38.08682855,11.3,6.0
30069,MT,Petroleum,27.13414634,13.0,9.0
30071,MT,Phillips,20.61345646,16.8,9.0
30073,MT,Pondera,19.51395573,19.3,9.0
30075,MT,Powder River,25.22321429,11.7,9.0
30077,MT,Powell,19.03039074,16.8,8.0
30079,MT,Prairie,20.04197272,13.4,9.0
30081,MT,Ravalli,29.78255205,10.7,6.0
30083,MT,Richland,19.41067653,9.5,7.0
30085,MT,Roosevelt,19.85988921,24.3,9.0
30087,MT,Rosebud,18.88436955,20.2,8.0
30089,MT,Sanders,21.55972559,14.5,8.0
30091,MT,Sheridan,24.65028355,11.9,9.0
30093,MT,Silver Bow,27.70782923,15.8,5.0
30095,MT,Stillwater,29.76659594,8.3,3.0
30097,MT,Sweet Grass,23.06818182,10.0,8.0
30099,MT,Teton,25.87770286,13.3,8.0
30101,MT,Toole,21.51515152,17.0,9.0
30103,MT,Treasure,32.78418451,12.6,8.0
30105,MT,Valley,21.51875232,15.4,9.0
30107,MT,Wheatland,17.78814124,18.5,9.0
30109,MT,Wibaux,25.83120205,12.7,9.0
30111,MT,Yellowstone,33.92231359,9.9,3.0
31001,NE,Adams,28.81679389,11.9,4.0
31003,NE,Antelope,19.92096699,10.6,9.0
31005,NE,Arthur,32.73809524,13.3,9.0
31007,NE,Banner,32.63358779,11.6,8.0
31009,NE,Blaine,25.58139535,16.3,9.0
31011,NE,Boone,18.88412017,9.7,9.0
31013,NE,Box Butte,20.07555316,12.0,7.0
31015,NE,Boyd,19.56856703,12.6,9.0
31017,NE,Brown,21.19979664,11.6,9.0
31019,NE,Buffalo,34.63733461,8.1,4.0
31021,NE,Burt,25.72866429,10.3,8.0
31023,NE,Butler,25.22785899,8.3,8.0
31025,NE,Cass,31.88281376,6.6,2.0
31027,NE,Cedar,24.98655673,8.6,9.0
31029,NE,Chase,24.09542744,9.8,9.0
31031,NE,Cherry,24.20943494,11.0,9.0
31033,NE,Cheyenne,22.09250112,12.3,7.0
31035,NE,Clay,22.86192069,9.6,9.0
31037,NE,Colfax,14.09334353,9.7,7.0
31039,NE,Cuming,24.81812169,8.6,9.0
31041,NE,Custer,25.62175458,8.9,9.0
31043,NE,Dakota,15.12317518,13.6,3.0
31045,NE,Dawes,35.165914,15.6,9.0
31047,NE,Dawson,17.53816174,10.5,7.0
31049,NE,Deuel,22.49637155,11.9,9.0
31051,NE,Dixon,23.74698472,8.4,8.0
31053,NE,Dodge,21.54630763,9.8,4.0
31055,NE,Douglas,42.23655936,11.5,2.0
31057,NE,Dundy,23.28125,13.5,9.0
31059,NE,Fillmore,21.9364232,8.8,8.0
31061,NE,Franklin,20.00939408,12.6,9.0
31063,NE,Frontier,26.09699769,13.1,9.0
31065,NE,Furnas,22.25619077,12.0,9.0
31067,NE,Gage,22.12785569,10.3,6.0
31069,NE,Garden,20.70626003,15.9,9.0
31071,NE,Garfield,32.6787117,10.9,9.0
31073,NE,Gosper,28.80658436,8.9,9.0
31075,NE,Grant,29.41176471,10.3,9.0
31077,NE,Greeley,18.44850065,10.8,8.0
31079,NE,Hall,21.11330616,10.8,3.0
31081,NE,Hamilton,29.57790192,7.4,8.0
31083,NE,Harlan,24.17530631,10.1,9.0
31085,NE,Hayes,15.9375,13.5,9.0
31087,NE,Hitchcock,19.77186312,14.2,9.0
31089,NE,Holt,27.01408042,11.8,9.0
31091,NE,Hooker,20.74592075,9.6,9.0
31093,NE,Howard,22.96994168,10.1,3.0
31095,NE,Jefferson,19.69817315,11.0,9.0
31097,NE,Johnson,18.97790791,12.9,8.0
31099,NE,Kearney,32.90561114,7.9,9.0
31101,NE,Keith,21.34628045,11.2,9.0
31103,NE,Keya Paha,25.71428571,17.3,9.0
31105,NE,Kimball,14.28571429,12.3,8.0
31107,NE,Knox,19.67927488,13.7,9.0
31109,NE,Lancaster,41.07453279,10.8,2.0
31111,NE,Lincoln,20.41537039,12.5,5.0
31113,NE,Logan,26.72727273,9.2,9.0
31115,NE,Loup,25.95238095,16.6,9.0
31117,NE,McPherson,24.39759036,12.0,9.0
31119,NE,Madison,23.49472778,11.6,5.0
31121,NE,Merrick,17.56007394,9.3,3.0
31123,NE,Morrill,21.81644967,14.5,9.0
31125,NE,Nance,18.40068788,11.3,8.0
31127,NE,Nemaha,29.16215631,11.8,9.0
31129,NE,Nuckolls,26.64941785,10.8,9.0
31131,NE,Otoe,27.18129927,8.0,6.0
31133,NE,Pawnee,20.3756403,13.7,9.0
31135,NE,Perkins,25.72151899,9.3,9.0
31137,NE,Phelps,26.74418605,8.3,7.0
31139,NE,Pierce,22.92298363,9.2,9.0
31141,NE,Platte,24.08664582,8.4,5.0
31143,NE,Polk,18.57968621,7.3,8.0
31145,NE,Red Willow,26.03271417,11.5,7.0
31147,NE,Richardson,22.37762238,11.1,9.0
31149,NE,Rock,29.04255319,13.7,9.0
31151,NE,Saline,20.12667904,10.5,6.0
31153,NE,Sarpy,41.86825337,4.9,2.0
31155,NE,Saunders,30.30361508,6.5,2.0
31157,NE,Scotts Bluff,25.90235289,15.5,5.0
31159,NE,Seward,31.62123127,6.9,2.0
31161,NE,Sheridan,21.73793103,14.6,9.0
31163,NE,Sherman,18.84939196,12.3,8.0
31165,NE,Sioux,25.05938242,14.4,9.0
31167,NE,Stanton,22.34706617,7.2,9.0
31169,NE,Thayer,23.02178899,9.3,9.0
31171,NE,Thomas,26.93069307,13.0,9.0
31173,NE,Thurston,20.24905252,19.6,8.0
31175,NE,Valley,27.6383637,11.9,9.0
31177,NE,Washington,36.51423401,6.1,2.0
31179,NE,Wayne,29.36435245,12.4,7.0
31181,NE,Webster,21.87629722,12.5,9.0
31183,NE,Wheeler,29.58860759,12.8,9.0
31185,NE,York,23.86268781,9.4,6.0
32001,NV,Churchill,18.608323,10.8,6.0
32003,NV,Clark,27.30858179,12.9,1.0
32005,NV,Douglas,32.05157608,8.2,4.0
32007,NV,Elko,17.53764393,9.0,5.0
32009,NV,Esmeralda,24.07407407,14.8,9.0
32011,NV,Eureka,18.13285458,11.5,9.0
32013,NV,Humboldt,19.7978022,10.4,7.0
32015,NV,Lander,16.56804734,11.5,9.0
32017,NV,Lincoln,18.98654989,13.9,8.0
32019,NV,Lyon,17.20576552,9.6,2.0
32021,NV,Mineral,11.47040879,17.3,8.0
32023,NV,Nye,12.67374517,15.4,4.0
32027,NV,Pershing,9.348441926,16.8,8.0
32029,NV,Storey,31.63082437,7.4,2.0
32031,NV,Washoe,33.18290048,9.9,2.0
32033,NV,White Pine,14.15278403,12.1,9.0
32510,NV,Carson City,24.50615381,10.4,3.0
33001,NH,Belknap,32.5746712,8.0,4.0
33003,NH,Carroll,38.79496756,8.8,6.0
33005,NH,Cheshire,35.31541316,9.0,4.0
33007,NH,Coos,20.16981671,13.5,7.0
33009,NH,Grafton,44.8374674,9.4,5.0
33011,NH,Hillsborough,40.62034821,6.5,2.0
33013,NH,Merrimack,38.07981296,7.7,4.0
33015,NH,Rockingham,44.7805646,5.4,1.0
33017,NH,Strafford,38.49487476,9.3,1.0
33019,NH,Sullivan,30.51616045,9.1,7.0
34001,NJ,Atlantic,31.16130705,11.9,2.0
34003,NJ,Bergen,52.61504256,6.6,1.0
34005,NJ,Burlington,41.99622955,6.8,1.0
34007,NJ,Camden,35.27554408,12.3,1.0
34009,NJ,Cape May,37.44732421,9.4,2.0
34011,NJ,Cumberland,17.94214716,17.0,3.0
34013,NJ,Essex,37.88794211,14.2,1.0
34015,NJ,Gloucester,35.78302044,8.4,1.0
34017,NJ,Hudson,47.90299672,15.2,1.0
34019,NJ,Hunterdon,56.49970311,4.8,1.0
34021,NJ,Mercer,44.90018457,10.6,2.0
34023,NJ,Middlesex,45.12754754,8.6,1.0
34025,NJ,Monmouth,50.60127215,6.7,1.0
34027,NJ,Morris,57.24733474,4.8,1.0
34029,NJ,Ocean,33.6962075,10.0,1.0
34031,NJ,Passaic,30.31106734,13.9,1.0
34033,NJ,Salem,23.97769107,10.6,1.0
34035,NJ,Somerset,57.35099175,5.5,1.0
34037,NJ,Sussex,39.97198667,5.4,1.0
34039,NJ,Union,38.56379846,8.9,1.0
34041,NJ,Warren,36.43010699,8.3,2.0
35001,NM,Bernalillo,37.44285699,13.5,2.0
35003,NM,Catron,20.67371202,18.6,9.0
35005,NM,Chaves,18.20000476,20.1,5.0
35006,NM,Cibola,18.83432272,23.7,6.0
35007,NM,Colfax,23.99653792,17.8,7.0
35009,NM,Curry,21.29158381,18.9,5.0
35011,NM,De Baca,8.31809872,18.0,9.0
35013,NM,Doña Ana,31.39871768,19.8,3.0
35015,NM,Eddy,19.82151362,16.5,5.0
35017,NM,Grant,28.75006058,19.9,7.0
35019,NM,Guadalupe,15.51990127,24.9,9.0
35021,NM,Harding,30.31496063,15.1,9.0
35023,NM,Hidalgo,17.7693107,24.0,9.0
35025,NM,Lea,15.27733321,17.0,5.0
35027,NM,Lincoln,28.77538071,16.2,7.0
35028,NM,Los Alamos,68.24698368,3.8,6.0
35029,NM,Luna,14.72655057,26.4,6.0
35031,NM,McKinley,12.46177031,34.3,5.0
35033,NM,Mora,25.39731051,20.9,8.0
35035,NM,Otero,21.59534361,19.4,4.0
35037,NM,Quay,20.41327489,22.8,7.0
35039,NM,Rio Arriba,18.82830168,18.5,6.0
35041,NM,Roosevelt,21.34630837,19.3,7.0
35043,NM,Sandoval,33.39504549,11.7,2.0
35045,NM,San Juan,16.64608206,19.9,3.0
35047,NM,San Miguel,26.23757405,24.7,6.0
35049,NM,Santa Fe,44.1654457,12.2,3.0
35051,NM,Sierra,16.33518096,23.5,6.0
35053,NM,Socorro,20.99943321,25.2,6.0
35055,NM,Taos,37.06023554,18.5,7.0
35057,NM,Torrance,14.87466716,23.0,2.0
35059,NM,Union,18.07528409,18.4,9.0
35061,NM,Valencia,20.80956415,17.3,2.0
36001,NY,Albany,45.15350218,12.9,2.0
36003,NY,Allegany,24.56193353,15.0,7.0
36005,NY,Bronx,21.95612932,27.7,1.0
36007,NY,Broome,30.58679707,16.8,3.0
36009,NY,Cattaraugus,20.67388552,18.6,4.0
36011,NY,Cayuga,23.87864237,13.3,4.0
36013,NY,Chautauqua,25.0974279,16.7,4.0
36015,NY,Chemung,26.8853076,16.9,3.0
36017,NY,Chenango,19.17836621,14.3,6.0
36019,NY,Clinton,26.82087242,13.7,4.0
36021,NY,Columbia,38.09222328,13.7,6.0
36023,NY,Cortland,28.33230643,16.0,4.0
36025,NY,Delaware,26.69541356,16.3,8.0
36027,NY,Dutchess,39.72561264,8.0,2.0
36029,NY,Erie,36.92683166,14.1,1.0
36031,NY,Essex,31.30230306,13.0,6.0
36033,NY,Franklin,23.77098142,14.6,7.0
36035,NY,Fulton,21.15566038,14.0,4.0
36037,NY,Genesee,23.61390405,10.4,4.0
36039,NY,Greene,28.93191032,13.5,6.0
36041,NY,Hamilton,26.8923821,10.6,8.0
36043,NY,Herkimer,22.61627365,14.1,2.0
36045,NY,Jefferson,25.6745532,13.3,3.0
36047,NY,Kings,41.32591826,19.1,1.0
36049,NY,Lewis,19.40791254,11.0,8.0
36051,NY,Livingston,30.59771272,11.3,1.0
36053,NY,Madison,28.01710107,11.0,2.0
36055,NY,Monroe,41.17653766,13.1,1.0
36057,NY,Montgomery,20.51536754,15.8,4.0
36059,NY,Nassau,48.71380189,5.8,1.0
36061,NY,New York,64.00278318,16.5,1.0
36063,NY,Niagara,27.16351516,13.8,1.0
36065,NY,Oneida,27.7502216,15.7,2.0
36067,NY,Onondaga,38.13416842,13.6,2.0
36069,NY,Ontario,37.17133848,8.2,1.0
36071,NY,Orange,32.2423366,12.7,2.0
36073,NY,Orleans,17.50077179,11.7,1.0
36075,NY,Oswego,21.92422148,14.9,2.0
36077,NY,Otsego,33.8522293,14.2,7.0
36079,NY,Putnam,43.54383055,7.3,1.0
36081,NY,Queens,35.26114602,13.8,1.0
36083,NY,Rensselaer,37.2722063,12.4,2.0
36085,NY,Richmond,35.77553762,13.1,1.0
36087,NY,Rockland,42.11961993,15.2,1.0
36089,NY,St. Lawrence,24.6400427,19.0,4.0
36091,NY,Saratoga,43.76616898,7.2,2.0
36093,NY,Schenectady,35.05889844,14.0,2.0
36095,NY,Schoharie,25.01275451,13.5,2.0
36097,NY,Schuyler,25.36445351,13.3,8.0
36099,NY,Seneca,24.13620012,14.1,6.0
36101,NY,Steuben,26.02120974,14.2,4.0
36103,NY,Suffolk,39.86180066,7.0,1.0
36105,NY,Sullivan,29.68562257,14.5,6.0
36107,NY,Tioga,25.59988436,13.3,3.0
36109,NY,Tompkins,59.24992685,15.7,3.0
36111,NY,Ulster,37.05043737,12.7,3.0
36113,NY,Warren,34.61538462,10.5,3.0
36115,NY,Washington,21.22966761,11.5,3.0
36117,NY,Wayne,25.532338,11.0,1.0
36119,NY,Westchester,52.51003296,9.3,1.0
36121,NY,Wyoming,18.23148523,10.6,8.0
36123,NY,Yates,25.02694934,12.3,6.0
37001,NC,Alamance,27.70895592,12.5,3.0
37003,NC,Alexander,15.40647019,12.4,2.0
37005,NC,Alleghany,22.82432119,16.3,9.0
37007,NC,Anson,10.88291747,24.1,1.0
37009,NC,Ashe,22.40861049,15.3,9.0
37011,NC,Avery,21.87338023,15.9,9.0
37013,NC,Beaufort,20.5857256,19.3,6.0
37015,NC,Bertie,17.84745252,24.3,9.0
37017,NC,Bladen,20.56983028,19.3,8.0
37019,NC,Brunswick,33.22168814,10.3,2.0
37021,NC,Buncombe,44.62484479,12.9,2.0
37023,NC,Burke,20.17086345,15.9,2.0
37025,NC,Cabarrus,37.66173752,9.1,1.0
37027,NC,Caldwell,18.5851011,13.6,2.0
37029,NC,Camden,25.76125034,8.0,1.0
37031,NC,Carteret,32.33756109,10.6,4.0
37033,NC,Caswell,16.04789699,16.5,8.0
37035,NC,Catawba,24.93345243,11.9,2.0
37037,NC,Chatham,48.0009012,8.4,2.0
37039,NC,Cherokee,24.20650599,14.6,9.0
37041,NC,Chowan,24.5212918,15.1,8.0
37043,NC,Clay,31.41467828,12.1,9.0
37045,NC,Cleveland,21.07127367,17.2,4.0
37047,NC,Columbus,15.06550218,20.1,6.0
37049,NC,Craven,26.02783555,15.5,4.0
37051,NC,Cumberland,27.18954186,15.3,2.0
37053,NC,Currituck,29.28742543,7.8,1.0
37055,NC,Dare,42.80952882,8.9,4.0
37057,NC,Davidson,20.72227284,14.0,2.0
37059,NC,Davie,26.76980477,9.7,2.0
37061,NC,Duplin,17.49871799,19.8,8.0
37063,NC,Durham,53.54261071,10.6,2.0
37065,NC,Edgecombe,16.72666116,22.6,3.0
37067,NC,Forsyth,36.87252077,14.8,2.0
37069,NC,Franklin,24.39392735,11.3,1.0
37071,NC,Gaston,25.96811075,13.5,1.0
37073,NC,Gates,10.78898597,14.0,1.0
37075,NC,Graham,16.75030282,16.9,9.0
37077,NC,Granville,24.03470716,11.4,6.0
37079,NC,Greene,12.22092464,22.0,8.0
37081,NC,Guilford,38.10167831,14.8,2.0
37083,NC,Halifax,15.45731265,25.5,4.0
37085,NC,Harnett,23.92306752,13.7,4.0
37087,NC,Haywood,29.40180706,11.0,4.0
37089,NC,Henderson,35.06130277,10.6,2.0
37091,NC,Hertford,16.74614306,22.7,8.0
37093,NC,Hoke,21.31604953,18.5,2.0
37095,NC,Hyde,13.71801851,23.3,9.0
37097,NC,Iredell,33.33133613,9.2,1.0
37099,NC,Jackson,30.00713776,17.0,7.0
37101,NC,Johnston,27.63038901,10.8,1.0
37103,NC,Jones,17.85092807,19.1,8.0
37105,NC,Lee,21.61384601,14.7,4.0
37107,NC,Lenoir,15.81168576,23.1,4.0
37109,NC,Lincoln,27.02694409,10.7,1.0
37111,NC,McDowell,17.55690162,15.1,6.0
37113,NC,Macon,24.56227405,13.5,7.0
37115,NC,Madison,31.47030803,13.8,2.0
37117,NC,Martin,15.14922554,19.7,6.0
37119,NC,Mecklenburg,48.60848328,10.2,1.0
37121,NC,Mitchell,23.09619687,14.8,8.0
37123,NC,Montgomery,19.30653212,15.6,8.0
37125,NC,Moore,40.91314452,10.5,3.0
37127,NC,Nash,21.72325721,14.4,3.0
37129,NC,New Hanover,44.76682844,12.1,2.0
37131,NC,Northampton,19.04395942,20.7,9.0
37133,NC,Onslow,26.05734704,12.4,3.0
37135,NC,Orange,61.82293732,11.7,2.0
37137,NC,Pamlico,25.37678208,15.0,9.0
37139,NC,Pasquotank,26.85548968,15.5,4.0
37141,NC,Pender,29.82589796,11.4,2.0
37143,NC,Perquimans,20.40565458,15.1,8.0
37145,NC,Person,19.83214286,14.3,2.0
37147,NC,Pitt,33.86605784,19.4,3.0
37149,NC,Polk,32.90504947,12.8,8.0
37151,NC,Randolph,17.63013807,15.5,2.0
37153,NC,Richmond,16.18618412,22.6,4.0
37155,NC,Robeson,14.55930041,27.7,4.0
37157,NC,Rockingham,16.12820435,13.6,2.0
37159,NC,Rowan,21.52160753,14.6,1.0
37161,NC,Rutherford,20.6841602,15.2,4.0
37163,NC,Sampson,15.82048957,18.5,6.0
37165,NC,Scotland,14.81179799,28.6,6.0
37167,NC,Stanly,19.69853073,11.0,6.0
37169,NC,Stokes,18.48954416,10.5,2.0
37171,NC,Surry,19.4012779,13.9,6.0
37173,NC,Swain,21.27310062,15.6,9.0
37175,NC,Transylvania,38.64019113,12.5,6.0
37177,NC,Tyrrell,14.72536034,21.4,9.0
37179,NC,Union,39.02742591,8.4,1.0
37181,NC,Vance,18.47496074,23.2,6.0
37183,NC,Wake,56.27691,7.2,1.0
37185,NC,Warren,19.04761905,20.3,8.0
37187,NC,Washington,12.17610063,22.6,9.0
37189,NC,Watauga,47.66468985,18.6,5.0
37191,NC,Wayne,21.33420053,17.1,3.0
37193,NC,Wilkes,16.66771508,16.3,6.0
37195,NC,Wilson,20.26385322,18.8,4.0
37197,NC,Yadkin,15.75186141,12.9,2.0
37199,NC,Yancey,22.99644128,15.9,8.0
38001,ND,Adams,20.75592569,11.8,9.0
38003,ND,Barnes,29.99734184,11.5,6.0
38005,ND,Benson,22.10589291,22.7,9.0
38007,ND,Billings,32.43626062,10.5,9.0
38009,ND,Bottineau,27.43738819,10.8,8.0
38011,ND,Bowman,27.27725236,9.5,9.0
38013,ND,Burke,23.53333333,9.0,8.0
38015,ND,Burleigh,38.7218439,7.7,3.0
38017,ND,Cass,43.28492051,9.7,3.0
38019,ND,Cavalier,22.21788364,9.2,9.0
38021,ND,Dickey,27.06065319,11.5,9.0
38023,ND,Divide,20.35737077,9.8,9.0
38025,ND,Dunn,20.55084746,11.2,9.0
38027,ND,Eddy,28.19358469,11.5,9.0
38029,ND,Emmons,20.69663832,13.7,8.0
38031,ND,Foster,27.21798475,11.4,9.0
38033,ND,Golden Valley,18.04757998,11.7,9.0
38035,ND,Grand Forks,37.16070809,12.5,3.0
38037,ND,Grant,21.23167155,16.3,8.0
38039,ND,Griggs,27.35346359,11.6,9.0
38041,ND,Hettinger,18.73278237,12.7,9.0
38043,ND,Kidder,21.25075896,14.2,8.0
38045,ND,LaMoure,24.2058011,9.4,9.0
38047,ND,Logan,26.22222222,14.1,9.0
38049,ND,McHenry,20.88709677,12.3,3.0
38051,ND,McIntosh,17.00201207,13.5,9.0
38053,ND,McKenzie,22.7960121,8.1,7.0
38055,ND,McLean,23.86744966,9.9,8.0
38057,ND,Mercer,22.56704335,8.1,8.0
38059,ND,Morton,29.25665713,7.9,3.0
38061,ND,Mountrail,22.3662619,11.6,8.0
38063,ND,Nelson,28.15405046,9.8,8.0
38065,ND,Oliver,20.4636291,10.8,3.0
38067,ND,Pembina,22.92980671,8.9,9.0
38069,ND,Pierce,27.91193182,11.0,9.0
38071,ND,Ramsey,27.64513697,12.4,7.0
38073,ND,Ransom,20.95625636,9.3,8.0
38075,ND,Renville,22.03821656,8.3,3.0
38077,ND,Richland,24.98137109,10.9,6.0
38079,ND,Rolette,16.5684624,23.5,9.0
38081,ND,Sargent,19.08698778,8.7,9.0
38083,ND,Sheridan,20.25193798,16.5,8.0
38085,ND,Sioux,11.17021277,34.9,9.0
38087,ND,Slope,22.77867528,14.3,9.0
38089,ND,Stark,27.1667369,9.6,5.0
38091,ND,Steele,29.57969865,8.3,8.0
38093,ND,Stutsman,24.42588727,11.0,7.0
38095,ND,Towner,18.91174519,9.4,9.0
38097,ND,Traill,31.21429888,8.4,8.0
38099,ND,Walsh,19.53865165,9.6,8.0
38101,ND,Ward,29.66397335,7.4,3.0
38103,ND,Wells,22.25054625,12.1,9.0
38105,ND,Williams,23.74366254,7.7,5.0
39001,OH,Adams,14.25149063,19.0,8.0
39003,OH,Allen,19.93422014,14.1,3.0
39005,OH,Ashland,22.06422529,13.5,6.0
39007,OH,Ashtabula,15.97084548,17.8,1.0
39009,OH,Athens,35.42646533,25.3,4.0
39011,OH,Auglaize,20.75573293,8.5,4.0
39013,OH,Belmont,18.71861114,15.3,3.0
39015,OH,Brown,15.77810506,15.1,1.0
39017,OH,Butler,32.53044149,11.9,1.0
39019,OH,Carroll,14.03062549,11.9,2.0
39021,OH,Champaign,19.10741744,8.8,6.0
39023,OH,Clark,18.53585551,15.2,3.0
39025,OH,Clermont,31.3920096,8.9,1.0
39027,OH,Clinton,20.05520756,12.5,6.0
39029,OH,Columbiana,16.03532768,15.7,4.0
39031,OH,Coshocton,16.74789017,16.2,7.0
39033,OH,Crawford,15.50392871,12.4,4.0
39035,OH,Cuyahoga,35.91746048,16.0,1.0
39037,OH,Darke,16.48317525,9.8,6.0
39039,OH,Defiance,20.11697239,8.9,6.0
39041,OH,Delaware,58.03664157,5.0,1.0
39043,OH,Erie,27.92500783,12.4,3.0
39045,OH,Fairfield,31.90876175,8.4,1.0
39047,OH,Fayette,13.84172226,14.4,6.0
39049,OH,Franklin,41.9705294,15.1,1.0
39051,OH,Fulton,18.83766167,8.0,2.0
39053,OH,Gallia,17.9012657,17.4,6.0
39055,OH,Geauga,38.7242947,6.3,1.0
39057,OH,Greene,41.28698509,9.9,2.0
39059,OH,Guernsey,15.3494933,15.4,6.0
39061,OH,Hamilton,41.35964451,13.6,1.0
39063,OH,Hancock,29.73230614,10.6,4.0
39065,OH,Hardin,18.87848455,14.8,6.0
39067,OH,Harrison,12.98141406,14.5,8.0
39069,OH,Henry,18.66889912,8.5,6.0
39071,OH,Highland,15.60307609,12.1,6.0
39073,OH,Hocking,14.35556228,15.9,1.0
39075,OH,Holmes,10.95434429,8.8,9.0
39077,OH,Huron,16.94463981,13.2,4.0
39079,OH,Jackson,16.61461587,17.3,7.0
39081,OH,Jefferson,20.55668939,16.1,3.0
39083,OH,Knox,24.34529116,11.4,6.0
39085,OH,Lake,30.52761216,10.1,1.0
39087,OH,Lawrence,18.57783472,16.9,2.0
39089,OH,Licking,29.28083862,9.7,1.0
39091,OH,Logan,18.29726457,11.2,4.0
39093,OH,Lorain,27.89533179,11.0,1.0
39095,OH,Lucas,28.50027026,18.2,2.0
39097,OH,Madison,22.35110208,9.3,1.0
39099,OH,Mahoning,26.36059967,19.5,2.0
39101,OH,Marion,13.69839163,16.0,4.0
39103,OH,Medina,36.24683022,7.6,1.0
39105,OH,Meigs,11.78142767,20.8,8.0
39107,OH,Mercer,22.15624553,7.6,7.0
39109,OH,Miami,24.92350925,9.6,2.0
39111,OH,Monroe,10.73322933,14.8,8.0
39113,OH,Montgomery,30.52112014,15.2,2.0
39115,OH,Morgan,14.20310439,15.2,8.0
39117,OH,Morrow,18.19568796,10.8,1.0
39119,OH,Muskingum,20.32421479,17.3,4.0
39121,OH,Noble,13.74576737,15.0,9.0
39123,OH,Ottawa,28.53634578,8.8,3.0
39125,OH,Paulding,15.73396967,10.1,8.0
39127,OH,Perry,15.0384819,13.7,1.0
39129,OH,Pickaway,21.25698055,11.6,1.0
39131,OH,Pike,14.55699607,19.5,9.0
39133,OH,Portage,31.52110186,12.9,2.0
39135,OH,Preble,17.89763807,10.4,6.0
39137,OH,Putnam,26.29932209,6.5,6.0
39139,OH,Richland,17.88139171,14.4,3.0
39141,OH,Ross,17.10579281,16.5,4.0
39143,OH,Sandusky,19.1053301,10.3,4.0
39145,OH,Scioto,17.95103371,18.6,4.0
39147,OH,Seneca,20.71235834,12.8,4.0
39149,OH,Shelby,20.61194634,10.4,4.0
39151,OH,Stark,24.98283255,12.3,2.0
39153,OH,Summit,35.28615446,12.9,2.0
39155,OH,Trumbull,20.29348827,17.2,2.0
39157,OH,Tuscarawas,19.59183673,13.4,4.0
39159,OH,Union,39.10229035,5.4,1.0
39161,OH,Van Wert,16.99654257,10.9,6.0
39163,OH,Vinton,15.11835641,18.8,8.0
39165,OH,Warren,45.68689524,5.9,1.0
39167,OH,Washington,20.70269382,12.8,4.0
39169,OH,Wayne,24.71529902,9.2,4.0
39171,OH,Williams,14.23435265,11.1,7.0
39173,OH,Wood,37.36454946,9.8,2.0
39175,OH,Wyandot,20.67585302,8.8,7.0
40001,OK,Adair,11.80245754,23.1,8.0
40003,OK,Alfalfa,20.70474436,19.8,8.0
40005,OK,Atoka,15.32616204,20.0,9.0
40007,OK,Beaver,22.97377831,13.5,9.0
40009,OK,Beckham,13.28883896,21.8,7.0
40011,OK,Blaine,17.98501249,16.3,8.0
40013,OK,Bryan,24.38776483,18.1,6.0
40015,OK,Caddo,15.46930911,21.1,6.0
40017,OK,Canadian,31.75465767,7.9,1.0
40019,OK,Carter,20.00309789,17.1,5.0
40021,OK,Cherokee,29.4169496,18.7,6.0
40023,OK,Choctaw,15.24132963,23.5,9.0
40025,OK,Cimarron,31.66123779,17.4,9.0
40027,OK,Cleveland,35.62315945,12.9,1.0
40029,OK,Coal,16.83029453,21.3,9.0
40031,OK,Comanche,24.17077301,19.5,3.0
40033,OK,Cotton,20.94594595,17.3,3.0
40035,OK,Craig,14.87194999,18.8,6.0
40037,OK,Creek,18.40109713,15.7,1.0
40039,OK,Custer,33.32532003,18.2,5.0
40041,OK,Delaware,19.21295525,21.0,6.0
40043,OK,Dewey,19.76825843,13.8,9.0
40045,OK,Ellis,19.97690531,14.0,9.0
40047,OK,Garfield,22.30116098,14.4,3.0
40049,OK,Garvin,17.68275065,18.0,6.0
40051,OK,Grady,21.93985042,13.1,1.0
40053,OK,Grant,22.7367688,14.0,8.0
40055,OK,Greer,15.25721455,25.7,9.0
40057,OK,Harmon,16.2668227,25.1,9.0
40059,OK,Harper,26.64233577,12.5,9.0
40061,OK,Haskell,15.22741433,17.4,8.0
40063,OK,Hughes,15.10299925,24.2,9.0
40065,OK,Jackson,24.19861722,16.5,7.0
40067,OK,Jefferson,15.73617953,24.2,8.0
40069,OK,Johnston,21.34289058,19.9,9.0
40071,OK,Kay,18.52337416,18.8,4.0
40073,OK,Kingfisher,22.82069454,12.0,8.0
40075,OK,Kiowa,18.42465753,21.7,8.0
40077,OK,Latimer,10.40932086,23.1,9.0
40079,OK,Le Flore,14.82782853,21.0,6.0
40081,OK,Lincoln,15.47237534,20.5,1.0
40083,OK,Logan,30.45762316,11.2,1.0
40085,OK,Love,15.96908269,14.4,9.0
40087,OK,McClain,28.04362645,9.5,1.0
40089,OK,McCurtain,15.51647702,22.2,7.0
40091,OK,McIntosh,14.44247788,19.2,8.0
40093,OK,Major,17.9600461,12.3,8.0
40095,OK,Marshall,16.93690355,15.7,9.0
40097,OK,Mayes,16.45868714,16.9,6.0
40099,OK,Murray,17.79864371,12.6,9.0
40101,OK,Muskogee,19.02911744,20.8,4.0
40103,OK,Noble,20.27833002,13.3,8.0
40105,OK,Nowata,16.44423991,17.4,8.0
40107,OK,Okfuskee,13.10082435,25.0,8.0
40109,OK,Oklahoma,35.09476706,16.0,1.0
40111,OK,Okmulgee,17.29945876,19.3,1.0
40113,OK,Osage,21.49832164,14.2,1.0
40115,OK,Ottawa,14.96896306,21.6,6.0
40117,OK,Pawnee,16.31995582,17.2,1.0
40119,OK,Payne,40.10511014,22.0,4.0
40121,OK,Pittsburg,19.70788513,18.4,7.0
40123,OK,Pontotoc,29.73240833,13.9,7.0
40125,OK,Pottawatomie,20.99856174,17.1,4.0
40127,OK,Pushmataha,14.33752105,23.6,9.0
40129,OK,Roger Mills,23.87483926,18.3,9.0
40131,OK,Rogers,25.60235507,9.6,1.0
40133,OK,Seminole,15.12095487,19.0,7.0
40135,OK,Sequoyah,15.15028131,22.3,3.0
40137,OK,Stephens,19.49042896,14.9,4.0
40139,OK,Texas,24.41704213,11.5,7.0
40141,OK,Tillman,17.27894062,19.7,8.0
40143,OK,Tulsa,33.71583946,15.1,1.0
40145,OK,Wagoner,26.85983314,10.4,1.0
40147,OK,Washington,30.4580557,15.1,4.0
40149,OK,Washita,20.38079914,17.4,9.0
40151,OK,Woods,32.53079507,18.0,7.0
40153,OK,Woodward,21.61945093,14.7,7.0
41001,OR,Baker,26.97247706,16.2,7.0
41003,OR,Benton,54.35689533,16.2,3.0
41005,OR,Clackamas,39.68836384,6.9,1.0
41007,OR,Clatsop,26.29852378,15.3,4.0
41009,OR,Columbia,19.17428579,9.8,1.0
41011,OR,Coos,21.69188979,16.0,5.0
41013,OR,Crook,22.52563298,12.8,3.0
41015,OR,Curry,24.18321088,15.8,7.0
41017,OR,Deschutes,43.36590648,8.7,3.0
41019,OR,Douglas,18.94667228,16.0,4.0
41021,OR,Gilliam,20.9472982,11.8,9.0
41023,OR,Grant,19.65235899,15.3,9.0
41025,OR,Harney,15.63230797,15.2,9.0
41027,OR,Hood River,39.38177679,10.0,6.0
41029,OR,Jackson,30.58352104,12.6,3.0
41031,OR,Jefferson,20.02298851,13.9,3.0
41033,OR,Josephine,19.71391615,15.1,3.0
41035,OR,Klamath,21.51221686,19.3,5.0
41037,OR,Lake,20.85909535,17.0,9.0
41039,OR,Lane,33.43287609,14.7,2.0
41041,OR,Lincoln,28.81086,15.4,5.0
41043,OR,Linn,20.77451648,14.2,3.0
41045,OR,Malheur,15.45779409,19.7,6.0
41047,OR,Marion,25.98232759,14.1,2.0
41049,OR,Morrow,9.788741635,13.2,8.0
41051,OR,Multnomah,48.61830743,12.8,1.0
41053,OR,Polk,30.63208243,11.8,2.0
41055,OR,Sherman,16.12903226,14.5,9.0
41057,OR,Tillamook,25.09639644,11.5,7.0
41059,OR,Umatilla,17.99281266,16.5,4.0
41061,OR,Union,24.91315984,13.6,7.0
41063,OR,Wallowa,36.93262411,13.0,9.0
41065,OR,Wasco,21.77860366,13.6,7.0
41067,OR,Washington,46.68987391,8.1,1.0
41069,OR,Wheeler,20.39757995,18.4,9.0
41071,OR,Yamhill,29.24226686,10.6,1.0
42001,PA,Adams,24.76590685,9.3,3.0
42003,PA,Allegheny,44.77672598,11.6,1.0
42005,PA,Armstrong,18.85773196,11.9,1.0
42007,PA,Beaver,28.29520475,10.4,1.0
42009,PA,Bedford,16.34775136,11.2,8.0
42011,PA,Berks,27.16939162,11.9,2.0
42013,PA,Blair,24.08435836,14.4,3.0
42015,PA,Bradford,21.20912959,13.9,6.0
42017,PA,Bucks,43.94964001,6.7,1.0
42019,PA,Butler,38.63873973,9.3,1.0
42021,PA,Cambria,22.99199211,13.2,3.0
42023,PA,Cameron,11.25107358,15.3,9.0
42025,PA,Carbon,18.34253227,12.0,2.0
42027,PA,Centre,46.49672385,17.1,3.0
42029,PA,Chester,56.58162387,6.2,1.0
42031,PA,Clarion,23.28707719,14.2,6.0
42033,PA,Clearfield,20.05706328,15.4,4.0
42035,PA,Clinton,21.29003879,15.5,6.0
42037,PA,Columbia,24.87795976,12.6,4.0
42039,PA,Crawford,21.22407344,12.6,4.0
42041,PA,Cumberland,39.56294191,8.2,2.0
42043,PA,Dauphin,34.28962365,12.9,2.0
42045,PA,Delaware,41.59693707,10.8,1.0
42047,PA,Elk,19.94462269,10.0,7.0
42049,PA,Erie,29.62708701,14.5,2.0
42051,PA,Fayette,18.93037961,18.9,1.0
42053,PA,Forest,12.10490921,24.8,9.0
42055,PA,Franklin,23.95240465,8.2,3.0
42057,PA,Fulton,17.12135466,12.7,8.0
42059,PA,Greene,21.10211337,15.5,6.0
42061,PA,Huntingdon,18.18981496,13.0,6.0
42063,PA,Indiana,26.91855769,16.5,4.0
42065,PA,Jefferson,17.49110998,18.8,7.0
42067,PA,Juniata,14.99847886,10.8,8.0
42069,PA,Lackawanna,30.13579947,16.1,2.0
42071,PA,Lancaster,30.97516012,8.6,2.0
42073,PA,Lawrence,22.77950235,13.6,1.0
42075,PA,Lebanon,23.95216228,8.7,3.0
42077,PA,Lehigh,33.37835058,12.1,2.0
42079,PA,Luzerne,24.98502897,16.4,2.0
42081,PA,Lycoming,24.79902984,12.8,3.0
42083,PA,McKean,20.34757675,15.9,7.0
42085,PA,Mercer,25.07590868,12.6,4.0
42087,PA,Mifflin,13.24216454,15.2,4.0
42089,PA,Monroe,27.87970904,9.6,4.0
42091,PA,Montgomery,52.2526243,6.9,1.0
42093,PA,Montour,36.62970506,9.8,6.0
42095,PA,Northampton,33.76766098,9.8,2.0
42097,PA,Northumberland,19.1732313,12.3,4.0
42099,PA,Perry,18.60353033,10.1,2.0
42101,PA,Philadelphia,34.63927807,20.3,1.0
42103,PA,Pike,28.87071823,10.0,6.0
42105,PA,Potter,17.0762392,12.7,9.0
42107,PA,Schuylkill,19.12055431,14.2,4.0
42109,PA,Snyder,21.42241218,10.9,7.0
42111,PA,Somerset,17.28500692,12.0,6.0
42113,PA,Sullivan,19.74979491,13.8,8.0
42115,PA,Susquehanna,19.76715729,12.0,8.0
42117,PA,Tioga,21.47514262,13.0,8.0
42119,PA,Union,26.4247994,11.3,6.0
42121,PA,Venango,19.65274418,13.8,4.0
42123,PA,Warren,19.46890088,11.4,6.0
42125,PA,Washington,32.78518148,9.5,1.0
42127,PA,Wayne,21.58681876,12.8,6.0
42129,PA,Westmoreland,31.84378335,10.8,1.0
42131,PA,Wyoming,21.50148873,13.5,2.0
42133,PA,York,27.21075977,8.5,2.0
44001,RI,Bristol,51.75320297,7.9,1.0
44003,RI,Kent,34.29654155,9.0,1.0
44005,RI,Newport,53.04806289,11.3,1.0
44007,RI,Providence,32.20101195,12.7,1.0
44009,RI,Washington,50.48081657,9.1,1.0
45001,SC,Abbeville,19.32714617,15.3,6.0
45003,SC,Aiken,31.05289532,14.1,2.0
45005,SC,Allendale,13.3321403,32.6,8.0
45007,SC,Anderson,26.41467155,13.5,2.0
45009,SC,Bamberg,18.83312842,27.7,9.0
45011,SC,Barnwell,12.8420599,27.2,8.0
45013,SC,Beaufort,44.77623785,9.5,3.0
45015,SC,Berkeley,29.94174417,9.8,2.0
45017,SC,Calhoun,21.76581681,14.6,2.0
45019,SC,Charleston,49.03468575,11.0,2.0
45021,SC,Cherokee,18.40380715,16.8,6.0
45023,SC,Chester,13.74306634,20.1,1.0
45025,SC,Chesterfield,13.20087722,20.3,6.0
45027,SC,Clarendon,17.66786014,20.0,8.0
45029,SC,Colleton,16.66790133,23.0,6.0
45031,SC,Darlington,19.69942571,22.3,3.0
45033,SC,Dillon,11.68824164,24.4,6.0
45035,SC,Dorchester,29.96749671,10.2,2.0
45037,SC,Edgefield,21.44129472,16.8,2.0
45039,SC,Fairfield,15.34002084,20.7,2.0
45041,SC,Florence,23.64639452,18.8,3.0
45043,SC,Georgetown,32.4916412,13.8,4.0
45045,SC,Greenville,40.03225842,11.3,2.0
45047,SC,Greenwood,25.5655866,16.9,4.0
45049,SC,Hampton,11.7597935,24.2,8.0
45051,SC,Horry,26.59600984,12.9,2.0
45053,SC,Jasper,25.92791103,16.2,3.0
45055,SC,Kershaw,22.82667241,12.6,2.0
45057,SC,Lancaster,31.19451115,10.8,1.0
45059,SC,Laurens,17.86779482,16.7,2.0
45061,SC,Lee,12.78496087,24.5,8.0
45063,SC,Lexington,33.10804973,11.2,2.0
45065,SC,McCormick,23.07692308,17.6,8.0
45067,SC,Marion,13.77755759,25.4,6.0
45069,SC,Marlboro,8.729655464,27.2,6.0
45071,SC,Newberry,23.48016437,17.5,6.0
45073,SC,Oconee,28.51701935,14.6,4.0
45075,SC,Orangeburg,19.36203356,21.7,4.0
45077,SC,Pickens,27.31395515,16.8,2.0
45079,SC,Richland,41.11678563,15.9,2.0
45081,SC,Saluda,19.84996249,16.1,2.0
45083,SC,Spartanburg,25.73732749,14.0,2.0
45085,SC,Sumter,23.15845486,17.5,3.0
45087,SC,Union,13.45717234,23.4,2.0
45089,SC,Williamsburg,15.36869573,24.8,6.0
45091,SC,York,38.11230159,9.6,1.0
46003,SD,Aurora,18.67364747,11.0,9.0
46005,SD,Beadle,26.38799225,16.3,7.0
46007,SD,Bennett,20.25862069,27.7,9.0
46009,SD,Bon Homme,20.06190753,13.4,9.0
46011,SD,Brookings,43.966196,11.2,5.0
46013,SD,Brown,33.16831683,10.0,5.0
46015,SD,Brule,30.18080668,12.6,9.0
46017,SD,Buffalo,6.986899563,33.1,9.0
46019,SD,Butte,19.39410707,12.0,7.0
46021,SD,Campbell,29.54747116,11.0,9.0
46023,SD,Charles Mix,25.12297962,21.4,9.0
46025,SD,Clark,16.22995698,11.1,9.0
46027,SD,Clay,45.95324956,17.5,6.0
46029,SD,Codington,20.87906452,11.4,5.0
46031,SD,Corson,19.23979352,33.7,9.0
46033,SD,Custer,32.14485459,8.5,3.0
46035,SD,Davison,24.95730304,9.4,7.0
46037,SD,Day,21.32542548,13.3,9.0
46039,SD,Deuel,24.14144849,9.2,9.0
46041,SD,Dewey,17.28704366,26.2,9.0
46043,SD,Douglas,22.92860865,8.7,9.0
46045,SD,Edmunds,29.51680672,10.2,9.0
46047,SD,Fall River,22.20825853,14.1,9.0
46049,SD,Faulk,18.26989619,13.0,9.0
46051,SD,Grant,25.54368562,9.9,9.0
46053,SD,Gregory,20.94790159,14.5,9.0
46055,SD,Haakon,19.5458232,10.6,9.0
46057,SD,Hamlin,24.44505344,7.2,9.0
46059,SD,Hand,26.21686747,8.5,9.0
46061,SD,Hanson,21.54897494,9.0,8.0
46063,SD,Harding,30.35495716,12.1,9.0
46065,SD,Hughes,35.9443631,8.6,7.0
46067,SD,Hutchinson,25.66941816,9.8,8.0
46069,SD,Hyde,21.11111111,11.2,9.0
46071,SD,Jackson,11.39927624,29.8,9.0
46073,SD,Jerauld,21.13997114,12.7,9.0
46075,SD,Jones,25.34775889,14.1,9.0
46077,SD,Kingsbury,22.2972973,10.0,9.0
46079,SD,Lake,34.67082197,9.4,6.0
46081,SD,Lawrence,34.08732246,11.1,6.0
46083,SD,Lincoln,42.50419604,3.3,2.0
46085,SD,Lyman,25.25817556,19.3,9.0
46087,SD,McCook,28.65543972,8.0,2.0
46089,SD,McPherson,22.43902439,15.4,9.0
46091,SD,Marshall,22.44619064,11.1,9.0
46093,SD,Meade,26.88376168,7.9,3.0
46095,SD,Mellette,16.32983023,26.0,9.0
46097,SD,Miner,16.13485852,10.5,8.0
46099,SD,Minnehaha,34.56545339,9.7,2.0
46101,SD,Moody,30.98094566,9.8,8.0
46103,SD,Pennington,34.05527761,11.6,3.0
46105,SD,Perkins,21.76553013,14.5,9.0
46107,SD,Potter,26.62824207,9.2,9.0
46109,SD,Roberts,18.27403482,16.3,9.0
46111,SD,Sanborn,19.24290221,12.4,9.0
46115,SD,Spink,27.1355669,10.7,9.0
46117,SD,Stanley,25.35534159,7.6,9.0
46119,SD,Sully,20.94288305,7.6,9.0
46121,SD,Todd,16.55275523,35.6,9.0
46123,SD,Tripp,19.91150442,16.1,9.0
46125,SD,Turner,26.20793069,8.4,2.0
46127,SD,Union,36.50861699,5.7,3.0
46129,SD,Walworth,31.05360444,15.8,9.0
46135,SD,Yankton,27.65202496,11.4,7.0
46137,SD,Ziebach,14.06768414,46.2,9.0
47001,TN,Anderson,26.34047657,14.4,2.0
47003,TN,Bedford,16.90924532,13.3,4.0
47005,TN,Benton,12.43608632,17.6,9.0
47007,TN,Bledsoe,8.813646937,21.6,8.0
47009,TN,Blount,26.78928629,9.7,2.0
47011,TN,Bradley,24.63993204,15.0,3.0
47013,TN,Campbell,13.2364754,20.6,2.0
47015,TN,Cannon,16.92795999,14.4,1.0
47017,TN,Carroll,18.85825561,17.4,6.0
47019,TN,Carter,20.657277,16.9,3.0
47021,TN,Cheatham,25.05571689,8.7,1.0
47023,TN,Chester,19.15789474,16.7,3.0
47025,TN,Claiborne,17.30353592,18.6,6.0
47027,TN,Clay,11.99354607,21.2,8.0
47029,TN,Cocke,11.6454645,20.4,6.0
47031,TN,Coffee,22.93541292,14.5,4.0
47033,TN,Crockett,15.71787359,14.9,3.0
47035,TN,Cumberland,18.49535604,14.6,4.0
47037,TN,Davidson,47.32054526,12.3,1.0
47039,TN,Decatur,15.01616573,19.2,9.0
47041,TN,DeKalb,19.96422675,16.3,8.0
47043,TN,Dickson,21.35688166,9.9,1.0
47045,TN,Dyer,21.64277443,17.7,6.0
47047,TN,Fayette,26.89819012,12.8,1.0
47049,TN,Fentress,15.27057621,18.9,8.0
47051,TN,Franklin,23.05074567,12.9,7.0
47053,TN,Gibson,19.08039967,14.7,3.0
47055,TN,Giles,19.2372093,15.3,6.0
47057,TN,Grainger,14.92936888,15.5,2.0
47059,TN,Greene,17.67961184,14.8,4.0
47061,TN,Grundy,12.39110382,22.8,8.0
47063,TN,Hamblen,20.05775913,17.3,3.0
47065,TN,Hamilton,36.96496864,12.9,2.0
47067,TN,Hancock,8.576755749,26.7,8.0
47069,TN,Hardeman,11.2987579,21.5,6.0
47071,TN,Hardin,14.75124251,19.7,6.0
47073,TN,Hawkins,16.78529063,17.2,2.0
47075,TN,Haywood,13.10550496,21.0,6.0
47077,TN,Henderson,14.35559446,14.0,6.0
47079,TN,Henry,18.579725,18.3,7.0
47081,TN,Hickman,13.57237863,15.9,1.0
47083,TN,Houston,13.68349482,17.0,8.0
47085,TN,Humphreys,16.41923333,14.7,8.0
47087,TN,Jackson,13.47748151,20.0,8.0
47089,TN,Jefferson,21.03064067,12.9,3.0
47091,TN,Johnson,15.68826645,20.9,8.0
47093,TN,Knox,40.16151728,13.8,2.0
47095,TN,Lake,9.382908312,34.0,9.0
47097,TN,Lauderdale,10.91970975,24.6,6.0
47099,TN,Lawrence,15.49920551,14.9,6.0
47101,TN,Lewis,10.93036212,16.1,8.0
47103,TN,Lincoln,19.27701154,14.5,6.0
47105,TN,Loudon,28.55392446,10.5,2.0
47107,TN,McMinn,17.50209074,14.9,4.0
47109,TN,McNairy,11.80745274,15.5,8.0
47111,TN,Macon,11.80624453,16.2,1.0
47113,TN,Madison,25.95032641,18.6,3.0
47115,TN,Marion,16.47194024,15.1,2.0
47117,TN,Marshall,20.99144731,10.7,6.0
47119,TN,Maury,26.47111135,10.7,1.0
47121,TN,Meigs,11.95286195,15.6,8.0
47123,TN,Monroe,15.80105634,16.0,6.0
47125,TN,Montgomery,31.72030563,12.6,2.0
47127,TN,Moore,24.66442953,9.9,9.0
47129,TN,Morgan,13.70744578,16.2,2.0
47131,TN,Obion,18.05975003,19.3,7.0
47133,TN,Overton,13.48765432,14.3,9.0
47135,TN,Perry,12.69733492,17.5,9.0
47137,TN,Pickett,17.1661409,16.6,9.0
47139,TN,Polk,14.67065868,15.0,3.0
47141,TN,Putnam,29.19391228,17.3,4.0
47143,TN,Rhea,17.38492731,16.0,6.0
47145,TN,Roane,22.04030227,13.4,2.0
47147,TN,Robertson,21.08624315,9.9,1.0
47149,TN,Rutherford,34.38854656,9.1,1.0
47151,TN,Scott,10.19028045,21.0,8.0
47153,TN,Sequatchie,18.89141223,15.1,2.0
47155,TN,Sevier,21.43883878,12.2,4.0
47157,TN,Shelby,34.19779025,18.2,1.0
47159,TN,Smith,17.94781382,11.7,1.0
47161,TN,Stewart,16.23258631,12.9,2.0
47163,TN,Sullivan,26.61755668,13.5,2.0
47165,TN,Sumner,32.62558708,8.9,1.0
47167,TN,Tipton,18.47531914,14.8,1.0
47169,TN,Trousdale,10.12956419,15.8,1.0
47171,TN,Unicoi,20.01367158,12.3,3.0
47173,TN,Union,14.54126197,15.9,2.0
47175,TN,Van Buren,13.98509426,14.7,9.0
47177,TN,Warren,15.11876028,17.6,6.0
47179,TN,Washington,33.52444794,16.3,3.0
47181,TN,Wayne,12.53346313,18.0,8.0
47183,TN,Weakley,21.61253669,18.6,6.0
47185,TN,White,14.17595661,13.7,7.0
47187,TN,Williamson,61.8356998,4.9,1.0
47189,TN,Wilson,37.22140375,6.6,1.0
48001,TX,Anderson,14.53687513,21.4,7.0
48003,TX,Andrews,19.94774304,11.4,6.0
48005,TX,Angelina,18.0127608,17.2,5.0
48007,TX,Aransas,27.62767453,17.1,2.0
48009,TX,Archer,25.1756249,9.7,3.0
48011,TX,Armstrong,21.41194725,10.5,2.0
48013,TX,Atascosa,15.26655897,18.4,1.0
48015,TX,Austin,23.420249,11.6,1.0
48017,TX,Bailey,16.73965937,16.4,6.0
48019,TX,Bandera,25.48350398,12.9,1.0
48021,TX,Bastrop,23.34559373,11.3,1.0
48023,TX,Baylor,28.37022133,17.4,9.0
48025,TX,Bee,11.44917423,24.9,6.0
48027,TX,Bell,27.17803111,11.5,2.0
48029,TX,Bexar,31.53964555,14.7,1.0
48031,TX,Blanco,34.3385214,8.5,8.0
48033,TX,Borden,35.34675615,11.9,9.0
48035,TX,Bosque,20.72789521,11.7,2.0
48037,TX,Bowie,22.07138621,14.8,3.0
48039,TX,Brazoria,32.09135189,9.4,1.0
48041,TX,Brazos,42.53721304,23.7,2.0
48043,TX,Brewster,45.27064732,13.7,7.0
48045,TX,Briscoe,19.02286902,13.9,8.0
48047,TX,Brooks,14.4407831,29.7,9.0
48049,TX,Brown,19.93702912,14.8,5.0
48051,TX,Burleson,23.10326459,13.9,2.0
48053,TX,Burnet,28.6951799,9.9,6.0
48055,TX,Caldwell,16.42558051,13.7,1.0
48057,TX,Calhoun,16.89635372,14.6,6.0
48059,TX,Callahan,23.87800898,12.7,3.0
48061,TX,Cameron,20.55811391,23.5,2.0
48063,TX,Camp,19.69498392,17.6,8.0
48065,TX,Carson,25.87027298,9.1,2.0
48067,TX,Cass,17.5978207,16.5,6.0
48069,TX,Castro,20.99843295,17.7,9.0
48071,TX,Chambers,22.9665836,8.6,1.0
48073,TX,Cherokee,18.45805389,18.9,6.0
48075,TX,Childress,11.47840195,19.9,9.0
48077,TX,Clay,23.85297185,11.7,3.0
48079,TX,Cochran,10.72077529,22.0,2.0
48081,TX,Coke,21.09343125,13.0,8.0
48083,TX,Coleman,17.92535483,17.7,8.0
48085,TX,Collin,54.913394,6.4,1.0
48087,TX,Collingsworth,26.04651163,18.9,9.0
48089,TX,Colorado,23.99971873,14.5,8.0
48091,TX,Comal,42.21406837,7.1,1.0
48093,TX,Comanche,19.97509598,17.6,9.0
48095,TX,Concho,13.15990819,22.2,8.0
48097,TX,Cooke,23.59448928,12.5,6.0
48099,TX,Coryell,18.65554097,12.2,2.0
48101,TX,Cottle,21.79487179,20.1,9.0
48103,TX,Crane,14.34482759,11.7,8.0
48105,TX,Crockett,11.00045269,15.3,8.0
48107,TX,Crosby,14.13406127,21.7,2.0
48109,TX,Culberson,16.30367144,20.5,9.0
48111,TX,Dallam,15.7188353,12.2,7.0
48113,TX,Dallas,34.84724559,13.8,1.0
48115,TX,Dawson,14.4705736,19.7,6.0
48117,TX,Deaf Smith,11.82096759,16.5,6.0
48119,TX,Delta,19.53624733,15.1,8.0
48121,TX,Denton,48.39235703,6.1,1.0
48123,TX,DeWitt,15.7483731,18.3,6.0
48125,TX,Dickens,19.11148365,18.4,8.0
48127,TX,Dimmit,11.04448743,27.3,7.0
48129,TX,Donley,16.14654003,16.9,8.0
48131,TX,Duval,6.97034546,29.1,9.0
48133,TX,Eastland,22.21401002,16.3,8.0
48135,TX,Ector,16.6474625,11.7,3.0
48137,TX,Edwards,25.92190889,19.7,9.0
48139,TX,Ellis,28.60132225,7.4,1.0
48141,TX,El Paso,25.3611906,18.5,2.0
48143,TX,Erath,32.49512671,15.8,5.0
48145,TX,Falls,14.95434729,20.1,2.0
48147,TX,Fannin,20.16627997,14.2,6.0
48149,TX,Fayette,27.15702479,9.3,6.0
48151,TX,Fisher,18.22515585,14.3,8.0
48153,TX,Floyd,16.71316964,20.3,8.0
48155,TX,Foard,14.47562777,16.8,9.0
48157,TX,Fort Bend,49.29183763,8.5,1.0
48159,TX,Franklin,29.31196984,14.1,9.0
48161,TX,Freestone,15.88724717,15.4,9.0
48163,TX,Frio,11.39195758,25.6,6.0
48165,TX,Gaines,8.054943191,13.4,6.0
48167,TX,Galveston,34.25825866,11.5,1.0
48169,TX,Garza,10.6189968,18.5,2.0
48171,TX,Gillespie,35.33549784,10.0,7.0
48173,TX,Glasscock,39.87179487,8.1,8.0
48175,TX,Goliad,18.98076923,13.8,3.0
48177,TX,Gonzales,12.64226392,17.6,6.0
48179,TX,Gray,15.39952617,17.3,6.0
48181,TX,Grayson,23.73325999,10.9,3.0
48183,TX,Gregg,22.35810677,16.0,2.0
48185,TX,Grimes,19.46084969,14.9,6.0
48187,TX,Guadalupe,30.9227787,8.1,1.0
48189,TX,Hale,15.63188464,19.3,4.0
48191,TX,Hall,17.81888997,22.1,9.0
48193,TX,Hamilton,24.27715997,13.7,8.0
48195,TX,Hansford,30.39975209,11.6,9.0
48197,TX,Hardeman,15.02611491,16.4,9.0
48199,TX,Hardin,20.76622806,11.5,2.0
48201,TX,Harris,33.74654912,16.0,1.0
48203,TX,Harrison,22.50190197,17.2,2.0
48205,TX,Hartley,23.075,8.5,9.0
48207,TX,Haskell,22.49808037,19.3,8.0
48209,TX,Hays,41.8774423,9.8,1.0
48211,TX,Hemphill,24.44545043,10.1,9.0
48213,TX,Henderson,20.21211917,16.9,4.0
48215,TX,Hidalgo,20.32666694,26.9,2.0
48217,TX,Hill,18.45240467,14.2,6.0
48219,TX,Hockley,18.31325301,15.1,2.0
48221,TX,Hood,32.40689153,8.1,4.0
48223,TX,Hopkins,20.0285499,13.0,6.0
48225,TX,Houston,15.52379784,21.8,7.0
48227,TX,Howard,15.34068444,18.0,4.0
48229,TX,Hudspeth,12.3857404,32.0,2.0
48231,TX,Hunt,21.89311476,12.7,1.0
48233,TX,Hutchinson,15.95403328,14.3,6.0
48235,TX,Irion,22.1180881,8.9,3.0
48237,TX,Jack,15.56274476,13.2,8.0
48239,TX,Jackson,15.8553142,14.0,6.0
48241,TX,Jasper,12.55325691,16.6,6.0
48243,TX,Jeff Davis,30.43478261,12.8,9.0
48245,TX,Jefferson,19.44985308,20.1,2.0
48247,TX,Jim Hogg,18.95261845,24.6,8.0
48249,TX,Jim Wells,15.17727052,21.2,6.0
48251,TX,Johnson,23.54165486,9.9,1.0
48253,TX,Jones,11.22235,20.5,3.0
48255,TX,Karnes,16.015625,23.6,8.0
48257,TX,Kaufman,25.2972109,9.6,1.0
48259,TX,Kendall,49.11984271,6.9,1.0
48261,TX,Kenedy,10.63829787,14.9,9.0
48263,TX,Kent,26.90265487,11.6,9.0
48265,TX,Kerr,31.21320706,12.0,4.0
48267,TX,Kimble,25.64712883,17.4,9.0
48269,TX,King,36.36363636,9.7,9.0
48271,TX,Kinney,19.52175617,21.0,9.0
48273,TX,Kleberg,23.72529815,22.1,4.0
48275,TX,Knox,15.59792028,20.5,9.0
48277,TX,Lamar,20.58301057,19.2,5.0
48279,TX,Lamb,14.25040168,18.3,6.0
48281,TX,Lampasas,21.63988778,11.5,2.0
48283,TX,La Salle,8.096085409,27.1,8.0
48285,TX,Lavaca,20.90181205,12.5,8.0
48287,TX,Lee,18.70041257,11.2,8.0
48289,TX,Leon,17.05364996,13.7,8.0
48291,TX,Liberty,11.23758859,14.5,1.0
48293,TX,Limestone,19.12691269,18.0,6.0
48295,TX,Lipscomb,25.40453074,12.6,9.0
48297,TX,Live Oak,13.84116304,17.0,8.0
48299,TX,Llano,33.05870237,11.7,7.0
48301,TX,Loving,0.0,4.7,9.0
48303,TX,Lubbock,33.32450514,17.1,2.0
48305,TX,Lynn,24.29881338,16.7,2.0
48307,TX,McCulloch,19.60200855,18.5,9.0
48309,TX,McLennan,27.77164427,16.7,2.0
48311,TX,McMullen,14.97175141,12.4,8.0
48313,TX,Madison,14.53272051,18.3,8.0
48315,TX,Marion,15.99492672,21.7,8.0
48317,TX,Martin,17.78816199,11.9,3.0
48319,TX,Mason,40.12944984,12.4,9.0
48321,TX,Matagorda,22.76956305,17.9,6.0
48323,TX,Maverick,15.32717567,22.8,3.0
48325,TX,Medina,22.15802317,13.1,1.0
48327,TX,Menard,22.90233838,20.0,9.0
48329,TX,Midland,30.94332958,10.9,3.0
48331,TX,Milam,19.51681396,15.9,6.0
48333,TX,Mills,28.08695652,14.7,9.0
48335,TX,Mitchell,13.91947412,21.1,7.0
48337,TX,Montague,17.84057068,13.4,6.0
48339,TX,Montgomery,37.89510465,10.1,1.0
48341,TX,Moore,12.04559949,13.5,7.0
48343,TX,Morris,15.53775188,19.3,8.0
48345,TX,Motley,22.03567681,16.8,8.0
48347,TX,Nacogdoches,26.50526149,19.6,5.0
48349,TX,Navarro,17.07195594,15.7,4.0
48351,TX,Newton,6.23017671,18.5,8.0
48353,TX,Nolan,13.72078464,20.4,6.0
48355,TX,Nueces,23.68495354,17.3,2.0
48357,TX,Ochiltree,19.01408451,11.1,7.0
48359,TX,Oldham,25.2606255,12.3,2.0
48361,TX,Orange,17.79387088,14.5,2.0
48363,TX,Palo Pinto,18.67651492,16.9,6.0
48365,TX,Panola,17.87470878,13.6,6.0
48367,TX,Parker,31.58184807,8.2,1.0
48369,TX,Parmer,16.69367909,13.4,9.0
48371,TX,Pecos,13.4175217,21.2,7.0
48373,TX,Polk,13.40729849,18.1,6.0
48375,TX,Potter,17.33556597,17.8,2.0
48377,TX,Presidio,20.19717559,22.9,9.0
48379,TX,Rains,25.15943878,13.8,8.0
48381,TX,Randall,32.05227798,8.7,2.0
48383,TX,Reagan,17.04863052,10.7,8.0
48385,TX,Real,19.14565106,15.7,9.0
48387,TX,Red River,15.6374269,18.4,8.0
48389,TX,Reeves,6.871414914,17.6,7.0
48391,TX,Refugio,13.80263718,16.8,8.0
48393,TX,Roberts,22.03065134,9.0,9.0
48395,TX,Robertson,19.13058479,17.0,2.0
48397,TX,Rockwall,43.9721975,5.1,1.0
48399,TX,Runnels,19.06501096,15.3,8.0
48401,TX,Rusk,17.86029574,14.2,2.0
48403,TX,Sabine,17.82855667,14.5,9.0
48405,TX,San Augustine,11.51850571,20.3,9.0
48407,TX,San Jacinto,15.82162492,16.7,1.0
48409,TX,San Patricio,17.24122788,17.2,2.0
48411,TX,San Saba,21.66828794,18.4,9.0
48413,TX,Schleicher,24.204947,16.0,8.0
48415,TX,Scurry,17.88304416,15.7,7.0
48417,TX,Shackelford,34.60490463,12.8,8.0
48419,TX,Shelby,13.73284189,18.0,7.0
48421,TX,Sherman,25.62972292,12.8,9.0
48423,TX,Smith,27.74101779,13.2,3.0
48425,TX,Somervell,24.97420021,8.8,8.0
48427,TX,Starr,13.29701757,28.8,4.0
48429,TX,Stephens,18.20330969,18.4,7.0
48431,TX,Sterling,24.52350699,11.5,8.0
48433,TX,Stonewall,14.10891089,15.9,9.0
48435,TX,Sutton,15.47785548,13.4,9.0
48437,TX,Swisher,20.13842376,19.4,8.0
48439,TX,Tarrant,34.54800144,11.0,1.0
48441,TX,Taylor,29.00993452,13.3,3.0
48443,TX,Terrell,32.34042553,18.6,9.0
48445,TX,Terry,10.96520915,19.3,6.0
48447,TX,Throckmorton,24.97801231,13.1,9.0
48449,TX,Titus,15.40151206,15.7,7.0
48451,TX,Tom Green,25.11717004,14.6,3.0
48453,TX,Travis,55.51476844,10.2,1.0
48455,TX,Trinity,15.89449768,18.9,8.0
48457,TX,Tyler,11.97592504,18.5,8.0
48459,TX,Upshur,17.48857013,13.9,2.0
48461,TX,Upton,8.808988764,15.3,8.0
48463,TX,Uvalde,20.16378643,21.0,6.0
48465,TX,Val Verde,21.33222947,20.2,5.0
48467,TX,Van Zandt,18.19973256,12.0,8.0
48469,TX,Victoria,19.68702087,14.1,3.0
48471,TX,Walker,21.43211573,22.4,4.0
48473,TX,Waller,26.57326328,13.9,1.0
48475,TX,Ward,10.68670131,14.1,6.0
48477,TX,Washington,31.00223623,14.5,6.0
48479,TX,Webb,20.94155631,22.5,2.0
48481,TX,Wharton,19.22546958,15.3,4.0
48483,TX,Wheeler,19.51364176,14.3,9.0
48485,TX,Wichita,24.83562819,17.6,3.0
48487,TX,Wilbarger,17.41143783,16.9,6.0
48489,TX,Willacy,12.18191662,27.8,6.0
48491,TX,Williamson,47.40231583,6.4,1.0
48493,TX,Wilson,26.27216926,9.9,1.0
48495,TX,Winkler,10.00638706,13.5,6.0
48497,TX,Wise,20.63897111,9.4,1.0
48499,TX,Wood,22.26073047,15.2,6.0
48501,TX,Yoakum,14.2,13.0,9.0
48503,TX,Young,23.58232932,14.5,7.0
48505,TX,Zapata,13.28046324,30.4,6.0
48507,TX,Zavala,9.551349457,28.9,7.0
49001,UT,Beaver,22.73655548,9.9,9.0
49003,UT,Box Elder,26.71238605,8.5,4.0
49005,UT,Cache,40.42448034,10.7,3.0
49007,UT,Carbon,18.41338612,14.0,7.0
49009,UT,Daggett,11.5913556,7.6,9.0
49011,UT,Davis,38.68939608,6.0,2.0
49013,UT,Duchesne,17.00142869,12.4,7.0
49015,UT,Emery,17.16616978,10.8,9.0
49017,UT,Garfield,32.01730665,10.0,9.0
49019,UT,Grand,34.73027842,10.6,7.0
49021,UT,Iron,30.3062333,11.6,4.0
49023,UT,Juab,20.22889843,8.2,2.0
49025,UT,Kane,32.13913043,8.9,8.0
49027,UT,Millard,23.05178482,9.3,9.0
49029,UT,Morgan,38.84459365,4.3,2.0
49031,UT,Piute,19.01893287,14.1,9.0
49033,UT,Rich,24.46941323,7.6,8.0
49035,UT,Salt Lake,38.63020561,9.5,1.0
49037,UT,San Juan,20.23782814,18.8,9.0
49039,UT,Sanpete,23.17925592,12.9,6.0
49041,UT,Sevier,23.059642,10.7,7.0
49043,UT,Summit,58.06974578,5.1,4.0
49045,UT,Tooele,23.20170805,6.8,1.0
49047,UT,Uintah,16.83437962,11.1,7.0
49049,UT,Utah,43.83636656,9.0,2.0
49051,UT,Wasatch,47.71955252,5.0,4.0
49053,UT,Washington,33.28757502,10.6,3.0
49055,UT,Wayne,25.19337017,11.4,9.0
49057,UT,Weber,28.04944026,8.5,2.0
50001,VT,Addison,43.47229632,8.7,6.0
50003,VT,Bennington,41.159657,11.9,6.0
50005,VT,Caledonia,31.94657522,14.0,9.0
50007,VT,Chittenden,55.79822324,7.8,3.0
50009,VT,Essex,21.17750439,14.4,9.0
50011,VT,Franklin,28.80141109,9.9,3.0
50013,VT,Grand Isle,43.17700987,8.7,3.0
50015,VT,Lamoille,43.84059909,9.6,8.0
50017,VT,Orange,36.52008514,9.7,9.0
50019,VT,Orleans,28.56364537,14.1,9.0
50021,VT,Rutland,33.53452867,11.8,7.0
50023,VT,Washington,47.00537439,8.6,4.0
50025,VT,Windham,42.35448962,10.1,7.0
50027,VT,Windsor,41.91159717,9.9,7.0
51001,VA,Accomack,21.79476663,17.3,9.0
51003,VA,Albemarle,60.60038486,8.0,3.0
51005,VA,Alleghany,15.56074347,13.9,6.0
51007,VA,Amelia,16.78321678,10.0,1.0
51009,VA,Amherst,22.97605728,12.5,2.0
51011,VA,Appomattox,20.50554552,11.4,2.0
51013,VA,Arlington,77.10922662,7.1,1.0
51015,VA,Augusta,23.28240958,8.2,3.0
51017,VA,Bath,15.55346504,10.5,9.0
51019,VA,Bedford,33.64661334,9.9,2.0
51021,VA,Bland,15.44440016,13.9,8.0
51023,VA,Botetourt,27.51998091,6.3,2.0
51025,VA,Brunswick,15.61616498,20.8,8.0
51027,VA,Buchanan,10.84591547,22.8,9.0
51029,VA,Buckingham,13.49118943,18.1,8.0
51031,VA,Campbell,25.72105788,12.4,2.0
51033,VA,Caroline,23.20765954,9.3,8.0
51035,VA,Carroll,16.68029064,16.1,6.0
51036,VA,Charles City,16.01064841,11.3,1.0
51037,VA,Charlotte,18.7120743,20.8,8.0
51041,VA,Chesterfield,42.66314718,6.9,1.0
51043,VA,Clarke,37.28050428,7.3,1.0
51045,VA,Craig,17.30994152,12.3,2.0
51047,VA,Culpeper,26.40533778,9.6,1.0
51049,VA,Cumberland,18.16934267,14.2,8.0
51051,VA,Dickenson,10.72015466,19.4,9.0
51053,VA,Dinwiddie,20.45980407,11.8,1.0
51057,VA,Essex,17.51843706,13.0,8.0
51059,VA,Fairfax,64.2669927,6.1,1.0
51061,VA,Fauquier,39.67638432,6.1,1.0
51063,VA,Floyd,23.03341902,11.1,3.0
51065,VA,Fluvanna,35.59843674,7.6,3.0
51067,VA,Franklin,24.32702143,11.4,2.0
51069,VA,Frederick,30.30899006,7.4,3.0
51071,VA,Giles,18.01927989,11.3,3.0
51073,VA,Gloucester,25.85655709,7.9,1.0
51075,VA,Goochland,46.9924812,6.7,1.0
51077,VA,Grayson,13.94316921,16.4,9.0
51079,VA,Greene,28.50171821,8.9,3.0
51081,VA,Greensville,13.78182668,27.3,6.0
51083,VA,Halifax,18.19293312,19.7,6.0
51085,VA,Hanover,42.36427298,5.3,1.0
51087,VA,Henrico,45.74147976,9.4,1.0
51089,VA,Henry,15.67150072,16.9,4.0
51091,VA,Highland,35.47257876,12.9,8.0
51093,VA,Isle of Wight,29.94414198,7.3,1.0
51095,VA,James City,50.18457089,7.2,1.0
51097,VA,King and Queen,19.46360153,12.7,1.0
51099,VA,King George,35.83148319,6.3,8.0
51101,VA,King William,24.26239799,7.1,1.0
51103,VA,Lancaster,37.39586899,12.6,9.0
51105,VA,Lee,12.67164539,25.0,8.0
51107,VA,Loudoun,64.0137464,4.1,1.0
51109,VA,Louisa,27.65369963,9.4,8.0
51111,VA,Lunenburg,11.19235096,19.1,9.0
51113,VA,Madison,27.61135199,10.1,8.0
51115,VA,Mathews,30.10555301,9.2,1.0
51117,VA,Mecklenburg,21.17012412,14.6,7.0
51119,VA,Middlesex,31.60804611,12.9,8.0
51121,VA,Montgomery,48.39536498,23.8,3.0
51125,VA,Nelson,33.70150862,13.8,3.0
51127,VA,New Kent,35.47265077,5.6,1.0
51131,VA,Northampton,32.54587408,17.5,8.0
51133,VA,Northumberland,33.88455867,12.1,9.0
51135,VA,Nottoway,16.77852349,17.8,8.0
51137,VA,Orange,29.44913671,8.0,6.0
51139,VA,Page,15.22189009,14.2,8.0
51141,VA,Patrick,15.229906,14.4,8.0
51143,VA,Pittsylvania,15.4139106,13.7,4.0
51145,VA,Powhatan,34.22575977,6.1,1.0
51147,VA,Prince Edward,24.20278638,25.1,6.0
51149,VA,Prince George,23.98245805,11.3,1.0
51153,VA,Prince William,44.47757374,6.7,1.0
51155,VA,Pulaski,21.44007542,16.5,3.0
51157,VA,Rappahannock,35.64007748,9.0,1.0
51159,VA,Richmond,17.35513064,15.6,9.0
51161,VA,Roanoke,37.38384154,7.2,2.0
51163,VA,Rockbridge,31.45512293,11.4,6.0
51165,VA,Rockingham,28.39889044,10.1,3.0
51167,VA,Russell,14.10027328,18.5,8.0
51169,VA,Scott,14.24857638,20.5,2.0
51171,VA,Shenandoah,21.37037154,9.9,6.0
51173,VA,Smyth,18.05824348,15.1,7.0
51175,VA,Southampton,18.59398496,13.3,6.0
51177,VA,Spotsylvania,33.7921328,6.6,1.0
51179,VA,Stafford,43.30813566,5.3,1.0
51181,VA,Surry,25.40134119,12.4,1.0
51183,VA,Sussex,15.80860085,20.9,1.0
51185,VA,Tazewell,16.39004149,21.0,7.0
51187,VA,Warren,24.53414014,9.3,1.0
51191,VA,Washington,26.52757449,12.8,2.0
51193,VA,Westmoreland,19.7092654,12.5,8.0
51195,VA,Wise,15.60733917,18.2,7.0
51197,VA,Wythe,19.71926101,13.5,6.0
51199,VA,York,50.02293387,6.5,1.0
51510,VA,Alexandria,65.75447269,8.5,1.0
51520,VA,Bristol,23.92015707,21.8,2.0
51530,VA,Buena Vista,24.7311828,14.6,6.0
51540,VA,Charlottesville,60.55131117,19.6,3.0
51550,VA,Chesapeake,36.42057797,10.0,1.0
51570,VA,Colonial Heights,29.49112426,10.4,1.0
51580,VA,Covington,9.59979074,17.7,6.0
51590,VA,Danville,18.30123491,23.4,4.0
51595,VA,Emporia,15.15234697,20.1,6.0
51600,VA,Fairfax,62.34982441,7.4,1.0
51610,VA,Falls Church,79.72574911,5.1,1.0
51620,VA,Franklin,26.43163923,19.8,6.0
51630,VA,Fredericksburg,46.78909953,12.7,1.0
51640,VA,Galax,18.28776333,20.8,6.0
51650,VA,Hampton,27.47944764,13.4,1.0
51660,VA,Harrisonburg,36.74367016,23.8,3.0
51670,VA,Hopewell,12.4799143,20.0,1.0
51678,VA,Lexington,57.30544448,21.4,6.0
51680,VA,Lynchburg,38.53511766,19.1,2.0
51683,VA,Manassas,33.24767454,10.7,1.0
51685,VA,Manassas Park,25.47861872,7.7,1.0
51690,VA,Martinsville,21.24814264,22.5,4.0
51700,VA,Newport News,29.09590908,15.7,1.0
51710,VA,Norfolk,32.663396,18.3,1.0
51720,VA,Norton,16.64735419,20.6,7.0
51730,VA,Petersburg,25.01199983,21.2,1.0
51735,VA,Poquoson,40.06596156,5.8,1.0
51740,VA,Portsmouth,23.19837258,18.7,1.0
51750,VA,Radford,39.75121687,26.4,3.0
51760,VA,Richmond,44.0716926,17.6,1.0
51770,VA,Roanoke,28.89210717,18.4,2.0
51775,VA,Salem,31.14421516,10.4,2.0
51790,VA,Staunton,35.06993386,11.3,3.0
51800,VA,Suffolk,32.42446239,11.1,1.0
51810,VA,Virginia Beach,40.41547797,8.7,1.0
51820,VA,Waynesboro,26.2691227,12.9,3.0
51830,VA,Williamsburg,48.47966302,18.8,1.0
51840,VA,Winchester,31.63963576,16.2,3.0
53001,WA,Adams,15.42534416,15.1,6.0
53003,WA,Asotin,24.32745684,14.9,3.0
53005,WA,Benton,32.97526636,11.2,2.0
53007,WA,Chelan,30.22025793,10.2,3.0
53009,WA,Clallam,30.69086226,11.9,5.0
53011,WA,Clark,32.96043439,7.5,1.0
53013,WA,Columbia,27.21989022,13.6,8.0
53015,WA,Cowlitz,17.0066806,13.2,3.0
53017,WA,Douglas,21.86300055,11.8,3.0
53019,WA,Ferry,18.31184884,17.2,8.0
53021,WA,Franklin,20.41592874,12.8,2.0
53023,WA,Garfield,26.76940639,14.1,8.0
53025,WA,Grant,18.16451306,15.2,5.0
53027,WA,Grays Harbor,17.62111391,15.1,4.0
53029,WA,Island,35.73504594,8.6,4.0
53031,WA,Jefferson,43.25989941,11.0,6.0
53033,WA,King,55.929893,8.8,1.0
53035,WA,Kitsap,36.52506822,8.7,2.0
53037,WA,Kittitas,35.25413308,15.2,4.0
53039,WA,Klickitat,31.19439821,11.9,9.0
53041,WA,Lewis,20.15059939,13.7,4.0
53043,WA,Lincoln,23.69562523,10.7,8.0
53045,WA,Mason,22.00644625,12.0,4.0
53047,WA,Okanogan,23.98432397,16.7,6.0
53049,WA,Pacific,23.35634626,13.1,7.0
53051,WA,Pend Oreille,20.28255286,14.4,8.0
53053,WA,Pierce,30.14781679,9.9,1.0
53055,WA,San Juan,53.40796185,9.4,9.0
53057,WA,Skagit,29.13493625,9.7,3.0
53059,WA,Skamania,28.15410669,11.0,1.0
53061,WA,Snohomish,36.84268811,8.8,1.0
53063,WA,Spokane,32.09995042,12.5,2.0
53065,WA,Stevens,21.78019296,11.9,2.0
53067,WA,Thurston,37.17542449,9.9,2.0
53069,WA,Wahkiakum,22.27311766,11.3,8.0
53071,WA,Walla Walla,30.08780488,14.9,3.0
53073,WA,Whatcom,38.08601417,12.9,3.0
53075,WA,Whitman,50.15806544,24.8,4.0
53077,WA,Yakima,18.86505411,16.1,2.0
54001,WV,Barbour,12.24567408,20.0,9.0
54003,WV,Berkeley,24.34866076,11.3,2.0
54005,WV,Boone,11.93464052,20.8,3.0
54007,WV,Braxton,11.86109604,19.7,8.0
54009,WV,Brooke,21.90192796,14.1,3.0
54011,WV,Cabell,32.4483491,19.8,2.0
54013,WV,Calhoun,10.10166559,21.3,8.0
54015,WV,Clay,11.77440029,23.5,3.0
54017,WV,Doddridge,12.69977659,18.9,9.0
54019,WV,Fayette,16.09207267,16.7,3.0
54021,WV,Gilmer,19.87275449,26.4,9.0
54023,WV,Grant,17.94302627,16.6,9.0
54025,WV,Greenbrier,22.0714197,18.2,6.0
54027,WV,Hampshire,16.25270594,14.2,3.0
54029,WV,Hancock,20.17165369,14.1,3.0
54031,WV,Hardy,15.66186107,13.8,8.0
54033,WV,Harrison,25.89274232,14.4,5.0
54035,WV,Jackson,19.41737769,14.8,8.0
54037,WV,Jefferson,33.72484039,9.0,1.0
54039,WV,Kanawha,29.27442696,15.6,3.0
54041,WV,Lewis,17.45952262,16.4,9.0
54043,WV,Lincoln,8.393804075,21.7,8.0
54045,WV,Logan,13.83985005,19.4,6.0
54047,WV,McDowell,5.748537589,36.2,9.0
54049,WV,Marion,25.8392728,14.7,4.0
54051,WV,Marshall,19.07815631,15.1,3.0
54053,WV,Mason,16.22833397,18.0,6.0
54055,WV,Mercer,20.6675593,19.7,4.0
54057,WV,Mineral,22.81105991,13.9,7.0
54059,WV,Mingo,8.325652842,28.8,8.0
54061,WV,Monongalia,47.93676801,18.3,3.0
54063,WV,Monroe,15.42806512,16.4,8.0
54065,WV,Morgan,17.6123021,10.7,2.0
54067,WV,Nicholas,19.04283802,19.3,8.0
54069,WV,Ohio,32.53207841,14.5,3.0
54071,WV,Pendleton,20.45604034,13.9,8.0
54073,WV,Pleasants,14.63725848,14.5,8.0
54075,WV,Pocahontas,15.79473509,19.2,9.0
54077,WV,Preston,17.88841534,17.3,3.0
54079,WV,Putnam,28.40461175,10.3,2.0
54081,WV,Raleigh,21.62687819,18.2,3.0
54083,WV,Randolph,18.96196824,18.9,7.0
54085,WV,Ritchie,12.84492496,17.7,8.0
54087,WV,Roane,14.19361238,19.6,8.0
54089,WV,Summers,15.9926866,22.6,8.0
54091,WV,Taylor,17.35291691,14.1,6.0
54093,WV,Tucker,24.19475655,17.6,9.0
54095,WV,Tyler,15.66324843,19.0,9.0
54097,WV,Upshur,17.43220132,18.3,7.0
54099,WV,Wayne,17.68209052,18.2,2.0
54101,WV,Webster,12.56414501,26.3,9.0
54103,WV,Wetzel,13.50605852,17.4,7.0
54105,WV,Wirt,16.24229429,17.7,3.0
54107,WV,Wood,22.94522827,13.7,3.0
54109,WV,Wyoming,12.04652997,21.5,8.0
55001,WI,Adams,17.26826963,13.2,8.0
55003,WI,Ashland,22.10310015,14.1,7.0
55005,WI,Barron,22.28216887,10.0,6.0
55007,WI,Bayfield,34.98866036,10.0,8.0
55009,WI,Brown,32.43333902,9.7,2.0
55011,WI,Buffalo,22.0924275,10.2,8.0
55013,WI,Burnett,22.00091227,13.5,8.0
55015,WI,Calumet,32.53457223,4.6,3.0
55017,WI,Chippewa,24.14046584,9.0,3.0
55019,WI,Clark,13.41718105,11.7,8.0
55021,WI,Columbia,25.67837761,7.9,2.0
55023,WI,Crawford,18.28411879,14.0,6.0
55025,WI,Dane,54.44958731,10.0,2.0
55027,WI,Dodge,19.92200851,8.6,4.0
55029,WI,Door,37.10957285,8.8,6.0
55031,WI,Douglas,27.76179157,9.5,2.0
55033,WI,Dunn,29.23142281,10.9,6.0
55035,WI,Eau Claire,35.65836925,10.8,3.0
55037,WI,Florence,23.12721329,10.7,9.0
55039,WI,Fond du Lac,22.61084081,9.2,3.0
55041,WI,Forest,15.49562682,15.8,9.0
55043,WI,Grant,24.56242707,13.7,6.0
55045,WI,Green,26.97525033,8.3,2.0
55047,WI,Green Lake,22.51675134,10.4,6.0
55049,WI,Iowa,28.47919235,8.4,2.0
55051,WI,Iron,23.37242216,13.5,9.0
55053,WI,Jackson,16.27270299,12.6,8.0
55055,WI,Jefferson,28.12846255,9.3,4.0
55057,WI,Juneau,16.27319145,12.5,8.0
55059,WI,Kenosha,30.76160323,11.3,3.0
55061,WI,Kewaunee,20.56074766,8.7,2.0
55063,WI,La Crosse,36.08257959,12.1,3.0
55065,WI,Lafayette,20.62219089,11.2,8.0
55067,WI,Langlade,16.18485059,13.6,6.0
55069,WI,Lincoln,19.43152214,9.9,6.0
55071,WI,Manitowoc,22.2318545,9.2,4.0
55073,WI,Marathon,27.27197407,9.6,3.0
55075,WI,Marinette,19.48516496,11.4,6.0
55077,WI,Marquette,15.15766337,11.6,8.0
55078,WI,Menominee,19.60467931,27.4,9.0
55079,WI,Milwaukee,33.89241692,17.1,1.0
55081,WI,Monroe,19.97627216,12.8,4.0
55083,WI,Oconto,18.6975945,8.6,2.0
55085,WI,Oneida,28.42940315,8.2,7.0
55087,WI,Outagamie,31.98365443,6.3,3.0
55089,WI,Ozaukee,50.36459295,4.8,1.0
55091,WI,Pepin,23.63602039,10.3,8.0
55093,WI,Pierce,31.98398413,8.3,1.0
55095,WI,Polk,23.66552326,9.1,8.0
55097,WI,Portage,33.69664336,9.8,4.0
55099,WI,Price,17.05800464,12.0,9.0
55101,WI,Racine,27.9861193,10.7,3.0
55103,WI,Richland,20.71903912,13.0,8.0
55105,WI,Rock,25.7341556,11.2,3.0
55107,WI,Rusk,16.30163305,13.7,8.0
55109,WI,St. Croix,39.38824544,5.7,1.0
55111,WI,Sauk,26.49315838,9.4,4.0
55113,WI,Sawyer,27.20121247,15.0,9.0
55115,WI,Shawano,18.70120171,11.5,6.0
55117,WI,Sheboygan,27.3190251,8.9,3.0
55119,WI,Taylor,16.65473805,11.3,8.0
55121,WI,Trempealeau,20.22988506,11.8,8.0
55123,WI,Vernon,24.84211541,12.5,3.0
55125,WI,Vilas,30.52494436,12.3,9.0
55127,WI,Walworth,32.31722742,10.5,4.0
55129,WI,Washburn,23.55072464,10.8,8.0
55131,WI,Washington,34.78841371,6.0,1.0
55133,WI,Waukesha,47.9367623,5.5,1.0
55135,WI,Waupaca,20.1920017,12.1,6.0
55137,WI,Waushara,17.35967288,10.5,8.0
55139,WI,Winnebago,31.04221975,10.3,3.0
55141,WI,Wood,21.42358029,9.8,4.0
56001,WY,Albany,55.50982226,16.7,4.0
56003,WY,Big Horn,20.88811709,12.6,9.0
56005,WY,Campbell,22.21320258,8.5,5.0
56007,WY,Carbon,22.79252704,11.4,7.0
56009,WY,Converse,22.87609222,10.4,6.0
56011,WY,Crook,23.99686827,7.1,9.0
56013,WY,Fremont,25.25450569,13.5,7.0
56015,WY,Goshen,24.6105919,14.4,7.0
56017,WY,Hot Springs,26.38221154,11.1,9.0
56019,WY,Johnson,30.31408629,8.4,9.0
56021,WY,Laramie,32.04091997,9.6,3.0
56023,WY,Lincoln,24.12067697,7.0,9.0
56025,WY,Natrona,27.370143,10.5,3.0
56027,WY,Niobrara,19.58224543,15.8,9.0
56029,WY,Park,34.95593596,9.7,7.0
56031,WY,Platte,19.51256664,11.0,8.0
56033,WY,Sheridan,33.37504469,9.4,7.0
56035,WY,Sublette,31.08898372,7.6,9.0
56037,WY,Sweetwater,20.37579042,10.0,5.0
56039,WY,Teton,61.21971596,6.2,7.0
56041,WY,Uinta,21.31919026,10.3,7.0
56043,WY,Washakie,22.03235775,12.3,9.0
56045,WY,Weston,18.04347826,11.4,9.0
